사고번호,사고일시,요일,시군구,사고내용,사망자수,중상자수,경상자수,부상신고자수,사고유형,법규위반,노면상태,기상상태,도로형태,가해운전자 차종,가해운전자 성별,가해운전자 연령,가해운전자 상해정도,피해운전자 차종,피해운전자 성별,피해운전자 연령,피해운전자 상해정도
2023011800100201,2023년 1월 18일 12시,수요일,강원도 태백시 황지동,경상사고,0,0,1,0,차대차 - 기타,안전운전불이행,건조,맑음,교차로 - 교차로부근,승합,남,48세,상해없음,승용,남,73세,상해없음
2023011800100263,2023년 1월 18일 14시,수요일,강원도 원주시 중앙동,경상사고,0,0,1,0,차대차 - 측면충돌,안전운전불이행,건조,맑음,기타 - 기타,화물,남,57세,상해없음,승용,여,52세,경상
2023011800100264,2023년 1월 18일 14시,수요일,강원도 평창군 대관령면,중상사고,0,1,1,0,차대차 - 측면충돌,중앙선침범,건조,맑음,단일로 - 지하차도(도로)내,승용,여,47세,경상,화물,남,68세,상해없음
2023011800100295,2023년 1월 18일 15시,수요일,강원도 원주시 흥업면,중상사고,0,2,1,0,차대차 - 측면충돌,안전거리미확보,건조,맑음,단일로 - 기타,승용,여,65세,중상,화물,남,25세,중상
2023011800100296,2023년 1월 18일 15시,수요일,강원도 횡성군 횡성읍,경상사고,0,0,1,0,차대차 - 기타,교차로운행방법위반,건조,맑음,교차로 - 교차로안,승용,남,63세,상해없음,이륜,남,23세,경상
2023011800100363,2023년 1월 18일 17시,수요일,강원도 춘천시 후평동,경상사고,0,0,1,0,차대사람 - 기타,안전운전불이행,건조,맑음,단일로 - 기타,승용,여,25세,상해없음,보행자,남,36세,경상
2023011800100364,2023년 1월 18일 17시,수요일,강원도 평창군 평창읍,경상사고,0,0,2,0,차대차 - 추돌,안전운전불이행,건조,맑음,단일로 - 지하차도(도로)내,승용,남,61세,상해없음,승용,여,49세,경상
2023011800100441,2023년 1월 18일 19시,수요일,강원도 춘천시 퇴계동,부상신고사고,0,0,0,1,차대사람 - 기타,안전운전불이행,서리/결빙,맑음,교차로 - 교차로부근,승용,남,56세,상해없음,보행자,남,28세,부상신고
2023011800100467,2023년 1월 18일 20시,수요일,강원도 영월군 영월읍,중상사고,0,1,0,0,차대사람 - 차도통행중,안전운전불이행,건조,맑음,교차로 - 교차로안,승용,남,71세,기타불명,보행자,여,17세,중상
2023011800100510,2023년 1월 18일 22시,수요일,강원도 원주시 단구동,중상사고,0,1,0,0,차대사람 - 기타,안전운전불이행,건조,흐림,단일로 - 기타,승용,남,41세,상해없음,보행자,남,37세,중상
2023011900100058,2023년 1월 19일 07시,목요일,강원도 원주시 문막읍,중상사고,0,1,0,0,차대차 - 측면충돌,교차로운행방법위반,건조,맑음,교차로 - 교차로안,승용,여,59세,상해없음,승용,남,71세,중상
2023011900100108,2023년 1월 19일 09시,목요일,강원도 영월군 영월읍,경상사고,0,0,1,0,차대차 - 측면충돌,교차로운행방법위반,건조,맑음,교차로 - 교차로안,승용,남,58세,상해없음,승용,남,41세,경상
2023011900100109,2023년 1월 19일 09시,목요일,강원도 고성군 거진읍,경상사고,0,0,1,0,차대차 - 측면충돌,중앙선침범,건조,맑음,단일로 - 기타,승용,남,61세,상해없음,승용,여,59세,경상
2023011900100110,2023년 1월 19일 09시,목요일,강원도 홍천군 화촌면,경상사고,0,0,3,0,차대차 - 추돌,안전운전불이행,건조,맑음,단일로 - 교량,승용,여,26세,상해없음,승용,남,57세,경상
2023011900100216,2023년 1월 19일 13시,목요일,강원도 고성군 간성읍,경상사고,0,0,1,0,차대차 - 측면충돌,직진우회전진행방해,건조,맑음,교차로 - 교차로안,승용,남,30세,상해없음,승용,남,35세,경상
2023011900100217,2023년 1월 19일 13시,목요일,강원도 동해시 천곡동,경상사고,0,0,1,0,차대차 - 추돌,안전운전불이행,건조,맑음,교차로 - 교차로안,승용,여,40세,상해없음,승용,남,65세,경상
2023011900100272,2023년 1월 19일 15시,목요일,강원도 춘천시 근화동,경상사고,0,0,1,0,차대사람 - 기타,안전운전불이행,건조,맑음,교차로 - 교차로부근,기타불명,기타불명,미분류,기타불명,보행자,남,44세,경상
2023011900100273,2023년 1월 19일 15시,목요일,강원도 춘천시 퇴계동,부상신고사고,0,0,0,1,차대차 - 측면충돌,안전거리미확보,건조,맑음,교차로 - 교차로부근,승용,남,75세,상해없음,승용,남,55세,부상신고
2023011900100274,2023년 1월 19일 15시,목요일,강원도 동해시 천곡동,경상사고,0,0,1,0,차대차 - 측면충돌,안전운전불이행,건조,맑음,교차로 - 교차로부근,승용,남,27세,상해없음,승용,여,45세,경상
2023011900100312,2023년 1월 19일 16시,목요일,강원도 평창군 봉평면,경상사고,0,0,1,0,차대차 - 정면충돌,안전운전불이행,서리/결빙,맑음,단일로 - 지하차도(도로)내,화물,남,26세,상해없음,화물,남,73세,경상
2023011900100389,2023년 1월 19일 18시,목요일,강원도 태백시 황지동,경상사고,0,0,2,0,차대차 - 측면충돌,안전운전불이행,건조,맑음,교차로 - 교차로안,화물,남,56세,상해없음,승용,여,19세,경상
2023011900100390,2023년 1월 19일 18시,목요일,강원도 인제군 인제읍,경상사고,0,0,1,0,차대사람 - 보도통행중,안전운전불이행,젖음/습기,맑음,교차로 - 교차로횡단보도내,화물,남,68세,상해없음,보행자,여,49세,경상
2023011900100550,2023년 1월 19일 23시,목요일,강원도 강릉시 노암동,경상사고,0,0,1,0,차대차 - 정면충돌,신호위반,건조,맑음,단일로 - 기타,승용,남,45세,상해없음,승용,남,52세,경상
2023012000100071,2023년 1월 20일 07시,금요일,강원도 철원군 갈말읍,중상사고,0,1,0,0,차대차 - 측면충돌,신호위반,적설,맑음,교차로 - 교차로안,승용,남,70세,상해없음,승용,여,61세,중상
2023012000100119,2023년 1월 20일 09시,금요일,강원도 춘천시 운교동,중상사고,0,1,1,1,차대사람 - 횡단중,신호위반,젖음/습기,맑음,교차로 - 교차로부근,승용,남,70세,상해없음,보행자,남,66세,중상
2023012000100156,2023년 1월 20일 10시,금요일,강원도 춘천시 효자동,중상사고,0,1,0,1,차대차 - 기타,안전운전불이행,건조,맑음,교차로 - 교차로부근,승용,여,44세,상해없음,승합,남,57세,상해없음
2023012000100157,2023년 1월 20일 10시,금요일,강원도 양양군 양양읍,경상사고,0,0,1,0,차대차 - 측면충돌,교차로운행방법위반,건조,맑음,교차로 - 교차로안,승용,여,52세,상해없음,승용,남,40세,경상
2023012000100158,2023년 1월 20일 10시,금요일,강원도 정선군 고한읍,경상사고,0,0,1,0,차대사람 - 기타,안전운전불이행,기타,맑음,교차로 - 교차로부근,화물,남,67세,상해없음,보행자,여,75세,경상
2023012000100235,2023년 1월 20일 12시,금요일,강원도 춘천시 효자동,경상사고,0,0,1,0,차대차 - 측면충돌,안전운전불이행,건조,맑음,교차로 - 교차로안,승용,여,74세,상해없음,승용,남,64세,경상
2023012000100312,2023년 1월 20일 14시,금요일,강원도 춘천시 후평동,경상사고,0,0,1,0,차대차 - 측면충돌,직진우회전진행방해,건조,맑음,교차로 - 교차로안,승용,남,37세,상해없음,승용,남,42세,경상
2023012000100313,2023년 1월 20일 14시,금요일,강원도 춘천시 교동,경상사고,0,0,1,0,차대차 - 측면충돌,안전운전불이행,건조,맑음,교차로 - 교차로안,승용,여,52세,상해없음,승용,여,61세,경상
2023012000100314,2023년 1월 20일 14시,금요일,강원도 원주시 봉산동,경상사고,0,0,1,0,차대차 - 측면충돌,안전운전불이행,건조,맑음,교차로 - 교차로안,승용,남,35세,기타불명,승용,여,47세,경상
2023012000100315,2023년 1월 20일 14시,금요일,강원도 원주시 명륜동,중상사고,0,1,0,0,차대사람 - 횡단중,신호위반,건조,맑음,교차로 - 교차로횡단보도내,승용,여,65세,상해없음,보행자,여,22세,중상
2023012000100364,2023년 1월 20일 15시,금요일,강원도 원주시 명륜동,경상사고,0,0,1,0,차대차 - 정면충돌,신호위반,건조,맑음,교차로 - 교차로안,승용,남,56세,상해없음,이륜,남,27세,경상
2023012000100424,2023년 1월 20일 16시,금요일,강원도 강릉시 주문진읍,중상사고,0,1,0,0,차대사람 - 횡단중,안전운전불이행,건조,맑음,교차로 - 교차로횡단보도내,승용,여,36세,상해없음,보행자,남,63세,중상
2023012000100425,2023년 1월 20일 16시,금요일,강원도 원주시 지정면,경상사고,0,0,1,0,차대차 - 추돌,안전운전불이행,건조,맑음,단일로 - 기타,승용,남,57세,상해없음,승용,남,40세,경상
2023012000100526,2023년 1월 20일 18시,금요일,강원도 강릉시 홍제동,경상사고,0,0,1,0,차대차 - 기타,안전운전불이행,건조,맑음,교차로 - 교차로안,승용,남,43세,기타불명,이륜,남,53세,경상
2023012000100527,2023년 1월 20일 18시,금요일,강원도 강릉시 안현동,중상사고,0,1,2,0,차대차 - 측면충돌,안전운전불이행,건조,맑음,교차로 - 교차로안,승용,남,37세,상해없음,승용,남,55세,경상
2023012000100528,2023년 1월 20일 18시,금요일,강원도 원주시 무실동,경상사고,0,0,1,0,차대사람 - 기타,안전운전불이행,건조,맑음,기타 - 기타,승합,여,63세,기타불명,보행자,남,47세,경상
2023012000100529,2023년 1월 20일 18시,금요일,강원도 영월군 영월읍,중상사고,0,1,0,0,차대차 - 측면충돌,안전운전불이행,젖음/습기,흐림,단일로 - 기타,승용,남,41세,기타불명,승용,여,61세,중상
2023012000100530,2023년 1월 20일 18시,금요일,강원도 화천군 간동면,경상사고,0,0,1,0,차대차 - 추돌,안전운전불이행,건조,맑음,단일로 - 기타,화물,여,62세,상해없음,화물,남,60세,경상
2023012000100531,2023년 1월 20일 18시,금요일,강원도 원주시 지정면,경상사고,0,0,2,0,차대차 - 추돌,기타,건조,맑음,단일로 - 기타,승용,남,30세,상해없음,승용,남,27세,경상
2023012000100625,2023년 1월 20일 20시,금요일,강원도 춘천시 후평동,중상사고,0,1,0,0,차대차 - 측면충돌,안전운전불이행,건조,맑음,교차로 - 교차로안,승용,남,63세,상해없음,이륜,남,56세,중상
2023012100100073,2023년 1월 21일 08시,토요일,강원도 강릉시 죽헌동,사망사고,1,0,0,0,차대사람 - 보도통행중,안전운전불이행,건조,맑음,단일로 - 기타,승용,여,57세,상해없음,보행자,여,81세,사망
2023012100100114,2023년 1월 21일 10시,토요일,강원도 속초시 교동,경상사고,0,0,3,0,차대차 - 추돌,안전운전불이행,건조,맑음,교차로 - 교차로안,화물,남,48세,상해없음,승용,남,40세,경상
2023012100100228,2023년 1월 21일 14시,토요일,강원도 춘천시 신동면,경상사고,0,0,2,0,차대차 - 기타,중앙선침범,건조,맑음,기타 - 기타,승용,남,33세,상해없음,승용,남,30세,경상
2023012100100250,2023년 1월 21일 15시,토요일,강원도 원주시 무실동,경상사고,0,0,1,0,차대차 - 측면충돌,안전운전불이행,건조,맑음,단일로 - 기타,승용,여,49세,상해없음,승용,여,65세,경상
2023012100100251,2023년 1월 21일 15시,토요일,강원도 삼척시 도계읍,경상사고,0,0,1,0,차대사람 - 기타,안전운전불이행,건조,맑음,주차장 - 주차장,승용,여,21세,상해없음,보행자,남,47세,경상
2023012100100252,2023년 1월 21일 15시,토요일,강원도 고성군 토성면,경상사고,0,0,1,0,차대사람 - 기타,안전운전불이행,서리/결빙,맑음,단일로 - 기타,승용,남,66세,상해없음,보행자,남,40세,경상
2023012100100269,2023년 1월 21일 16시,토요일,강원도 원주시 개운동,경상사고,0,0,1,0,차대차 - 측면충돌,신호위반,건조,맑음,교차로 - 교차로안,화물,남,81세,상해없음,승용,남,50세,경상
2023012100100337,2023년 1월 21일 19시,토요일,강원도 동해시 천곡동,경상사고,0,0,4,0,차대차 - 기타,교차로운행방법위반,건조,맑음,교차로 - 교차로안,승용,남,66세,상해없음,승용,여,62세,경상
2023012100100360,2023년 1월 21일 20시,토요일,강원도 횡성군 안흥면,경상사고,0,0,3,0,차대차 - 측면충돌,안전운전불이행,건조,맑음,단일로 - 기타,승용,남,31세,상해없음,승용,남,25세,경상
2023012100100376,2023년 1월 21일 21시,토요일,강원도 삼척시 남양동,경상사고,0,0,1,0,차대차 - 기타,안전운전불이행,건조,맑음,교차로 - 교차로안,승용,남,74세,상해없음,승용,남,45세,경상
2023012200100042,2023년 1월 22일 07시,일요일,강원도 춘천시 동내면,경상사고,0,0,1,0,차대차 - 측면충돌,안전거리미확보,건조,맑음,단일로 - 기타,승용,여,52세,상해없음,승용,남,64세,경상
2023012200100052,2023년 1월 22일 10시,일요일,강원도 원주시 무실동,경상사고,0,0,1,0,차대차 - 측면충돌,신호위반,건조,맑음,교차로 - 교차로안,승용,여,31세,상해없음,승용,남,54세,상해없음
2023012200100053,2023년 1월 22일 10시,일요일,강원도 양양군 강현면,경상사고,0,0,2,0,차대차 - 측면충돌,안전운전불이행,건조,맑음,단일로 - 기타,승용,남,56세,상해없음,승용,여,37세,경상
2023012200100054,2023년 1월 22일 10시,일요일,강원도 영월군 영월읍,경상사고,0,0,4,0,차대차 - 측면충돌,안전거리미확보,건조,맑음,단일로 - 기타,승용,남,71세,상해없음,승용,남,56세,경상
2023012200100073,2023년 1월 22일 11시,일요일,강원도 춘천시 서면,경상사고,0,0,4,0,차대차 - 기타,안전운전불이행,건조,맑음,단일로 - 기타,승용,남,48세,상해없음,승용,여,31세,경상
2023012200100093,2023년 1월 22일 12시,일요일,강원도 강릉시 옥계면,경상사고,0,0,1,0,차대차 - 기타,신호위반,건조,맑음,교차로 - 교차로안,승용,남,35세,상해없음,승용,남,44세,경상
2023012200100094,2023년 1월 22일 12시,일요일,강원도 원주시 무실동,경상사고,0,0,3,0,차대차 - 추돌,안전거리미확보,건조,맑음,교차로 - 교차로부근,승합,남,63세,상해없음,승용,남,68세,경상
2023012200100095,2023년 1월 22일 12시,일요일,강원도 평창군 용평면,경상사고,0,0,2,0,차량단독 - 도로외이탈 - 추락,안전운전불이행,건조,맑음,단일로 - 지하차도(도로)내,승용,남,60세,경상,,,,
2023012200100117,2023년 1월 22일 13시,일요일,강원도 원주시 문막읍,경상사고,0,0,1,0,차대차 - 추돌,안전운전불이행,건조,맑음,단일로 - 기타,승용,남,61세,상해없음,승용,남,28세,경상
2023012200100184,2023년 1월 22일 17시,일요일,강원특별자치도 원주시 무실동,경상사고,0,0,3,0,차대차 - 측면충돌,교차로운행방법위반,건조,흐림,단일로 - 기타,승합,남,59세,상해없음,승용,여,46세,경상
2023012200100277,2023년 1월 22일 23시,일요일,강원도 영월군 영월읍,부상신고사고,0,0,0,1,차대사람 - 기타,안전운전불이행,건조,맑음,기타 - 기타,승용,남,31세,기타불명,보행자,남,53세,부상신고
2023012300100057,2023년 1월 23일 09시,월요일,강원도 횡성군 우천면,경상사고,0,0,2,0,차대차 - 측면충돌,중앙선침범,건조,맑음,단일로 - 기타,화물,남,72세,상해없음,승용,남,44세,경상
2023012300100086,2023년 1월 23일 11시,월요일,강원도 춘천시 퇴계동,경상사고,0,0,1,0,차대차 - 측면충돌,직진우회전진행방해,건조,맑음,교차로 - 교차로안,화물,남,73세,상해없음,승용,남,21세,경상
2023012300100087,2023년 1월 23일 11시,월요일,강원도 원주시 태장동,중상사고,0,1,0,0,차대사람 - 횡단중,보행자보호의무위반,건조,맑음,교차로 - 교차로횡단보도내,승용,여,69세,상해없음,보행자,여,82세,중상
2023012300100088,2023년 1월 23일 11시,월요일,강원도 원주시 단구동,경상사고,0,0,1,0,차대차 - 측면충돌,신호위반,건조,맑음,교차로 - 교차로안,승용,남,65세,상해없음,승용,남,29세,경상
2023012300100132,2023년 1월 23일 13시,월요일,강원도 태백시 황지동,경상사고,0,0,1,0,차대차 - 측면충돌,안전거리미확보,건조,맑음,단일로 - 기타,승용,남,81세,상해없음,승용,여,36세,경상
2023012300100172,2023년 1월 23일 15시,월요일,강원도 원주시 소초면,경상사고,0,0,2,0,차대차 - 추돌,안전거리미확보,건조,맑음,단일로 - 기타,화물,남,31세,상해없음,승용,남,26세,경상
2023012300100173,2023년 1월 23일 15시,월요일,강원도 홍천군 홍천읍,경상사고,0,0,1,0,차대사람 - 차도통행중,안전운전불이행,젖음/습기,맑음,단일로 - 기타,승용,남,60세,상해없음,보행자,남,66세,경상
2023012300100196,2023년 1월 23일 16시,월요일,강원도 홍천군 홍천읍,중상사고,0,1,4,0,차대차 - 측면충돌,신호위반,건조,맑음,교차로 - 교차로안,승용,여,58세,경상,승용,남,43세,경상
2023012300100217,2023년 1월 23일 17시,월요일,강원도 원주시 태장동,경상사고,0,0,1,0,차대차 - 후진중충돌,안전거리미확보,건조,맑음,기타 - 기타,승용,남,61세,상해없음,이륜,남,16세,경상
2023012300100271,2023년 1월 23일 19시,월요일,강원도 화천군 간동면,경상사고,0,0,3,0,차대차 - 추돌,안전운전불이행,건조,맑음,단일로 - 기타,화물,남,66세,상해없음,승용,남,56세,경상
2023012300100329,2023년 1월 23일 22시,월요일,강원도 원주시 단계동,경상사고,0,0,1,0,차대사람 - 길가장자리구역통행중,안전운전불이행,건조,맑음,단일로 - 기타,승용,남,25세,상해없음,보행자,남,31세,경상
2023012300100330,2023년 1월 23일 22시,월요일,강원도 원주시 문막읍,경상사고,0,0,4,0,차대차 - 측면충돌,안전운전불이행,건조,맑음,단일로 - 기타,화물,남,48세,경상,승용,남,56세,경상
2023012300100344,2023년 1월 23일 23시,월요일,강원도 원주시 일산동,경상사고,0,0,2,0,차대차 - 후진중충돌,안전운전불이행,건조,맑음,교차로 - 교차로부근,승용,남,43세,상해없음,승용,여,37세,경상
2023012400100015,2023년 1월 24일 01시,화요일,강원도 춘천시 효자동,경상사고,0,0,1,0,차대차 - 기타,신호위반,건조,맑음,교차로 - 교차로안,기타불명,기타불명,미분류,기타불명,승용,남,61세,경상
2023012400100056,2023년 1월 24일 09시,화요일,강원도 원주시 우산동,경상사고,0,0,4,0,차대차 - 추돌,안전운전불이행,건조,맑음,단일로 - 기타,승용,남,27세,상해없음,승용,남,52세,경상
2023012400100098,2023년 1월 24일 12시,화요일,강원도 정선군 임계면,중상사고,0,1,1,0,차대차 - 기타,중앙선침범,기타,맑음,기타 - 기타,승용,여,57세,상해없음,승용,남,72세,경상
2023012400100099,2023년 1월 24일 12시,화요일,강원도 동해시 효가동,경상사고,0,0,1,0,차대차 - 후진중충돌,안전운전불이행,건조,맑음,단일로 - 기타,승용,남,56세,상해없음,승용,여,45세,경상
2023012400100122,2023년 1월 24일 13시,화요일,강원도 속초시 조양동,중상사고,0,1,0,0,차대차 - 측면충돌,안전운전불이행,건조,맑음,단일로 - 기타,승용,여,41세,상해없음,승용,여,51세,중상
2023012400100228,2023년 1월 24일 18시,화요일,강원도 강릉시 노암동,경상사고,0,0,1,0,차량단독 - 공작물충돌,안전운전불이행,건조,맑음,교차로 - 교차로부근,승용,남,65세,상해없음,,,,
2023012400100229,2023년 1월 24일 18시,화요일,강원도 원주시 개운동,경상사고,0,0,3,0,차대차 - 측면충돌,안전운전불이행,건조,맑음,교차로 - 교차로안,화물,남,49세,기타불명,승용,남,47세,경상
2023012500100059,2023년 1월 25일 08시,수요일,강원도 홍천군 화촌면,부상신고사고,0,0,0,1,차대차 - 추돌,차로위반,건조,맑음,단일로 - 교량,승용,남,56세,상해없음,승용,여,43세,부상신고
2023012500100087,2023년 1월 25일 09시,수요일,강원도 춘천시 퇴계동,경상사고,0,0,1,0,차대차 - 추돌,안전거리미확보,건조,맑음,교차로 - 교차로부근,승용,여,65세,상해없음,승용,남,43세,경상
2023012500100088,2023년 1월 25일 09시,수요일,강원도 강릉시 강동면,사망사고,1,0,0,0,차대차 - 추돌,안전운전불이행,건조,맑음,단일로 - 기타,이륜,남,65세,사망,승용,남,63세,기타불명
2023012500100140,2023년 1월 25일 11시,수요일,강원도 영월군 영월읍,경상사고,0,0,1,2,차대차 - 측면충돌,기타,건조,맑음,교차로 - 교차로안,승용,남,45세,부상신고,승용,여,27세,경상
2023012500100164,2023년 1월 25일 12시,수요일,강원도 춘천시 후평동,경상사고,0,0,1,0,차대사람 - 기타,안전운전불이행,건조,맑음,교차로 - 교차로부근,화물,남,51세,상해없음,보행자,여,27세,경상
2023012500100165,2023년 1월 25일 12시,수요일,강원도 원주시 문막읍,경상사고,0,0,1,0,차대차 - 측면충돌,교차로운행방법위반,건조,맑음,교차로 - 교차로부근,화물,남,58세,상해없음,승용,남,53세,상해없음
2023012500100166,2023년 1월 25일 12시,수요일,강원도 원주시 단계동,경상사고,0,0,2,0,차대차 - 측면충돌,교차로운행방법위반,건조,맑음,단일로 - 기타,승용,남,77세,상해없음,승용,남,67세,경상
2023012500100167,2023년 1월 25일 12시,수요일,강원도 원주시 무실동,경상사고,0,0,2,0,차대차 - 추돌,안전운전불이행,건조,맑음,단일로 - 기타,승용,여,45세,상해없음,승용,남,66세,경상
2023012500100200,2023년 1월 25일 13시,수요일,강원도 춘천시 중앙로2가,부상신고사고,0,0,0,1,차대차 - 기타,차로위반,건조,맑음,단일로 - 기타,승용,여,62세,상해없음,승합,남,28세,상해없음
2023012500100201,2023년 1월 25일 13시,수요일,강원도 영월군 한반도면,중상사고,0,1,2,1,차대차 - 측면충돌,교차로운행방법위반,건조,맑음,교차로 - 교차로안,승합,남,73세,상해없음,승용,남,74세,중상
2023012500100223,2023년 1월 25일 14시,수요일,강원도 영월군 영월읍,부상신고사고,0,0,0,1,차대차 - 측면충돌,직진우회전진행방해,건조,맑음,교차로 - 교차로안,승용,여,54세,상해없음,이륜,남,18세,부상신고
2023012500100224,2023년 1월 25일 14시,수요일,강원도 태백시 문곡동,경상사고,0,0,1,0,차대차 - 추돌,안전운전불이행,건조,맑음,교차로 - 교차로부근,승용,남,41세,상해없음,승용,남,54세,경상
2023012500100263,2023년 1월 25일 15시,수요일,강원도 원주시 단계동,경상사고,0,0,1,0,차대사람 - 기타,안전운전불이행,건조,맑음,단일로 - 기타,승용,남,38세,상해없음,보행자,여,49세,경상
2023012500100334,2023년 1월 25일 17시,수요일,강원도 춘천시 동면,경상사고,0,0,1,0,차대사람 - 기타,안전운전불이행,건조,맑음,교차로 - 교차로안,승용,남,27세,상해없음,보행자,여,62세,경상
2023012500100443,2023년 1월 25일 22시,수요일,강원도 삼척시 마달동,경상사고,0,0,2,0,차대차 - 정면충돌,직진우회전진행방해,건조,맑음,교차로 - 교차로안,승용,남,39세,경상,승용,남,57세,경상
2023012600100095,2023년 1월 26일 10시,목요일,강원도 강릉시 노암동,사망사고,1,0,0,0,차량단독 - 공작물충돌,안전운전불이행,건조,흐림,기타 - 기타,승용,남,61세,기타불명,,,,
2023012600100096,2023년 1월 26일 10시,목요일,강원도 양양군 서면,사망사고,1,0,0,0,차대차 - 측면충돌,안전운전불이행,건조,맑음,교차로 - 교차로안,화물,남,20세,상해없음,이륜,남,75세,사망
2023012600100129,2023년 1월 26일 12시,목요일,강원도 평창군 대화면,경상사고,0,0,2,0,차대차 - 측면충돌,교차로운행방법위반,적설,흐림,단일로 - 지하차도(도로)내,승용,남,39세,경상,승용,남,50세,경상
2023012600100158,2023년 1월 26일 14시,목요일,강원도 원주시 단구동,경상사고,0,0,3,0,차대차 - 추돌,안전거리미확보,서리/결빙,흐림,교차로 - 교차로안,승용,남,33세,상해없음,승용,남,31세,경상
2023012600100181,2023년 1월 26일 15시,목요일,강원도 속초시 교동,경상사고,0,0,1,3,차대차 - 측면충돌,안전운전불이행,건조,맑음,교차로 - 교차로안,승용,여,55세,상해없음,승용,남,67세,경상
2023012600100182,2023년 1월 26일 15시,목요일,강원도 횡성군 둔내면,경상사고,0,0,4,0,차대차 - 측면충돌,안전운전불이행,젖음/습기,기타,단일로 - 기타,화물,남,63세,상해없음,승용,남,46세,경상
2023012600100210,2023년 1월 26일 16시,목요일,강원도 원주시 인동,경상사고,0,0,3,0,차대차 - 측면충돌,차로위반,적설,기타,단일로 - 기타,승합,남,57세,기타불명,승용,남,26세,경상
2023012600100211,2023년 1월 26일 16시,목요일,강원도 삼척시 남양동,경상사고,0,0,1,0,차대차 - 측면충돌,안전운전불이행,건조,맑음,교차로 - 교차로안,승용,여,48세,상해없음,승용,남,32세,경상
2023012600100212,2023년 1월 26일 16시,목요일,강원도 고성군 간성읍,경상사고,0,0,1,0,차대차 - 추돌,중앙선침범,건조,맑음,단일로 - 기타,승용,남,61세,상해없음,승용,여,53세,경상
2023012600100299,2023년 1월 26일 20시,목요일,강원도 춘천시 동내면,경상사고,0,0,1,0,차대차 - 측면충돌,신호위반,건조,맑음,교차로 - 교차로안,승용,남,66세,상해없음,화물,남,32세,경상
2023012600100300,2023년 1월 26일 20시,목요일,강원도 원주시 행구동,경상사고,0,0,1,0,차대차 - 추돌,안전거리미확보,적설,흐림,교차로 - 교차로부근,승용,여,64세,상해없음,승용,남,39세,경상
2023012600100318,2023년 1월 26일 21시,목요일,강원도 춘천시 후평동,경상사고,0,0,1,0,차대차 - 기타,안전운전불이행,건조,맑음,교차로 - 교차로안,승용,여,25세,상해없음,이륜,남,42세,경상
2023012600100330,2023년 1월 26일 22시,목요일,강원도 양양군 양양읍,중상사고,0,1,0,0,차대사람 - 차도통행중,안전거리미확보,젖음/습기,맑음,단일로 - 지하차도(도로)내,승용,남,61세,상해없음,보행자,여,20세,중상
2023012600100331,2023년 1월 26일 22시,목요일,강원도 속초시 조양동,경상사고,0,0,4,0,차대차 - 측면충돌,안전운전불이행,건조,맑음,단일로 - 기타,승용,남,40세,상해없음,승용,남,27세,경상
2023012700100019,2023년 1월 27일 03시,금요일,강원도 원주시 단계동,중상사고,0,1,0,0,차대차 - 측면충돌,교차로운행방법위반,건조,맑음,교차로 - 교차로안,승용,남,36세,상해없음,승용,여,25세,중상
2023012700100040,2023년 1월 27일 06시,금요일,강원도 강릉시 주문진읍,경상사고,0,0,1,0,차대차 - 측면충돌,신호위반,건조,맑음,교차로 - 교차로안,승용,남,48세,상해없음,승용,남,73세,경상
2023012700100059,2023년 1월 27일 07시,금요일,강원도 춘천시 후평동,중상사고,0,1,0,0,차대사람 - 기타,안전운전불이행,젖음/습기,흐림,교차로 - 교차로부근,승용,남,48세,상해없음,보행자,여,63세,중상
2023012700100200,2023년 1월 27일 12시,금요일,강원도 춘천시 효자동,경상사고,0,0,1,0,차대차 - 기타,안전운전불이행,건조,맑음,단일로 - 기타,승용,남,56세,상해없음,승용,남,48세,경상
2023012700100228,2023년 1월 27일 13시,금요일,강원도 평창군 진부면,경상사고,0,0,1,0,차대차 - 측면충돌,안전운전불이행,서리/결빙,맑음,단일로 - 지하차도(도로)내,화물,남,77세,상해없음,승용,남,46세,경상
2023012700100267,2023년 1월 27일 14시,금요일,강원도 원주시 개운동,경상사고,0,0,1,0,차대차 - 기타,신호위반,건조,맑음,교차로 - 교차로안,승용,남,80세,상해없음,승용,여,49세,경상
2023012700100268,2023년 1월 27일 14시,금요일,강원도 원주시 반곡동,경상사고,0,0,1,0,차대차 - 기타,교차로운행방법위반,건조,맑음,교차로 - 교차로안,승용,남,48세,상해없음,이륜,남,25세,경상
2023012700100292,2023년 1월 27일 15시,금요일,강원도 강릉시 홍제동,경상사고,0,0,1,0,차대사람 - 횡단중,신호위반,건조,맑음,교차로 - 교차로횡단보도내,승용,남,71세,상해없음,보행자,여,19세,경상
2023012700100293,2023년 1월 27일 15시,금요일,강원도 원주시 문막읍,경상사고,0,0,3,0,차대차 - 측면충돌,안전운전불이행,건조,맑음,교차로 - 교차로부근,화물,남,80세,상해없음,승용,남,77세,경상