사고번호,사고일시,요일,시군구,사고내용,사망자수,중상자수,경상자수,부상신고자수,사고유형,법규위반,노면상태,기상상태,도로형태,가해운전자 차종,가해운전자 성별,가해운전자 연령,가해운전자 상해정도,피해운전자 차종,피해운전자 성별,피해운전자 연령,피해운전자 상해정도
2023012700100327,2023년 1월 27일 16시,금요일,강원도 춘천시 석사동,경상사고,0,0,2,3,차대차 - 기타,신호위반,건조,맑음,교차로 - 교차로안,승용,여,42세,경상,승합,여,47세,경상
2023012700100328,2023년 1월 27일 16시,금요일,강원도 춘천시 온의동,중상사고,0,1,0,0,차대사람 - 기타,안전운전불이행,건조,맑음,단일로 - 기타,승용,여,35세,상해없음,보행자,여,78세,중상
2023012700100329,2023년 1월 27일 16시,금요일,강원도 춘천시 석사동,경상사고,0,0,2,0,차대차 - 후진중충돌,안전운전불이행,젖음/습기,맑음,단일로 - 기타,승용,여,42세,상해없음,승용,남,59세,경상
2023012700100423,2023년 1월 27일 18시,금요일,강원도 강릉시 사천면,경상사고,0,0,2,0,차대차 - 기타,안전운전불이행,건조,맑음,주차장 - 주차장,승용,남,61세,상해없음,승용,여,44세,경상
2023012700100424,2023년 1월 27일 18시,금요일,강원도 원주시 호저면,경상사고,0,0,1,0,차대차 - 측면충돌,안전운전불이행,건조,맑음,단일로 - 기타,승용,남,59세,상해없음,승용,남,24세,경상
2023012700100485,2023년 1월 27일 20시,금요일,강원도 원주시 단계동,경상사고,0,0,2,0,차대차 - 추돌,안전운전불이행,건조,맑음,단일로 - 기타,승용,남,25세,상해없음,승용,남,65세,경상
2023012700100518,2023년 1월 27일 21시,금요일,강원도 원주시 단구동,경상사고,0,0,1,0,차대차 - 측면충돌,교차로운행방법위반,건조,맑음,교차로 - 교차로안,이륜,남,47세,상해없음,승용,여,48세,경상
2023012700100519,2023년 1월 27일 21시,금요일,강원도 삼척시 정상동,경상사고,0,0,1,0,차대사람 - 횡단중,보행자보호의무위반,건조,맑음,교차로 - 교차로횡단보도내,승용,남,67세,상해없음,보행자,남,42세,경상
2023012700100566,2023년 1월 27일 23시,금요일,강원도 속초시 조양동,중상사고,0,1,1,0,차대차 - 측면충돌,중앙선침범,건조,흐림,교차로 - 교차로부근,승용,남,46세,상해없음,승용,여,60세,중상
2023012800100056,2023년 1월 28일 06시,토요일,강원도 춘천시 후평동,부상신고사고,0,0,0,2,차대차 - 측면충돌,안전거리미확보,건조,맑음,기타 - 기타,승용,여,65세,부상신고,승용,여,41세,부상신고
2023012800100203,2023년 1월 28일 13시,토요일,강원도 양구군 양구읍,중상사고,0,1,0,1,차대차 - 측면충돌,직진우회전진행방해,건조,맑음,교차로 - 교차로안,승용,남,30세,상해없음,승용,남,65세,중상
2023012800100245,2023년 1월 28일 15시,토요일,강원도 정선군 북평면,중상사고,0,3,3,0,차대차 - 기타,기타,건조,맑음,교차로 - 교차로안,승용,남,38세,경상,승용,남,33세,중상
2023012800100246,2023년 1월 28일 15시,토요일,강원도 철원군 갈말읍,경상사고,0,0,1,0,차대차 - 측면충돌,안전운전불이행,건조,맑음,교차로 - 교차로부근,화물,남,38세,상해없음,승용,남,51세,경상
2023012800100277,2023년 1월 28일 16시,토요일,강원도 횡성군 둔내면,중상사고,0,1,0,0,차대사람 - 차도통행중,안전운전불이행,건조,맑음,단일로 - 기타,화물,남,52세,상해없음,보행자,여,86세,중상
2023012800100347,2023년 1월 28일 18시,토요일,강원도 원주시 단계동,중상사고,0,1,5,0,차대차 - 추돌,안전거리미확보,건조,흐림,기타 - 기타,승용,남,45세,중상,승용,여,41세,경상
2023012800100385,2023년 1월 28일 19시,토요일,강원도 삼척시 도계읍,경상사고,0,0,1,0,차량단독 - 기타,안전운전불이행,침수,맑음,단일로 - 기타,사륜오토바이(ATV),남,79세,경상,,,,
2023012800100412,2023년 1월 28일 20시,토요일,강원도 속초시 교동,경상사고,0,0,3,0,차대차 - 측면충돌,신호위반,건조,맑음,교차로 - 교차로안,승용,남,22세,상해없음,승용,여,57세,경상
2023012800100444,2023년 1월 28일 22시,토요일,강원도 춘천시 석사동,경상사고,0,0,2,0,차대차 - 추돌,직진우회전진행방해,건조,맑음,교차로 - 교차로안,승용,여,37세,경상,승용,남,30세,상해없음
2023012800100445,2023년 1월 28일 22시,토요일,강원도 속초시 청호동,중상사고,0,1,0,0,차대차 - 측면충돌,중앙선침범,건조,맑음,단일로 - 교량,승용,여,57세,상해없음,승용,남,48세,중상
2023012900100037,2023년 1월 29일 04시,일요일,강원도 강릉시 교동,경상사고,0,0,1,0,차대차 - 기타,신호위반,건조,맑음,교차로 - 교차로안,승용,여,49세,상해없음,승용,남,62세,경상
2023012900100078,2023년 1월 29일 09시,일요일,강원도 원주시 우산동,경상사고,0,0,2,0,차대차 - 추돌,안전운전불이행,건조,맑음,교차로 - 교차로부근,승용,남,22세,상해없음,승용,남,29세,경상
2023012900100108,2023년 1월 29일 11시,일요일,강원도 원주시 학성동,중상사고,0,1,0,0,차대차 - 측면충돌,안전거리미확보,건조,맑음,단일로 - 기타,승용,남,60세,상해없음,승용,여,44세,중상
2023012900100201,2023년 1월 29일 15시,일요일,강원도 원주시 단계동,경상사고,0,0,1,0,차대사람 - 기타,안전운전불이행,건조,흐림,교차로 - 교차로안,승합,남,56세,상해없음,보행자,여,20세,경상
2023012900100257,2023년 1월 29일 18시,일요일,강원도 춘천시 석사동,경상사고,0,0,4,0,차대차 - 측면충돌,안전운전불이행,젖음/습기,흐림,단일로 - 기타,승용,남,50세,상해없음,승용,여,41세,경상
2023012900100258,2023년 1월 29일 18시,일요일,강원도 춘천시 동내면,경상사고,0,0,1,0,차대차 - 기타,교차로운행방법위반,적설,흐림,교차로 - 교차로안,승용,남,23세,상해없음,승용,남,63세,경상
2023012900100259,2023년 1월 29일 18시,일요일,강원도 동해시 부곡동,경상사고,0,0,1,0,차대차 - 기타,안전운전불이행,건조,맑음,단일로 - 기타,승용,남,56세,상해없음,자전거,남,75세,경상
2023012900100337,2023년 1월 29일 21시,일요일,강원도 속초시 대포동,중상사고,0,1,0,0,차대차 - 측면충돌,안전운전불이행,건조,맑음,단일로 - 기타,승용,여,39세,상해없음,이륜,남,26세,중상
2023013000100086,2023년 1월 30일 08시,월요일,강원도 동해시 천곡동,경상사고,0,0,1,0,차대차 - 기타,안전운전불이행,건조,맑음,단일로 - 기타,승용,여,56세,상해없음,승용,남,30세,경상
2023013000100121,2023년 1월 30일 09시,월요일,강원도 강릉시 임당동,중상사고,0,1,0,0,차대차 - 측면충돌,신호위반,건조,맑음,교차로 - 교차로안,승용,남,61세,기타불명,승용,남,65세,중상
2023013000100122,2023년 1월 30일 09시,월요일,강원도 원주시 지정면,중상사고,0,1,1,0,차대차 - 측면충돌,중앙선침범,건조,맑음,단일로 - 기타,화물,남,59세,기타불명,승용,남,65세,중상
2023013000100123,2023년 1월 30일 09시,월요일,강원도 영월군 주천면,경상사고,0,0,1,1,차대차 - 측면충돌,직진우회전진행방해,젖음/습기,맑음,교차로 - 교차로안,화물,남,68세,부상신고,화물,여,53세,경상
2023013000100184,2023년 1월 30일 11시,월요일,강원도 고성군 간성읍,경상사고,0,0,2,0,차대차 - 측면충돌,기타,건조,맑음,교차로 - 교차로부근,승용,남,63세,상해없음,승용,남,34세,경상
2023013000100212,2023년 1월 30일 12시,월요일,강원도 원주시 무실동,경상사고,0,0,1,0,차대차 - 측면충돌,직진우회전진행방해,건조,맑음,교차로 - 교차로안,화물,남,34세,상해없음,이륜,남,36세,경상
2023013000100213,2023년 1월 30일 12시,월요일,강원도 인제군 기린면,사망사고,1,0,0,0,차량단독 - 공작물충돌,기타,건조,맑음,단일로 - 기타,승용,남,50세,사망,,,,
2023013000100282,2023년 1월 30일 14시,월요일,강원도 춘천시 석사동,중상사고,0,1,0,0,차대사람 - 횡단중,안전운전불이행,건조,맑음,교차로 - 교차로횡단보도내,승용,여,64세,상해없음,보행자,여,63세,중상
2023013000100283,2023년 1월 30일 14시,월요일,강원도 속초시 조양동,경상사고,0,0,1,0,차대사람 - 기타,안전운전불이행,건조,맑음,기타 - 기타,승용,남,49세,상해없음,보행자,남,46세,경상
2023013000100284,2023년 1월 30일 14시,월요일,강원도 속초시 동명동,경상사고,0,0,1,0,차대차 - 측면충돌,안전운전불이행,건조,맑음,교차로 - 교차로안,화물,남,72세,상해없음,승용,여,26세,경상
2023013000100321,2023년 1월 30일 15시,월요일,강원도 동해시 천곡동,경상사고,0,0,1,0,차대차 - 측면충돌,신호위반,건조,맑음,단일로 - 기타,승용,여,68세,상해없음,승용,여,67세,경상
2023013000100359,2023년 1월 30일 16시,월요일,강원도 원주시 무실동,중상사고,0,2,0,0,차대차 - 기타,불법유턴,건조,맑음,단일로 - 기타,승용,여,42세,상해없음,승용,남,50세,중상
2023013000100360,2023년 1월 30일 16시,월요일,강원도 원주시 단구동,경상사고,0,0,1,0,차대차 - 추돌,안전운전불이행,건조,맑음,단일로 - 기타,승용,남,65세,상해없음,화물,남,53세,경상
2023013000100361,2023년 1월 30일 16시,월요일,강원도 원주시 일산동,경상사고,0,0,1,0,차대사람 - 보도통행중,안전운전불이행,건조,맑음,교차로 - 교차로횡단보도내,승용,남,79세,상해없음,보행자,남,62세,경상
2023013000100436,2023년 1월 30일 18시,월요일,강원도 원주시 지정면,경상사고,0,0,1,0,차대차 - 기타,안전운전불이행,건조,맑음,단일로 - 기타,승용,남,26세,상해없음,승용,여,27세,경상
2023013000100437,2023년 1월 30일 18시,월요일,강원도 원주시 단구동,경상사고,0,0,1,0,차대차 - 기타,신호위반,건조,맑음,단일로 - 기타,승용,남,76세,상해없음,승용,남,56세,경상
2023013000100438,2023년 1월 30일 18시,월요일,강원도 정선군 고한읍,경상사고,0,0,2,0,차대차 - 기타,불법유턴,건조,맑음,교차로 - 교차로안,승용,남,41세,경상,화물,남,55세,경상
2023013000100518,2023년 1월 30일 21시,월요일,강원도 원주시 반곡동,경상사고,0,0,1,0,차대차 - 측면충돌,기타,건조,흐림,교차로 - 교차로안,승용,남,30세,상해없음,승용,남,47세,경상
2023013100100094,2023년 1월 31일 08시,화요일,강원도 원주시 단구동,중상사고,0,2,0,0,차대차 - 측면충돌,신호위반,건조,맑음,교차로 - 교차로부근,승용,여,48세,상해없음,승용,여,62세,중상
2023013100100202,2023년 1월 31일 12시,화요일,강원도 강릉시 옥계면,경상사고,0,0,1,0,차대차 - 측면충돌,신호위반,건조,맑음,교차로 - 교차로안,승용,남,53세,기타불명,승용,남,49세,경상
2023013100100233,2023년 1월 31일 13시,화요일,강원도 원주시 판부면,중상사고,0,1,0,0,차대차 - 정면충돌,직진우회전진행방해,건조,맑음,교차로 - 교차로안,화물,남,69세,상해없음,승용,남,38세,중상
2023013100100338,2023년 1월 31일 16시,화요일,강원도 양양군 강현면,중상사고,0,2,0,0,차대차 - 추돌,안전운전불이행,서리/결빙,맑음,단일로 - 고가도로위,승용,남,69세,기타불명,승용,남,65세,중상
2023013100100424,2023년 1월 31일 18시,화요일,강원도 원주시 명륜동,중상사고,0,1,3,0,차대차 - 측면충돌,안전거리미확보,건조,맑음,교차로 - 교차로부근,승용,남,26세,상해없음,승용,남,25세,경상
2023013100100425,2023년 1월 31일 18시,화요일,강원도 원주시 학성동,경상사고,0,0,1,0,차대차 - 기타,직진우회전진행방해,건조,맑음,교차로 - 교차로안,승용,여,74세,기타불명,화물,남,63세,경상
2023013100100504,2023년 1월 31일 20시,화요일,강원도 원주시 우산동,경상사고,0,0,2,0,차대차 - 추돌,안전운전불이행,건조,맑음,교차로 - 교차로부근,승용,남,28세,상해없음,승용,남,53세,경상
2023013100100548,2023년 1월 31일 22시,화요일,강원도 속초시 대포동,경상사고,0,0,1,0,차대사람 - 기타,교차로운행방법위반,젖음/습기,흐림,교차로 - 교차로안,화물,여,57세,상해없음,보행자,남,56세,경상
2023020100100061,2023년 2월 1일 07시,수요일,강원도 원주시 단계동,중상사고,0,1,0,0,차대차 - 추돌,안전운전불이행,건조,맑음,단일로 - 기타,승용,남,22세,상해없음,승용,남,56세,상해없음
2023020100100136,2023년 2월 1일 10시,수요일,강원도 정선군 정선읍,경상사고,0,0,2,0,차대차 - 기타,교차로운행방법위반,기타,맑음,교차로 - 교차로안,승용,여,37세,상해없음,승합,남,61세,경상
2023020100100168,2023년 2월 1일 11시,수요일,강원도 정선군 사북읍,중상사고,0,1,0,0,차대사람 - 기타,안전운전불이행,서리/결빙,맑음,단일로 - 기타,승용,남,70세,상해없음,보행자,여,50세,중상
2023020100100228,2023년 2월 1일 13시,수요일,강원도 고성군 거진읍,중상사고,0,3,0,0,차대차 - 측면충돌,신호위반,건조,맑음,단일로 - 기타,승용,남,57세,상해없음,화물,남,76세,중상
2023020100100306,2023년 2월 1일 16시,수요일,강원도 화천군 간동면,경상사고,0,0,3,1,차대차 - 측면충돌,안전운전불이행,건조,맑음,단일로 - 기타,승합,남,78세,상해없음,승용,남,52세,경상
2023020100100392,2023년 2월 1일 18시,수요일,강원도 태백시 철암동,경상사고,0,0,1,0,차대차 - 측면충돌,안전운전불이행,건조,맑음,단일로 - 기타,승용,남,45세,상해없음,자전거,남,8세,경상
2023020100100435,2023년 2월 1일 19시,수요일,강원도 춘천시 온의동,중상사고,0,1,0,0,차대차 - 정면충돌,신호위반,건조,흐림,교차로 - 교차로안,승용,남,61세,기타불명,승용,남,29세,중상
2023020100100436,2023년 2월 1일 19시,수요일,강원도 횡성군 횡성읍,중상사고,0,1,0,0,차대사람 - 횡단중,안전운전불이행,건조,맑음,교차로 - 교차로안,원동기,남,29세,상해없음,보행자,남,65세,중상
2023020100100506,2023년 2월 1일 22시,수요일,강원도 인제군 서화면,경상사고,0,0,1,0,차대차 - 추돌,중앙선침범,건조,맑음,단일로 - 기타,화물,남,72세,상해없음,승용,여,30세,경상
2023020100100507,2023년 2월 1일 22시,수요일,강원도 동해시 이도동,경상사고,0,0,1,0,차대차 - 추돌,안전운전불이행,건조,맑음,교차로 - 교차로부근,승용,남,54세,상해없음,승합,남,43세,경상
2023020200100047,2023년 2월 2일 06시,목요일,강원도 원주시 무실동,경상사고,0,0,1,0,차대차 - 정면충돌,신호위반,건조,맑음,교차로 - 교차로안,승용,여,61세,기타불명,승용,남,41세,경상
2023020200100093,2023년 2월 2일 08시,목요일,강원도 화천군 상서면,경상사고,0,0,1,0,차대차 - 측면충돌,중앙선침범,건조,맑음,단일로 - 기타,승용,남,72세,상해없음,특수,남,44세,경상
2023020200100094,2023년 2월 2일 08시,목요일,강원도 화천군 하남면,경상사고,0,0,2,1,차대차 - 측면충돌,중앙선침범,기타,맑음,단일로 - 기타,화물,여,26세,부상신고,승용,남,35세,경상
2023020200100138,2023년 2월 2일 10시,목요일,강원도 춘천시 조양동,경상사고,0,0,1,0,차대사람 - 차도통행중,안전운전불이행,건조,맑음,단일로 - 기타,화물,남,63세,상해없음,보행자,여,24세,경상
2023020200100139,2023년 2월 2일 10시,목요일,강원도 춘천시 사북면,경상사고,0,0,1,0,차대차 - 측면충돌,안전운전불이행,건조,맑음,단일로 - 기타,승용,여,58세,상해없음,승합,남,58세,경상
2023020200100140,2023년 2월 2일 10시,목요일,강원도 원주시 무실동,중상사고,0,1,0,0,차대차 - 측면충돌,안전거리미확보,건조,맑음,단일로 - 기타,승용,여,62세,상해없음,승용,남,43세,중상
2023020200100141,2023년 2월 2일 10시,목요일,강원도 원주시 무실동,경상사고,0,0,1,0,차대차 - 후진중충돌,안전운전불이행,건조,맑음,주차장 - 주차장,승용,남,27세,상해없음,승용,남,35세,경상
2023020200100165,2023년 2월 2일 11시,목요일,강원도 춘천시 효자동,경상사고,0,0,3,1,차대차 - 기타,교차로운행방법위반,건조,맑음,교차로 - 교차로안,승용,여,58세,부상신고,승합,남,51세,경상
2023020200100242,2023년 2월 2일 14시,목요일,강원도 춘천시 온의동,경상사고,0,0,1,0,차대사람 - 횡단중,보행자보호의무위반,건조,맑음,교차로 - 교차로안,승용,여,66세,상해없음,보행자,남,67세,경상
2023020200100271,2023년 2월 2일 15시,목요일,강원도 원주시 지정면,경상사고,0,0,1,0,차대차 - 측면충돌,직진우회전진행방해,건조,맑음,교차로 - 교차로안,승용,여,47세,상해없음,승용,남,55세,경상
2023020200100272,2023년 2월 2일 15시,목요일,강원도 삼척시 남양동,경상사고,0,0,1,0,차대사람 - 기타,안전운전불이행,건조,맑음,단일로 - 기타,승용,여,62세,상해없음,보행자,여,55세,경상
2023020200100358,2023년 2월 2일 18시,목요일,강원도 원주시 명륜동,경상사고,0,0,1,0,차대차 - 추돌,안전거리미확보,건조,흐림,기타 - 기타,승용,여,55세,상해없음,이륜,남,44세,경상
2023020200100359,2023년 2월 2일 18시,목요일,강원도 홍천군 홍천읍,중상사고,0,1,0,0,차대사람 - 횡단중,보행자보호의무위반,건조,맑음,단일로 - 지하차도(도로)내,승용,여,64세,상해없음,보행자,여,63세,중상
2023020200100397,2023년 2월 2일 19시,목요일,강원도 원주시 문막읍,중상사고,0,1,0,0,차대차 - 정면충돌,신호위반,건조,맑음,교차로 - 교차로안,승용,남,31세,상해없음,승용,남,40세,중상
2023020200100428,2023년 2월 2일 20시,목요일,강원도 춘천시 석사동,중상사고,0,1,0,0,차대차 - 추돌,안전운전불이행,건조,흐림,교차로 - 교차로부근,승용,남,50세,상해없음,이륜,남,48세,중상
2023020200100429,2023년 2월 2일 20시,목요일,강원도 강릉시 홍제동,경상사고,0,0,1,0,차대차 - 측면충돌,신호위반,건조,맑음,교차로 - 교차로안,승용,남,49세,상해없음,승용,남,53세,경상
2023020200100430,2023년 2월 2일 20시,목요일,강원도 동해시 발한동,사망사고,1,0,0,0,차량단독 - 전도전복 - 전도,안전운전불이행,건조,맑음,교차로 - 교차로안,화물,남,61세,사망,,,,
2023020200100447,2023년 2월 2일 21시,목요일,강원도 원주시 무실동,중상사고,0,1,1,0,차대차 - 측면충돌,신호위반,건조,맑음,교차로 - 교차로안,승용,남,61세,상해없음,승용,여,34세,중상
2023020200100470,2023년 2월 2일 22시,목요일,강원도 춘천시 퇴계동,경상사고,0,0,2,0,차대사람 - 차도통행중,안전운전불이행,건조,맑음,단일로 - 기타,승용,남,24세,상해없음,보행자,남,56세,경상
2023020300100060,2023년 2월 3일 07시,금요일,강원도 횡성군 횡성읍,중상사고,0,1,0,0,차대사람 - 횡단중,안전운전불이행,건조,맑음,단일로 - 기타,승용,남,70세,상해없음,보행자,여,81세,중상
2023020300100156,2023년 2월 3일 11시,금요일,강원도 춘천시 소양로3가,경상사고,0,0,1,0,차대차 - 측면충돌,중앙선침범,건조,맑음,기타 - 기타,승용,여,38세,상해없음,이륜,남,26세,경상
2023020300100204,2023년 2월 3일 13시,금요일,강원도 원주시 중앙동,경상사고,0,0,1,0,차대차 - 측면충돌,안전운전불이행,건조,맑음,단일로 - 기타,승용,남,64세,상해없음,승용,남,63세,경상
2023020300100236,2023년 2월 3일 14시,금요일,강원도 원주시 학성동,경상사고,0,0,1,0,차대차 - 기타,직진우회전진행방해,건조,맑음,교차로 - 교차로안,승용,여,66세,상해없음,화물,남,59세,경상
2023020300100274,2023년 2월 3일 15시,금요일,강원도 원주시 단계동,경상사고,0,0,1,0,차대사람 - 기타,안전운전불이행,건조,맑음,기타 - 기타,화물,남,56세,기타불명,보행자,여,62세,경상
2023020300100275,2023년 2월 3일 15시,금요일,강원특별자치도 원주시 지정면,경상사고,0,0,1,0,차대차 - 측면충돌,신호위반,건조,맑음,교차로 - 교차로안,승용,남,61세,상해없음,승용,여,64세,경상
2023020300100276,2023년 2월 3일 15시,금요일,강원도 철원군 갈말읍,중상사고,0,1,0,0,차대사람 - 차도통행중,안전운전불이행,건조,맑음,교차로 - 교차로안,승용,남,21세,상해없음,보행자,여,30세,중상
2023020300100277,2023년 2월 3일 15시,금요일,강원도 동해시 평릉동,경상사고,0,0,1,0,차대사람 - 횡단중,보행자보호의무위반,건조,맑음,교차로 - 교차로부근,이륜,남,15세,상해없음,보행자,남,10세,경상
2023020300100278,2023년 2월 3일 15시,금요일,강원도 동해시 발한동,경상사고,0,0,1,0,차대차 - 기타,중앙선침범,건조,맑음,단일로 - 기타,승용,남,64세,상해없음,승합,남,57세,상해없음
2023020300100345,2023년 2월 3일 17시,금요일,강원도 원주시 단계동,경상사고,0,0,1,0,차대차 - 측면충돌,신호위반,건조,흐림,교차로 - 교차로안,승용,남,57세,상해없음,승용,여,53세,경상
2023020300100398,2023년 2월 3일 18시,금요일,강원도 원주시 원동,경상사고,0,0,1,0,차대차 - 추돌,신호위반,건조,맑음,교차로 - 교차로안,승용,여,39세,상해없음,승용,남,19세,경상
2023020300100450,2023년 2월 3일 19시,금요일,강원도 춘천시 동면,경상사고,0,0,1,0,차대차 - 측면충돌,안전운전불이행,건조,맑음,단일로 - 기타,승용,남,58세,상해없음,승용,남,56세,경상
2023020300100490,2023년 2월 3일 20시,금요일,강원도 원주시 우산동,중상사고,0,1,0,0,차대사람 - 횡단중,보행자보호의무위반,건조,흐림,교차로 - 교차로부근,승용,남,37세,상해없음,보행자,남,46세,중상
2023020300100519,2023년 2월 3일 21시,금요일,강원도 강릉시 안현동,경상사고,0,0,1,0,차량단독 - 기타,안전운전불이행,건조,맑음,단일로 - 기타,승용,남,61세,상해없음,,,,
2023020300100549,2023년 2월 3일 22시,금요일,강원도 원주시 관설동,경상사고,0,0,1,0,차대차 - 측면충돌,직진우회전진행방해,건조,흐림,교차로 - 교차로안,승용,여,29세,상해없음,승용,여,58세,경상
2023020300100550,2023년 2월 3일 22시,금요일,강원도 속초시 조양동,중상사고,0,1,0,0,차대차 - 측면충돌,신호위반,건조,맑음,교차로 - 교차로안,승용,남,19세,상해없음,승용,남,60세,중상
2023020400100076,2023년 2월 4일 07시,토요일,강원도 원주시 태장동,경상사고,0,0,1,0,차대차 - 추돌,안전운전불이행,건조,맑음,교차로 - 교차로안,화물,남,44세,상해없음,승용,남,62세,경상
2023020400100089,2023년 2월 4일 08시,토요일,강원도 횡성군 횡성읍,경상사고,0,0,1,0,차대차 - 기타,교차로운행방법위반,건조,맑음,교차로 - 교차로안,승용,남,75세,상해없음,승용,남,70세,경상
2023020400100129,2023년 2월 4일 10시,토요일,강원도 춘천시 소양로1가,경상사고,0,0,1,0,차대차 - 측면충돌,안전운전불이행,건조,맑음,교차로 - 교차로안,승용,남,74세,상해없음,승용,남,64세,경상
2023020400100156,2023년 2월 4일 11시,토요일,강원도 횡성군 강림면,사망사고,1,0,0,0,차량단독 - 공작물충돌,안전운전불이행,건조,맑음,단일로 - 기타,화물,남,62세,사망,,,,
2023020400100192,2023년 2월 4일 12시,토요일,강원도 양양군 강현면,중상사고,0,1,2,0,차대차 - 측면충돌,직진우회전진행방해,건조,맑음,교차로 - 교차로안,화물,남,66세,상해없음,승용,남,73세,경상
2023020400100219,2023년 2월 4일 13시,토요일,강원도 원주시 명륜동,경상사고,0,0,1,0,차대사람 - 횡단중,보행자보호의무위반,건조,맑음,교차로 - 교차로횡단보도내,승용,남,58세,상해없음,보행자,여,13세,경상
2023020400100220,2023년 2월 4일 13시,토요일,강원도 원주시 단계동,부상신고사고,0,0,0,2,차대차 - 후진중충돌,안전운전불이행,건조,맑음,교차로 - 교차로안,승용,여,30세,상해없음,승용,남,42세,부상신고
2023020400100318,2023년 2월 4일 16시,토요일,강원도 철원군 철원읍,경상사고,0,0,1,0,차대차 - 정면충돌,중앙선침범,건조,맑음,교차로 - 교차로안,자전거,여,69세,경상,승용,여,57세,상해없음
2023020400100355,2023년 2월 4일 17시,토요일,강원도 원주시 단구동,경상사고,0,0,1,0,차대차 - 측면충돌,직진우회전진행방해,건조,맑음,교차로 - 교차로안,승용,여,49세,기타불명,승용,여,63세,경상
2023020400100356,2023년 2월 4일 17시,토요일,강원도 홍천군 홍천읍,경상사고,0,0,3,0,차대차 - 측면충돌,기타,건조,맑음,교차로 - 교차로안,특수,남,24세,경상,승용,여,44세,경상
2023020400100382,2023년 2월 4일 18시,토요일,강원도 원주시 판부면,경상사고,0,0,2,0,차대차 - 추돌,안전거리미확보,건조,맑음,단일로 - 기타,승합,남,49세,상해없음,승용,남,50세,경상
2023020400100409,2023년 2월 4일 19시,토요일,강원도 춘천시 후평동,경상사고,0,0,2,0,차대차 - 기타,신호위반,건조,맑음,교차로 - 교차로안,승용,남,49세,상해없음,승용,남,63세,상해없음
2023020400100410,2023년 2월 4일 19시,토요일,강원도 삼척시 당저동,경상사고,0,0,1,0,차대차 - 추돌,안전운전불이행,건조,맑음,기타 - 기타,승용,남,66세,상해없음,승용,여,28세,경상
2023020500100041,2023년 2월 5일 04시,일요일,강원도 속초시 교동,중상사고,0,1,0,0,차대차 - 추돌,안전운전불이행,건조,맑음,단일로 - 지하차도(도로)내,승용,남,24세,상해없음,승용,남,31세,중상
2023020500100076,2023년 2월 5일 09시,일요일,강원도 영월군 산솔면,경상사고,0,0,2,0,차대차 - 후진중충돌,안전운전불이행,건조,맑음,단일로 - 기타,승용,여,60세,경상,승용,여,43세,경상
2023020500100091,2023년 2월 5일 10시,일요일,강원도 속초시 조양동,경상사고,0,0,1,0,차대차 - 추돌,안전운전불이행,건조,맑음,교차로 - 교차로안,승용,남,76세,상해없음,승용,여,33세,경상
2023020500100156,2023년 2월 5일 13시,일요일,강원도 평창군 대관령면,중상사고,0,1,0,0,차량단독 - 전도전복 - 전도,안전운전불이행,서리/결빙,맑음,단일로 - 터널,이륜,남,60세,중상,,,,
2023020500100157,2023년 2월 5일 13시,일요일,강원도 횡성군 갑천면,경상사고,0,0,2,0,차대차 - 측면충돌,중앙선침범,건조,맑음,단일로 - 기타,승용,남,46세,상해없음,승용,남,66세,경상
2023020500100184,2023년 2월 5일 14시,일요일,강원도 춘천시 운교동,경상사고,0,0,1,0,차대차 - 정면충돌,안전운전불이행,건조,맑음,단일로 - 기타,승용,남,26세,상해없음,원동기,남,54세,경상
2023020500100225,2023년 2월 5일 16시,일요일,강원도 양양군 양양읍,경상사고,0,0,1,0,차대차 - 측면충돌,교차로운행방법위반,건조,맑음,교차로 - 교차로안,화물,남,64세,상해없음,화물,남,34세,경상
2023020500100251,2023년 2월 5일 17시,일요일,강원도 정선군 북평면,경상사고,0,0,2,0,차대차 - 측면충돌,기타,건조,맑음,교차로 - 교차로안,승합,남,78세,경상,승용,여,70세,경상
2023020500100281,2023년 2월 5일 18시,일요일,강원도 원주시 단계동,경상사고,0,0,1,0,차대사람 - 길가장자리구역통행중,안전운전불이행,건조,맑음,단일로 - 기타,승용,여,60세,상해없음,보행자,남,66세,경상
2023020600100009,2023년 2월 6일 01시,월요일,강원도 영월군 영월읍,사망사고,1,0,0,0,차량단독 - 공작물충돌,안전운전불이행,건조,맑음,단일로 - 기타,화물,남,49세,사망,,,,
2023020600100099,2023년 2월 6일 08시,월요일,강원도 춘천시 퇴계동,경상사고,0,0,1,0,차대차 - 측면충돌,안전거리미확보,건조,맑음,교차로 - 교차로안,승용,남,75세,상해없음,이륜,남,51세,경상
2023020600100100,2023년 2월 6일 08시,월요일,강원도 영월군 영월읍,부상신고사고,0,0,0,1,차대차 - 측면충돌,교차로운행방법위반,건조,맑음,교차로 - 교차로안,승용,남,58세,상해없음,승용,여,43세,부상신고
2023020600100101,2023년 2월 6일 08시,월요일,강원도 정선군 북평면,경상사고,0,0,1,0,차대차 - 기타,중앙선침범,젖음/습기,맑음,단일로 - 기타,승용,여,52세,상해없음,승용,남,46세,경상