사고번호,사고일시,요일,시군구,사고내용,사망자수,중상자수,경상자수,부상신고자수,사고유형,법규위반,노면상태,기상상태,도로형태,가해운전자 차종,가해운전자 성별,가해운전자 연령,가해운전자 상해정도,피해운전자 차종,피해운전자 성별,피해운전자 연령,피해운전자 상해정도
2023020600100102,2023년 2월 6일 08시,월요일,강원도 동해시 호현동,경상사고,0,0,1,0,차대차 - 측면충돌,안전운전불이행,건조,맑음,기타 - 기타,승용,여,72세,상해없음,승용,남,59세,경상
2023020600100136,2023년 2월 6일 09시,월요일,강원도 횡성군 횡성읍,중상사고,0,1,0,0,차량단독 - 공작물충돌,안전운전불이행,건조,흐림,단일로 - 기타,승용,남,77세,상해없음,,,,
2023020600100220,2023년 2월 6일 12시,월요일,강원도 횡성군 횡성읍,중상사고,0,1,0,0,차대사람 - 차도통행중,안전운전불이행,건조,맑음,교차로 - 교차로안,승용,남,68세,상해없음,보행자,여,70세,중상
2023020600100238,2023년 2월 6일 13시,월요일,강원도 원주시 학성동,경상사고,0,0,1,0,차대차 - 추돌,안전운전불이행,건조,맑음,교차로 - 교차로안,화물,남,75세,상해없음,승용,여,48세,경상
2023020600100307,2023년 2월 6일 16시,월요일,강원도 강릉시 성산면,중상사고,0,1,1,0,차대차 - 정면충돌,안전운전불이행,건조,맑음,교차로 - 교차로안,승용,남,55세,경상,승용,여,61세,중상
2023020600100373,2023년 2월 6일 18시,월요일,강원도 춘천시 동면,경상사고,0,0,1,0,차대차 - 추돌,안전거리미확보,건조,맑음,단일로 - 기타,승용,여,47세,상해없음,승용,여,43세,경상
2023020600100443,2023년 2월 6일 20시,월요일,강원도 춘천시 서면,경상사고,0,0,1,0,차대차 - 기타,중앙선침범,건조,맑음,단일로 - 기타,기타불명,기타불명,미분류,기타불명,승용,남,64세,경상
2023020600100457,2023년 2월 6일 21시,월요일,강원도 태백시 황지동,중상사고,0,1,0,0,차대사람 - 기타,안전운전불이행,건조,맑음,단일로 - 기타,승용,여,29세,상해없음,보행자,남,50세,중상
2023020700100050,2023년 2월 7일 06시,화요일,강원도 원주시 인동,경상사고,0,0,1,0,차대차 - 정면충돌,안전운전불이행,건조,맑음,교차로 - 교차로안,화물,남,59세,상해없음,승용,남,36세,경상
2023020700100051,2023년 2월 7일 06시,화요일,강원도 양양군 강현면,중상사고,0,1,0,0,차대사람 - 횡단중,안전운전불이행,건조,맑음,단일로 - 기타,승용,남,71세,상해없음,보행자,남,79세,중상
2023020700100096,2023년 2월 7일 08시,화요일,강원도 원주시 명륜동,경상사고,0,0,1,0,차대차 - 측면충돌,교차로운행방법위반,건조,맑음,교차로 - 교차로안,승용,남,29세,상해없음,승용,남,60세,경상
2023020700100161,2023년 2월 7일 10시,화요일,강원도 원주시 일산동,경상사고,0,0,1,0,차대사람 - 보도통행중,안전운전불이행,건조,맑음,단일로 - 기타,승용,여,58세,상해없음,보행자,남,79세,경상
2023020700100162,2023년 2월 7일 10시,화요일,강원도 고성군 거진읍,중상사고,0,1,0,0,차대차 - 측면충돌,안전운전불이행,건조,맑음,단일로 - 기타,화물,남,44세,상해없음,승용,남,59세,중상
2023020700100189,2023년 2월 7일 11시,화요일,강원도 강릉시 사천면,중상사고,0,1,0,0,차대차 - 기타,기타,건조,맑음,기타 - 기타,승용,남,22세,상해없음,승용,남,57세,상해없음
2023020700100190,2023년 2월 7일 11시,화요일,강원도 횡성군 횡성읍,경상사고,0,0,1,0,차대사람 - 기타,안전운전불이행,건조,맑음,단일로 - 기타,화물,남,61세,상해없음,보행자,여,52세,경상
2023020700100221,2023년 2월 7일 12시,화요일,강원도 원주시 단구동,경상사고,0,0,2,0,차대차 - 측면충돌,신호위반,건조,맑음,교차로 - 교차로안,승용,여,38세,상해없음,화물,남,74세,경상
2023020700100250,2023년 2월 7일 13시,화요일,강원도 원주시 개운동,경상사고,0,0,2,0,차대사람 - 기타,안전운전불이행,건조,맑음,단일로 - 기타,승용,여,48세,상해없음,보행자,여,46세,경상
2023020700100251,2023년 2월 7일 13시,화요일,강원도 정선군 신동읍,사망사고,2,3,0,0,차량단독 - 기타,안전운전불이행,건조,맑음,기타 - 기타,승용,여,68세,중상,,,,
2023020700100278,2023년 2월 7일 14시,화요일,강원도 영월군 영월읍,중상사고,0,1,0,0,차대차 - 측면충돌,안전운전불이행,건조,맑음,기타 - 기타,화물,남,64세,상해없음,승용,여,56세,중상
2023020700100279,2023년 2월 7일 14시,화요일,강원도 동해시 천곡동,경상사고,0,0,1,0,차대차 - 정면충돌,중앙선침범,건조,맑음,교차로 - 교차로안,승용,남,65세,상해없음,이륜,남,30세,경상
2023020700100295,2023년 2월 7일 15시,화요일,강원도 강릉시 사천면,중상사고,0,1,1,0,차대차 - 기타,안전운전불이행,건조,맑음,교차로 - 교차로부근,승용,여,26세,상해없음,승용,남,72세,경상
2023020700100296,2023년 2월 7일 15시,화요일,강원도 원주시 반곡동,경상사고,0,0,1,0,차대차 - 기타,교차로운행방법위반,건조,맑음,교차로 - 교차로안,승용,남,18세,상해없음,이륜,남,49세,경상
2023020700100396,2023년 2월 7일 18시,화요일,강원도 원주시 평원동,경상사고,0,0,1,0,차대차 - 후진중충돌,안전운전불이행,건조,맑음,교차로 - 교차로부근,승용,남,70세,상해없음,승용,남,46세,경상
2023020700100397,2023년 2월 7일 18시,화요일,강원도 원주시 관설동,경상사고,0,0,1,0,차대차 - 측면충돌,중앙선침범,건조,맑음,교차로 - 교차로부근,승용,남,68세,상해없음,이륜,남,37세,경상
2023020700100398,2023년 2월 7일 18시,화요일,강원도 원주시 단구동,중상사고,0,1,0,0,차대사람 - 횡단중,보행자보호의무위반,건조,흐림,교차로 - 교차로횡단보도내,승용,남,67세,상해없음,보행자,여,29세,중상
2023020700100399,2023년 2월 7일 18시,화요일,강원도 영월군 영월읍,중상사고,0,1,0,0,차대사람 - 기타,교차로운행방법위반,건조,맑음,교차로 - 교차로부근,승용,남,38세,상해없음,보행자,여,13세,중상
2023020700100468,2023년 2월 7일 20시,화요일,강원도 원주시 우산동,경상사고,0,0,1,1,차대차 - 추돌,안전거리미확보,건조,맑음,교차로 - 교차로부근,승용,남,22세,상해없음,승용,여,59세,부상신고
2023020700100496,2023년 2월 7일 21시,화요일,강원도 속초시 교동,중상사고,0,1,0,0,차대차 - 측면충돌,안전운전불이행,건조,맑음,교차로 - 교차로안,승용,남,50세,상해없음,원동기,남,27세,중상
2023020700100522,2023년 2월 7일 22시,화요일,강원도 영월군 영월읍,중상사고,0,1,0,0,차대차 - 정면충돌,교차로운행방법위반,건조,맑음,교차로 - 교차로안,승용,여,59세,상해없음,이륜,남,22세,중상
2023020700100543,2023년 2월 7일 23시,화요일,강원도 원주시 문막읍,경상사고,0,0,1,0,차대차 - 추돌,안전운전불이행,건조,맑음,교차로 - 교차로부근,승용,남,46세,상해없음,승용,남,37세,경상
2023020800100019,2023년 2월 8일 01시,수요일,강원도 원주시 무실동,경상사고,0,0,2,0,차대차 - 측면충돌,신호위반,건조,맑음,교차로 - 교차로안,승용,남,31세,상해없음,승용,남,25세,경상
2023020800100195,2023년 2월 8일 11시,수요일,강원도 춘천시 죽림동,부상신고사고,0,0,0,1,차대차 - 정면충돌,교차로운행방법위반,건조,맑음,기타 - 기타,승용,남,59세,상해없음,원동기,남,28세,부상신고
2023020800100197,2023년 2월 8일 11시,수요일,강원도 강릉시 홍제동,경상사고,0,0,1,0,차대차 - 기타,안전운전불이행,건조,맑음,교차로 - 교차로부근,화물,남,51세,상해없음,승용,여,35세,경상
2023020800100219,2023년 2월 8일 12시,수요일,강원도 춘천시 낙원동,경상사고,0,0,1,1,차대차 - 기타,안전운전불이행,건조,맑음,교차로 - 교차로안,승용,여,56세,부상신고,승용,남,22세,경상
2023020800100220,2023년 2월 8일 12시,수요일,강원도 춘천시 동면,중상사고,0,1,1,0,차대차 - 측면충돌,안전운전불이행,건조,맑음,교차로 - 교차로안,승용,남,61세,중상,승합,여,48세,경상
2023020800100244,2023년 2월 8일 13시,수요일,강원특별자치도 원주시 단구동,중상사고,0,1,0,0,차대차 - 추돌,신호위반,건조,맑음,교차로 - 교차로안,승합,남,43세,상해없음,승용,남,40세,중상
2023020800100272,2023년 2월 8일 14시,수요일,강원도 춘천시 온의동,경상사고,0,0,1,0,차대차 - 측면충돌,안전운전불이행,건조,맑음,교차로 - 교차로부근,화물,남,55세,상해없음,특수,남,42세,경상
2023020800100273,2023년 2월 8일 14시,수요일,강원도 강릉시 입암동,경상사고,0,0,1,0,차대차 - 기타,안전운전불이행,건조,맑음,단일로 - 기타,건설기계,남,67세,상해없음,승용,남,40세,경상
2023020800100370,2023년 2월 8일 17시,수요일,강원도 춘천시 동면,경상사고,0,0,2,0,차대차 - 후진중충돌,안전운전불이행,건조,맑음,기타 - 기타,승용,남,26세,기타불명,승용,여,35세,경상
2023020800100404,2023년 2월 8일 18시,수요일,강원도 속초시 교동,경상사고,0,0,2,0,차대차 - 측면충돌,교차로운행방법위반,건조,맑음,교차로 - 교차로안,승용,여,57세,상해없음,승용,여,39세,경상
2023020800100449,2023년 2월 8일 19시,수요일,강원도 춘천시 퇴계동,경상사고,0,0,2,0,차대차 - 추돌,안전운전불이행,건조,맑음,교차로 - 교차로부근,승용,남,26세,상해없음,승용,여,54세,경상
2023020900100036,2023년 2월 9일 06시,목요일,강원도 원주시 학성동,경상사고,0,0,1,0,차대차 - 추돌,안전거리미확보,건조,맑음,단일로 - 기타,승용,남,36세,상해없음,승용,남,41세,경상
2023020900100076,2023년 2월 9일 08시,목요일,강원도 횡성군 안흥면,사망사고,1,1,1,0,차대차 - 정면충돌,안전운전불이행,건조,맑음,단일로 - 기타,승용,여,60세,사망,화물,남,70세,경상
2023020900100100,2023년 2월 9일 09시,목요일,강원도 춘천시 낙원동,부상신고사고,0,0,0,5,차대차 - 기타,교차로운행방법위반,건조,맑음,교차로 - 교차로안,승용,여,54세,부상신고,승용,남,31세,부상신고
2023020900100122,2023년 2월 9일 10시,목요일,강원도 속초시 중앙동,경상사고,0,0,1,0,차대차 - 측면충돌,차로위반,건조,맑음,교차로 - 교차로부근,승용,남,63세,상해없음,원동기,남,27세,경상
2023020900100123,2023년 2월 9일 10시,목요일,강원도 영월군 영월읍,중상사고,0,1,0,1,차대차 - 정면충돌,중앙선침범,건조,맑음,단일로 - 기타,화물,남,70세,부상신고,화물,남,38세,중상
2023020900100143,2023년 2월 9일 11시,목요일,강원도 태백시 황지동,경상사고,0,0,2,0,차대차 - 기타,중앙선침범,건조,맑음,단일로 - 기타,승용,남,71세,상해없음,승용,남,52세,경상
2023020900100179,2023년 2월 9일 12시,목요일,강원도 횡성군 안흥면,부상신고사고,0,0,0,1,차대차 - 기타,안전운전불이행,건조,맑음,단일로 - 기타,승용,남,54세,상해없음,화물,남,52세,상해없음
2023020900100237,2023년 2월 9일 14시,목요일,강원도 원주시 학성동,중상사고,0,1,0,0,차대차 - 측면충돌,안전운전불이행,건조,맑음,단일로 - 기타,승용,남,57세,상해없음,화물,남,55세,중상
2023020900100259,2023년 2월 9일 15시,목요일,강원도 춘천시 석사동,중상사고,0,1,1,1,차대차 - 기타,중앙선침범,건조,맑음,교차로 - 교차로부근,승용,남,37세,기타불명,승용,여,61세,경상
2023020900100286,2023년 2월 9일 16시,목요일,강원도 춘천시 동내면,경상사고,0,0,1,0,차대차 - 측면충돌,안전운전불이행,건조,맑음,단일로 - 기타,화물,남,18세,상해없음,승용,남,70세,경상
2023020900100287,2023년 2월 9일 16시,목요일,강원도 강릉시 송정동,경상사고,0,0,1,0,차대사람 - 횡단중,중앙선침범,건조,맑음,교차로 - 교차로부근,승용,남,64세,상해없음,보행자,남,67세,경상
2023020900100342,2023년 2월 9일 18시,목요일,강원도 춘천시 후평동,부상신고사고,0,0,0,1,차대사람 - 횡단중,보행자보호의무위반,젖음/습기,맑음,교차로 - 교차로횡단보도내,기타불명,기타불명,미분류,기타불명,보행자,남,22세,부상신고
2023020900100343,2023년 2월 9일 18시,목요일,강원도 원주시 단계동,경상사고,0,0,1,0,차대사람 - 기타,안전운전불이행,건조,흐림,교차로 - 교차로안,승용,남,28세,상해없음,보행자,남,69세,경상
2023020900100388,2023년 2월 9일 19시,목요일,강원도 원주시 단구동,경상사고,0,0,2,0,차대차 - 추돌,안전운전불이행,건조,맑음,단일로 - 기타,승용,남,53세,상해없음,승합,남,46세,경상
2023021000100084,2023년 2월 10일 07시,금요일,강원도 동해시 이도동,부상신고사고,0,0,0,1,차대사람 - 길가장자리구역통행중,안전운전불이행,건조,맑음,단일로 - 교량,승용,남,48세,상해없음,보행자,남,24세,부상신고
2023021000100164,2023년 2월 10일 10시,금요일,강원도 횡성군 횡성읍,경상사고,0,0,3,0,차대차 - 측면충돌,안전운전불이행,젖음/습기,흐림,교차로 - 교차로안,화물,남,59세,상해없음,승용,남,79세,경상
2023021000100211,2023년 2월 10일 12시,금요일,강원도 태백시 황지동,경상사고,0,0,2,0,차대차 - 정면충돌,직진우회전진행방해,젖음/습기,흐림,교차로 - 교차로안,승용,여,31세,상해없음,승용,남,27세,경상
2023021000100302,2023년 2월 10일 16시,금요일,강원도 강릉시 주문진읍,경상사고,0,0,1,0,차대사람 - 횡단중,안전운전불이행,건조,맑음,단일로 - 기타,승용,남,22세,상해없음,보행자,여,83세,경상
2023021000100303,2023년 2월 10일 16시,금요일,강원도 원주시 무실동,중상사고,0,1,1,0,차대차 - 추돌,신호위반,건조,맑음,교차로 - 교차로안,승용,남,61세,경상,승용,남,24세,중상
2023021000100434,2023년 2월 10일 19시,금요일,강원도 횡성군 횡성읍,경상사고,0,0,2,0,차대차 - 측면충돌,교차로운행방법위반,건조,맑음,교차로 - 교차로안,승용,여,29세,상해없음,승용,남,62세,경상
2023021000100475,2023년 2월 10일 20시,금요일,강원도 양구군 동면,부상신고사고,0,0,0,1,차량단독 - 기타,안전운전불이행,건조,맑음,단일로 - 기타,사륜오토바이(ATV),여,67세,부상신고,,,,
2023021100100048,2023년 2월 11일 03시,토요일,강원도 속초시 조양동,중상사고,0,1,0,0,차대차 - 측면충돌,불법유턴,건조,맑음,단일로 - 기타,승용,남,24세,상해없음,이륜,남,22세,중상
2023021100100054,2023년 2월 11일 04시,토요일,강원도 강릉시 주문진읍,중상사고,0,1,0,0,차대차 - 정면충돌,중앙선침범,건조,맑음,단일로 - 기타,화물,남,77세,상해없음,승용,남,63세,중상
2023021100100130,2023년 2월 11일 10시,토요일,강원도 원주시 지정면,경상사고,0,0,1,0,차대차 - 추돌,안전운전불이행,건조,맑음,교차로 - 교차로부근,승용,여,54세,상해없음,승용,남,34세,경상
2023021100100148,2023년 2월 11일 11시,토요일,강원도 정선군 사북읍,경상사고,0,0,1,0,차대차 - 기타,불법유턴,건조,맑음,단일로 - 기타,승용,남,60세,상해없음,승용,남,61세,경상
2023021100100181,2023년 2월 11일 12시,토요일,강원도 춘천시 효자동,경상사고,0,0,1,0,차대차 - 기타,직진우회전진행방해,건조,맑음,교차로 - 교차로안,승용,여,68세,상해없음,승용,남,59세,상해없음
2023021100100236,2023년 2월 11일 14시,토요일,강원도 원주시 단구동,경상사고,0,0,1,0,차대차 - 추돌,기타,건조,맑음,단일로 - 기타,승용,남,61세,상해없음,승용,여,27세,경상
2023021100100256,2023년 2월 11일 15시,토요일,강원도 춘천시 온의동,부상신고사고,0,0,0,1,차대사람 - 기타,안전운전불이행,건조,맑음,단일로 - 기타,승용,남,52세,상해없음,보행자,남,53세,부상신고
2023021100100365,2023년 2월 11일 19시,토요일,강원도 동해시 송정동,경상사고,0,0,1,0,차대차 - 측면충돌,안전운전불이행,건조,맑음,단일로 - 고가도로위,승용,여,36세,상해없음,이륜,남,28세,경상
2023021100100417,2023년 2월 11일 21시,토요일,강원도 원주시 무실동,경상사고,0,0,2,0,차대차 - 기타,안전운전불이행,건조,맑음,교차로 - 교차로횡단보도내,화물,남,60세,상해없음,승용,여,58세,경상
2023021100100418,2023년 2월 11일 21시,토요일,강원도 원주시 소초면,경상사고,0,0,2,0,차대차 - 추돌,중앙선침범,젖음/습기,맑음,단일로 - 기타,승용,여,59세,경상,승용,남,65세,경상
2023021200100010,2023년 2월 12일 00시,일요일,강원도 고성군 토성면,중상사고,0,1,0,0,차대차 - 추돌,교차로운행방법위반,젖음/습기,흐림,교차로 - 교차로부근,승용,남,23세,상해없음,이륜,남,26세,중상
2023021200100023,2023년 2월 12일 01시,일요일,강원도 평창군 대관령면,사망사고,5,0,0,0,차량단독 - 공작물충돌,기타,건조,맑음,단일로 - 지하차도(도로)내,승용,여,25세,사망,,,,
2023021200100037,2023년 2월 12일 04시,일요일,강원도 강릉시 교동,경상사고,0,0,1,0,차대차 - 정면충돌,중앙선침범,건조,맑음,단일로 - 기타,승용,남,24세,상해없음,승용,여,27세,경상
2023021200100072,2023년 2월 12일 09시,일요일,강원도 원주시 단구동,경상사고,0,0,2,0,차대차 - 측면충돌,안전거리미확보,건조,맑음,교차로 - 교차로부근,승용,여,52세,상해없음,승용,남,65세,경상
2023021200100073,2023년 2월 12일 09시,일요일,강원도 동해시 발한동,경상사고,0,0,1,0,차대차 - 측면충돌,교차로운행방법위반,건조,맑음,교차로 - 교차로안,승용,여,70세,상해없음,이륜,남,61세,경상
2023021200100087,2023년 2월 12일 10시,일요일,강원도 영월군 영월읍,경상사고,0,0,1,0,차대사람 - 기타,안전운전불이행,건조,맑음,주차장 - 주차장,승용,여,57세,상해없음,보행자,여,81세,경상
2023021200100105,2023년 2월 12일 11시,일요일,강원도 강릉시 옥천동,경상사고,0,0,1,0,차대차 - 측면충돌,중앙선침범,건조,맑음,교차로 - 교차로횡단보도내,승용,남,48세,상해없음,승용,남,22세,경상
2023021200100126,2023년 2월 12일 12시,일요일,강원도 화천군 하남면,경상사고,0,0,1,0,차대차 - 측면충돌,안전거리미확보,건조,맑음,단일로 - 기타,승용,남,81세,상해없음,승용,남,32세,경상
2023021200100145,2023년 2월 12일 13시,일요일,강원도 춘천시 신동면,중상사고,0,1,0,0,차대차 - 정면충돌,신호위반,건조,맑음,기타 - 기타,승용,여,43세,상해없음,화물,남,77세,중상
2023021200100169,2023년 2월 12일 14시,일요일,강원도 강릉시 홍제동,경상사고,0,0,2,0,차대차 - 측면충돌,안전운전불이행,건조,맑음,교차로 - 교차로부근,승용,남,67세,기타불명,승용,남,44세,경상
2023021200100170,2023년 2월 12일 14시,일요일,강원도 양양군 양양읍,경상사고,0,0,2,0,차대차 - 측면충돌,직진우회전진행방해,건조,맑음,교차로 - 교차로안,승용,남,26세,상해없음,승용,여,34세,경상
2023021200100195,2023년 2월 12일 15시,일요일,강원도 강릉시 교동,중상사고,0,1,1,0,차대차 - 후진중충돌,안전운전불이행,건조,맑음,교차로 - 교차로부근,승용,여,35세,기타불명,승용,남,49세,경상
2023021200100231,2023년 2월 12일 17시,일요일,강원도 강릉시 포남동,경상사고,0,0,2,0,차대차 - 측면충돌,안전운전불이행,건조,흐림,교차로 - 교차로안,승용,여,48세,경상,특수,남,30세,경상
2023021200100255,2023년 2월 12일 18시,일요일,강원도 원주시 흥업면,사망사고,1,0,1,0,차대차 - 추돌,안전운전불이행,건조,맑음,단일로 - 기타,화물,남,62세,상해없음,건설기계,남,63세,경상
2023021200100277,2023년 2월 12일 19시,일요일,강원도 춘천시 후평동,경상사고,0,0,3,0,차대차 - 정면충돌,안전운전불이행,건조,맑음,단일로 - 기타,승용,여,50세,상해없음,승용,남,23세,경상
2023021300100024,2023년 2월 13일 05시,월요일,강원도 춘천시 석사동,부상신고사고,0,0,0,1,차대사람 - 기타,안전운전불이행,건조,맑음,단일로 - 기타,승용,여,56세,상해없음,보행자,남,22세,부상신고
2023021300100036,2023년 2월 13일 06시,월요일,강원도 강릉시 주문진읍,경상사고,0,0,1,0,차대사람 - 기타,안전운전불이행,건조,맑음,교차로 - 교차로부근,승용,남,63세,상해없음,보행자,여,60세,경상
2023021300100088,2023년 2월 13일 08시,월요일,강원도 동해시 천곡동,중상사고,0,1,0,0,차대차 - 정면충돌,신호위반,건조,흐림,교차로 - 교차로안,승용,여,62세,상해없음,승용,남,47세,중상
2023021300100134,2023년 2월 13일 10시,월요일,강원도 평창군 봉평면,경상사고,0,0,1,0,차대차 - 측면충돌,직진우회전진행방해,건조,맑음,교차로 - 교차로안,승용,여,48세,경상,승용,남,53세,상해없음
2023021300100179,2023년 2월 13일 12시,월요일,강원도 속초시 조양동,경상사고,0,0,1,0,차대차 - 측면충돌,안전거리미확보,젖음/습기,비,단일로 - 기타,승용,여,24세,상해없음,이륜,남,29세,경상
2023021300100180,2023년 2월 13일 12시,월요일,강원도 고성군 현내면,경상사고,0,0,1,0,차대차 - 측면충돌,안전운전불이행,젖음/습기,눈,교차로 - 교차로안,승용,남,56세,상해없음,승합,남,52세,경상
2023021300100207,2023년 2월 13일 13시,월요일,강원도 춘천시 효자동,경상사고,0,0,1,0,차대사람 - 기타,안전운전불이행,건조,맑음,기타 - 기타,기타불명,기타불명,미분류,기타불명,보행자,남,80세,경상
2023021300100208,2023년 2월 13일 13시,월요일,강원도 속초시 동명동,중상사고,0,2,0,0,차대차 - 기타,안전운전불이행,서리/결빙,흐림,단일로 - 기타,특수,남,67세,중상,승용,남,66세,중상
2023021300100231,2023년 2월 13일 14시,월요일,강원도 강릉시 옥천동,경상사고,0,0,1,0,차대차 - 측면충돌,안전운전불이행,젖음/습기,흐림,교차로 - 교차로안,승용,여,72세,상해없음,승용,남,47세,경상
2023021300100261,2023년 2월 13일 15시,월요일,강원도 원주시 행구동,경상사고,0,0,2,0,차대차 - 후진중충돌,안전운전불이행,건조,흐림,단일로 - 기타,승용,여,49세,상해없음,승용,여,42세,경상
2023021300100297,2023년 2월 13일 16시,월요일,강원도 강릉시 교동,경상사고,0,0,2,0,차대차 - 기타,중앙선침범,젖음/습기,흐림,단일로 - 기타,승용,남,66세,상해없음,승용,여,37세,경상
2023021300100333,2023년 2월 13일 17시,월요일,강원도 춘천시 효자동,중상사고,0,1,0,0,차대사람 - 횡단중,안전운전불이행,건조,맑음,단일로 - 기타,승용,여,60세,상해없음,보행자,남,24세,중상
2023021300100334,2023년 2월 13일 17시,월요일,강원도 강릉시 내곡동,중상사고,0,1,1,0,차대차 - 측면충돌,안전운전불이행,젖음/습기,눈,교차로 - 교차로안,승용,남,65세,상해없음,승용,여,43세,경상
2023021300100430,2023년 2월 13일 19시,월요일,강원도 춘천시 후평동,경상사고,0,0,1,0,차대차 - 기타,안전운전불이행,건조,맑음,교차로 - 교차로부근,승용,남,63세,상해없음,승용,남,33세,경상
2023021300100431,2023년 2월 13일 19시,월요일,강원도 원주시 무실동,경상사고,0,0,1,0,차대차 - 기타,신호위반,건조,맑음,교차로 - 교차로안,승용,남,34세,상해없음,승용,남,64세,상해없음
2023021300100490,2023년 2월 13일 22시,월요일,강원도 속초시 노학동,경상사고,0,0,1,0,차대차 - 추돌,안전운전불이행,적설,눈,교차로 - 교차로부근,승용,남,61세,상해없음,화물,남,53세,경상
2023021400100021,2023년 2월 14일 03시,화요일,강원도 홍천군 북방면,중상사고,0,1,0,0,차대차 - 측면충돌,안전거리미확보,건조,맑음,단일로 - 기타,승용,여,52세,상해없음,이륜,남,77세,중상
2023021400100052,2023년 2월 14일 07시,화요일,강원도 양구군 동면,경상사고,0,0,1,0,차대차 - 측면충돌,안전운전불이행,건조,맑음,교차로 - 교차로안,승용,남,41세,기타불명,승용,여,26세,경상
2023021400100065,2023년 2월 14일 08시,화요일,강원도 춘천시 우두동,경상사고,0,0,3,0,차대차 - 추돌,안전운전불이행,건조,맑음,단일로 - 교량,승합,남,36세,상해없음,승용,남,45세,경상
2023021400100066,2023년 2월 14일 08시,화요일,강원도 원주시 문막읍,사망사고,1,0,0,0,차대사람 - 횡단중,안전운전불이행,건조,맑음,교차로 - 교차로부근,화물,남,43세,상해없음,보행자,여,73세,사망
2023021400100095,2023년 2월 14일 09시,화요일,강원도 홍천군 홍천읍,중상사고,0,1,1,0,차대차 - 측면충돌,직진우회전진행방해,건조,맑음,교차로 - 교차로안,승용,남,49세,중상,승용,여,66세,경상
2023021400100111,2023년 2월 14일 10시,화요일,강원도 삼척시 교동,중상사고,0,1,0,0,차대사람 - 횡단중,안전운전불이행,건조,맑음,단일로 - 지하차도(도로)내,승용,여,69세,상해없음,보행자,남,56세,중상
2023021400100267,2023년 2월 14일 16시,화요일,강원도 원주시 단계동,경상사고,0,0,1,0,차대차 - 추돌,신호위반,건조,맑음,교차로 - 교차로안,승합,남,58세,상해없음,승용,여,43세,경상
2023021400100268,2023년 2월 14일 16시,화요일,강원도 원주시 단구동,경상사고,0,0,1,0,차대차 - 측면충돌,안전운전불이행,건조,맑음,단일로 - 기타,화물,남,50세,상해없음,승용,남,36세,경상
2023021400100298,2023년 2월 14일 17시,화요일,강원도 춘천시 효자동,경상사고,0,0,4,0,차대차 - 측면충돌,안전운전불이행,건조,맑음,기타 - 기타,건설기계,남,47세,상해없음,승용,여,45세,경상
2023021400100299,2023년 2월 14일 17시,화요일,강원도 속초시 조양동,경상사고,0,0,1,0,차대사람 - 길가장자리구역통행중,안전운전불이행,건조,맑음,단일로 - 기타,화물,남,33세,상해없음,보행자,남,45세,경상
2023021400100326,2023년 2월 14일 18시,화요일,강원도 원주시 명륜동,경상사고,0,0,1,0,차대차 - 추돌,안전운전불이행,건조,맑음,교차로 - 교차로부근,승용,남,31세,상해없음,이륜,남,40세,경상
2023021400100372,2023년 2월 14일 19시,화요일,강원도 춘천시 석사동,경상사고,0,0,1,0,차대차 - 기타,신호위반,건조,맑음,교차로 - 교차로안,이륜,남,53세,상해없음,이륜,남,27세,경상
2023021400100398,2023년 2월 14일 20시,화요일,강원도 춘천시 석사동,부상신고사고,0,0,0,1,차대차 - 추돌,안전거리미확보,건조,맑음,교차로 - 교차로부근,이륜,남,20세,상해없음,승용,여,36세,부상신고
2023021400100399,2023년 2월 14일 20시,화요일,강원도 원주시 단계동,중상사고,0,1,0,0,차대사람 - 기타,안전운전불이행,건조,맑음,교차로 - 교차로부근,승용,남,59세,상해없음,보행자,여,60세,중상
2023021500100007,2023년 2월 15일 00시,수요일,강원도 원주시 명륜동,경상사고,0,0,1,0,차대차 - 측면충돌,신호위반,건조,맑음,교차로 - 교차로안,승용,남,36세,상해없음,화물,남,51세,경상
2023021500100056,2023년 2월 15일 07시,수요일,강원도 원주시 문막읍,경상사고,0,0,1,0,차대차 - 후진중충돌,안전운전불이행,건조,맑음,단일로 - 기타,건설기계,남,59세,상해없음,승용,여,60세,경상
2023021500100073,2023년 2월 15일 08시,수요일,강원도 횡성군 안흥면,중상사고,0,1,0,0,차대사람 - 횡단중,안전운전불이행,건조,맑음,교차로 - 교차로안,승용,남,64세,상해없음,보행자,남,38세,중상
2023021500100101,2023년 2월 15일 09시,수요일,강원도 원주시 판부면,경상사고,0,0,1,0,차량단독 - 기타,안전운전불이행,건조,맑음,단일로 - 기타,승합,남,62세,기타불명,,,,
2023021500100122,2023년 2월 15일 10시,수요일,강원도 강릉시 노암동,경상사고,0,0,1,0,차대차 - 추돌,안전운전불이행,적설,눈,교차로 - 교차로부근,승용,남,29세,상해없음,승용,여,36세,경상
2023021500100123,2023년 2월 15일 10시,수요일,강원도 원주시 학성동,중상사고,0,1,1,0,차대차 - 측면충돌,불법유턴,건조,맑음,교차로 - 교차로안,승용,남,67세,상해없음,승용,남,64세,중상
2023021500100124,2023년 2월 15일 10시,수요일,강원도 원주시 개운동,경상사고,0,0,1,0,차대차 - 추돌,안전거리미확보,건조,맑음,기타 - 기타,승용,여,23세,기타불명,승용,남,26세,경상