사고번호,사고일시,요일,시군구,사고내용,사망자수,중상자수,경상자수,부상신고자수,사고유형,법규위반,노면상태,기상상태,도로형태,가해운전자 차종,가해운전자 성별,가해운전자 연령,가해운전자 상해정도,피해운전자 차종,피해운전자 성별,피해운전자 연령,피해운전자 상해정도
2023021500100125,2023년 2월 15일 10시,수요일,강원도 동해시 천곡동,중상사고,0,1,0,0,차대차 - 측면충돌,안전운전불이행,적설,눈,교차로 - 교차로부근,승용,여,52세,상해없음,승용,남,31세,중상
2023021500100140,2023년 2월 15일 11시,수요일,강원도 원주시 일산동,경상사고,0,0,1,0,차대사람 - 기타,안전운전불이행,건조,맑음,기타 - 기타,화물,남,42세,상해없음,보행자,남,63세,경상
2023021500100141,2023년 2월 15일 11시,수요일,강원도 양양군 현북면,중상사고,0,2,0,0,차대차 - 추돌,안전운전불이행,적설,눈,단일로 - 기타,승용,남,27세,상해없음,승용,여,51세,중상
2023021500100243,2023년 2월 15일 15시,수요일,강원도 춘천시 후평동,경상사고,0,0,1,0,차대사람 - 횡단중,보행자보호의무위반,건조,맑음,교차로 - 교차로횡단보도내,승용,남,76세,상해없음,보행자,남,57세,경상
2023021500100266,2023년 2월 15일 16시,수요일,강원도 태백시 철암동,중상사고,0,1,0,0,차대차 - 정면충돌,안전운전불이행,서리/결빙,눈,단일로 - 기타,승용,남,62세,상해없음,승용,여,52세,중상
2023021500100290,2023년 2월 15일 17시,수요일,강원도 원주시 문막읍,경상사고,0,0,1,0,차대차 - 측면충돌,안전운전불이행,건조,맑음,단일로 - 기타,승용,남,49세,상해없음,승용,여,38세,경상
2023021500100326,2023년 2월 15일 18시,수요일,강원도 원주시 우산동,경상사고,0,0,2,0,차대차 - 기타,직진우회전진행방해,건조,맑음,교차로 - 교차로안,승용,남,61세,경상,승용,남,53세,경상
2023021500100363,2023년 2월 15일 19시,수요일,강원도 동해시 효가동,경상사고,0,0,3,0,차대차 - 추돌,안전운전불이행,젖음/습기,눈,교차로 - 교차로부근,승용,남,39세,상해없음,승용,남,38세,경상
2023021500100421,2023년 2월 15일 21시,수요일,강원도 동해시 대구동,경상사고,0,0,1,0,차량단독 - 공작물충돌,안전운전불이행,적설,눈,단일로 - 기타,승용,남,49세,상해없음,,,,
2023021500100457,2023년 2월 15일 23시,수요일,강원도 춘천시 석사동,중상사고,0,1,2,0,차대차 - 기타,신호위반,건조,맑음,교차로 - 교차로안,승용,남,58세,기타불명,승용,남,45세,경상
2023021600100120,2023년 2월 16일 09시,목요일,강원도 춘천시 효자동,경상사고,0,0,1,0,차대차 - 측면충돌,안전운전불이행,건조,맑음,교차로 - 교차로안,승용,남,62세,상해없음,승용,여,65세,경상
2023021600100121,2023년 2월 16일 09시,목요일,강원도 고성군 간성읍,경상사고,0,0,1,0,차대차 - 추돌,중앙선침범,건조,맑음,단일로 - 기타,승용,여,65세,상해없음,승용,남,43세,경상
2023021600100150,2023년 2월 16일 10시,목요일,강원도 홍천군 내면,경상사고,0,0,2,0,차대차 - 정면충돌,중앙선침범,건조,맑음,단일로 - 기타,화물,남,36세,상해없음,화물,남,56세,경상
2023021600100179,2023년 2월 16일 11시,목요일,강원도 춘천시 석사동,중상사고,0,1,0,0,차대사람 - 횡단중,안전운전불이행,건조,맑음,기타 - 기타,승용,남,35세,상해없음,보행자,여,80세,중상
2023021600100292,2023년 2월 16일 17시,목요일,강원도 춘천시 석사동,경상사고,0,0,2,0,차대차 - 기타,안전운전불이행,건조,맑음,교차로 - 교차로안,승용,남,36세,기타불명,승용,남,24세,경상
2023021600100333,2023년 2월 16일 18시,목요일,강원도 고성군 간성읍,중상사고,0,1,0,0,차대차 - 측면충돌,안전운전불이행,건조,맑음,교차로 - 교차로안,승용,남,27세,상해없음,승용,여,32세,중상
2023021600100364,2023년 2월 16일 19시,목요일,강원도 원주시 반곡동,경상사고,0,0,1,0,차대사람 - 횡단중,보행자보호의무위반,건조,맑음,교차로 - 교차로횡단보도내,기타불명,기타불명,미분류,기타불명,보행자,여,28세,경상
2023021600100365,2023년 2월 16일 19시,목요일,강원도 인제군 인제읍,경상사고,0,0,1,0,차대차 - 측면충돌,안전운전불이행,건조,맑음,교차로 - 교차로안,승용,남,29세,기타불명,승용,남,37세,경상
2023021600100394,2023년 2월 16일 20시,목요일,강원도 춘천시 효자동,중상사고,0,1,0,0,차대차 - 측면충돌,중앙선침범,건조,맑음,교차로 - 교차로안,승용,남,64세,상해없음,이륜,남,33세,중상
2023021600100395,2023년 2월 16일 20시,목요일,강원도 평창군 진부면,경상사고,0,0,1,0,차대차 - 측면충돌,신호위반,건조,맑음,단일로 - 지하차도(도로)내,승용,여,34세,상해없음,승용,남,49세,경상
2023021700100052,2023년 2월 17일 06시,금요일,강원도 홍천군 북방면,중상사고,0,2,0,0,차량단독 - 공작물충돌,안전운전불이행,서리/결빙,흐림,단일로 - 기타,화물,남,69세,중상,,,,
2023021700100104,2023년 2월 17일 09시,금요일,강원도 인제군 인제읍,중상사고,0,1,0,1,차대차 - 측면충돌,안전운전불이행,건조,맑음,교차로 - 교차로안,승용,여,56세,상해없음,승용,남,59세,중상
2023021700100105,2023년 2월 17일 09시,금요일,강원도 동해시 송정동,경상사고,0,0,1,0,차대차 - 기타,안전운전불이행,젖음/습기,맑음,단일로 - 기타,승용,여,53세,기타불명,화물,남,60세,경상
2023021700100157,2023년 2월 17일 11시,금요일,강원도 춘천시 효자동,중상사고,0,1,0,0,차대사람 - 횡단중,보행자보호의무위반,건조,맑음,교차로 - 교차로횡단보도내,승용,여,29세,상해없음,보행자,남,27세,중상
2023021700100158,2023년 2월 17일 11시,금요일,강원도 춘천시 동면,경상사고,0,0,1,0,차대차 - 기타,안전운전불이행,건조,맑음,단일로 - 기타,승용,남,60세,상해없음,승합,남,65세,상해없음
2023021700100199,2023년 2월 17일 13시,금요일,강원도 철원군 갈말읍,경상사고,0,0,3,0,차대차 - 추돌,안전운전불이행,건조,맑음,교차로 - 교차로부근,승용,여,59세,상해없음,승용,여,61세,경상
2023021700100227,2023년 2월 17일 14시,금요일,강원도 춘천시 동산면,중상사고,0,1,0,3,차대차 - 기타,신호위반,건조,맑음,교차로 - 교차로안,화물,남,62세,부상신고,승용,여,30세,중상
2023021700100228,2023년 2월 17일 14시,금요일,강원도 원주시 흥업면,경상사고,0,0,3,0,차대차 - 측면충돌,교차로운행방법위반,건조,맑음,교차로 - 교차로부근,승용,여,46세,기타불명,승합,남,56세,경상
2023021700100288,2023년 2월 17일 16시,금요일,강원도 강릉시 사천면,경상사고,0,0,1,0,차대차 - 기타,기타,젖음/습기,맑음,기타 - 기타,승용,남,63세,상해없음,승용,남,43세,상해없음
2023021700100289,2023년 2월 17일 16시,금요일,강원도 삼척시 도계읍,사망사고,1,0,0,0,차량단독 - 도로외이탈 - 추락,안전운전불이행,기타,맑음,단일로 - 기타,특수,남,59세,사망,,,,
2023021700100326,2023년 2월 17일 17시,금요일,강원도 속초시 동명동,경상사고,0,0,2,0,차대차 - 측면충돌,교차로운행방법위반,건조,맑음,교차로 - 교차로안,승용,여,24세,상해없음,승용,남,28세,경상
2023021700100327,2023년 2월 17일 17시,금요일,강원도 속초시 교동,경상사고,0,0,5,0,차대차 - 추돌,안전거리미확보,건조,맑음,단일로 - 지하차도(도로)내,승용,남,51세,상해없음,승용,남,52세,경상
2023021700100365,2023년 2월 17일 18시,금요일,강원도 강릉시 교동,경상사고,0,0,1,0,차대차 - 측면충돌,안전운전불이행,건조,맑음,교차로 - 교차로안,승용,남,62세,상해없음,승용,여,25세,경상
2023021700100366,2023년 2월 17일 18시,금요일,강원도 원주시 개운동,경상사고,0,0,1,0,차대차 - 추돌,안전거리미확보,건조,기타,기타 - 기타,승용,남,73세,상해없음,승용,여,62세,경상
2023021700100405,2023년 2월 17일 19시,금요일,강원도 춘천시 효자동,경상사고,0,0,1,0,차대차 - 측면충돌,안전운전불이행,건조,맑음,교차로 - 교차로안,승용,남,56세,상해없음,자전거,남,12세,경상
2023021700100406,2023년 2월 17일 19시,금요일,강원도 원주시 단구동,경상사고,0,0,1,0,차대차 - 추돌,안전운전불이행,건조,맑음,단일로 - 기타,승용,남,30세,상해없음,승용,남,57세,경상
2023021700100440,2023년 2월 17일 20시,금요일,강원도 춘천시 서면,경상사고,0,0,1,0,차대차 - 측면충돌,신호위반,건조,흐림,교차로 - 교차로안,승용,남,31세,상해없음,승용,여,43세,경상
2023021800100021,2023년 2월 18일 01시,토요일,강원도 강릉시 입암동,경상사고,0,0,1,0,차대차 - 추돌,안전운전불이행,건조,맑음,교차로 - 교차로부근,승용,남,49세,기타불명,승용,남,45세,기타불명
2023021800100060,2023년 2월 18일 06시,토요일,강원도 속초시 교동,중상사고,0,1,0,0,차대차 - 측면충돌,안전운전불이행,건조,맑음,교차로 - 교차로부근,승용,남,59세,상해없음,승용,남,43세,중상
2023021800100072,2023년 2월 18일 07시,토요일,강원도 화천군 화천읍,경상사고,0,0,1,0,차대차 - 측면충돌,중앙선침범,건조,맑음,단일로 - 기타,승합,남,62세,상해없음,승용,여,27세,경상
2023021800100099,2023년 2월 18일 09시,토요일,강원도 태백시 장성동,경상사고,0,0,1,0,차대차 - 기타,안전운전불이행,젖음/습기,흐림,단일로 - 기타,화물,남,52세,상해없음,승용,남,71세,기타불명
2023021800100117,2023년 2월 18일 10시,토요일,강원도 원주시 태장동,경상사고,0,0,2,0,차대차 - 측면충돌,안전거리미확보,건조,맑음,단일로 - 기타,승용,남,69세,상해없음,승용,남,36세,경상
2023021800100175,2023년 2월 18일 13시,토요일,강원도 춘천시 신동,경상사고,0,0,1,0,차대차 - 측면충돌,안전거리미확보,건조,맑음,교차로 - 교차로안,승용,남,62세,상해없음,화물,남,45세,경상
2023021800100176,2023년 2월 18일 13시,토요일,강원도 강릉시 주문진읍,경상사고,0,0,1,0,차대사람 - 차도통행중,안전운전불이행,건조,흐림,단일로 - 기타,승용,남,81세,상해없음,보행자,여,68세,경상
2023021800100177,2023년 2월 18일 13시,토요일,강원도 동해시 부곡동,중상사고,0,1,0,0,차대차 - 측면충돌,안전운전불이행,건조,맑음,단일로 - 기타,승용,남,62세,상해없음,화물,남,54세,상해없음
2023021800100222,2023년 2월 18일 15시,토요일,강원도 횡성군 둔내면,경상사고,0,0,3,0,차대차 - 추돌,안전운전불이행,건조,맑음,단일로 - 기타,승용,남,27세,상해없음,승용,남,22세,경상
2023021800100254,2023년 2월 18일 16시,토요일,강원도 속초시 청학동,경상사고,0,0,1,0,차대차 - 측면충돌,교차로운행방법위반,건조,맑음,교차로 - 교차로안,승용,남,37세,상해없음,승용,남,44세,경상
2023021800100255,2023년 2월 18일 16시,토요일,강원도 영월군 영월읍,부상신고사고,0,0,0,1,차대사람 - 차도통행중,안전운전불이행,건조,맑음,교차로 - 교차로부근,승용,남,61세,상해없음,보행자,남,67세,부상신고
2023021800100275,2023년 2월 18일 17시,토요일,강원도 춘천시 신북읍,경상사고,0,0,4,0,차대차 - 측면충돌,안전거리미확보,건조,맑음,기타 - 기타,화물,남,18세,상해없음,승용,여,35세,경상
2023021800100276,2023년 2월 18일 17시,토요일,강원도 강릉시 홍제동,중상사고,0,2,0,0,차대차 - 추돌,안전운전불이행,젖음/습기,흐림,교차로 - 교차로부근,승용,남,68세,상해없음,승용,여,33세,중상
2023021800100277,2023년 2월 18일 17시,토요일,강원도 속초시 교동,경상사고,0,0,3,0,차대차 - 추돌,안전운전불이행,건조,맑음,단일로 - 기타,승용,여,50세,상해없음,승용,남,28세,경상
2023021800100299,2023년 2월 18일 18시,토요일,강원도 춘천시 후평동,경상사고,0,0,1,0,차대차 - 측면충돌,교차로운행방법위반,건조,맑음,교차로 - 교차로안,승용,남,66세,상해없음,이륜,남,33세,경상
2023021800100379,2023년 2월 18일 21시,토요일,강원도 동해시 발한동,경상사고,0,0,3,0,차대차 - 측면충돌,교차로운행방법위반,건조,맑음,교차로 - 교차로안,승용,남,62세,경상,승용,여,37세,경상
2023021800100395,2023년 2월 18일 22시,토요일,강원도 정선군 고한읍,중상사고,0,1,1,0,차대차 - 기타,불법유턴,건조,맑음,교차로 - 교차로안,승용,여,28세,중상,승합,남,47세,경상
2023021900100033,2023년 2월 19일 02시,일요일,강원도 춘천시 운교동,경상사고,0,0,2,0,차대차 - 추돌,안전운전불이행,건조,맑음,단일로 - 기타,승용,남,23세,상해없음,승용,남,65세,상해없음
2023021900100071,2023년 2월 19일 09시,일요일,강원도 고성군 거진읍,중상사고,0,1,0,0,차대차 - 정면충돌,신호위반,건조,맑음,교차로 - 교차로안,승용,여,25세,상해없음,승용,여,60세,중상
2023021900100082,2023년 2월 19일 10시,일요일,강원도 원주시 단구동,경상사고,0,0,1,0,차대차 - 추돌,직진우회전진행방해,젖음/습기,맑음,교차로 - 교차로안,승용,남,49세,상해없음,승용,여,74세,경상
2023021900100224,2023년 2월 19일 16시,일요일,강원도 속초시 조양동,경상사고,0,0,1,0,차대차 - 측면충돌,교차로운행방법위반,건조,맑음,교차로 - 교차로안,승용,여,27세,상해없음,승용,여,57세,경상
2023021900100258,2023년 2월 19일 17시,일요일,강원도 춘천시 퇴계동,경상사고,0,0,1,0,차대차 - 후진중충돌,안전운전불이행,건조,맑음,단일로 - 기타,승용,남,53세,상해없음,승용,남,37세,경상
2023021900100259,2023년 2월 19일 17시,일요일,강원도 강릉시 옥천동,중상사고,0,1,0,0,차대차 - 기타,안전운전불이행,건조,맑음,단일로 - 기타,승용,남,21세,기타불명,이륜,남,31세,중상
2023021900100310,2023년 2월 19일 19시,일요일,강원도 춘천시 석사동,경상사고,0,0,1,0,차대차 - 측면충돌,안전운전불이행,건조,맑음,단일로 - 기타,이륜,남,60세,상해없음,승용,남,45세,경상
2023022000100045,2023년 2월 20일 06시,월요일,강원도 정선군 고한읍,경상사고,0,0,2,0,차대차 - 기타,안전거리미확보,기타,맑음,기타 - 기타,승합,남,60세,상해없음,승용,여,29세,경상
2023022000100066,2023년 2월 20일 07시,월요일,강원도 춘천시 신동면,경상사고,0,0,2,0,차대차 - 측면충돌,중앙선침범,건조,맑음,교차로 - 교차로안,승용,여,34세,상해없음,승용,여,58세,경상
2023022000100067,2023년 2월 20일 07시,월요일,강원도 횡성군 우천면,경상사고,0,0,1,0,차대차 - 정면충돌,안전운전불이행,건조,맑음,교차로 - 교차로안,승용,여,62세,상해없음,승용,남,41세,경상
2023022000100099,2023년 2월 20일 08시,월요일,강원도 속초시 조양동,중상사고,0,6,2,0,차대차 - 추돌,안전운전불이행,건조,맑음,단일로 - 기타,승용,남,65세,상해없음,승용,여,26세,중상
2023022000100135,2023년 2월 20일 09시,월요일,강원도 춘천시 서면,경상사고,0,0,3,0,차대차 - 추돌,안전거리미확보,건조,맑음,단일로 - 기타,승용,남,40세,상해없음,승용,남,71세,경상
2023022000100136,2023년 2월 20일 09시,월요일,강원도 횡성군 우천면,경상사고,0,0,2,0,차대차 - 측면충돌,안전운전불이행,건조,맑음,교차로 - 교차로안,화물,남,46세,경상,승용,남,68세,경상
2023022000100190,2023년 2월 20일 11시,월요일,강원도 원주시 단계동,경상사고,0,0,1,0,차대사람 - 보도통행중,기타,건조,맑음,기타 - 기타,승용,남,62세,상해없음,보행자,여,71세,경상
2023022000100232,2023년 2월 20일 12시,월요일,강원도 동해시 발한동,경상사고,0,0,1,0,차대차 - 기타,안전운전불이행,건조,맑음,주차장 - 주차장,승용,남,61세,상해없음,승용,여,41세,경상
2023022000100261,2023년 2월 20일 13시,월요일,강원도 춘천시 효자동,경상사고,0,0,1,0,차대차 - 정면충돌,안전운전불이행,건조,맑음,교차로 - 교차로안,승용,남,80세,기타불명,승용,남,59세,경상
2023022000100262,2023년 2월 20일 13시,월요일,강원도 강릉시 입암동,중상사고,0,1,0,0,차대사람 - 횡단중,안전운전불이행,건조,맑음,교차로 - 교차로안,승용,여,41세,상해없음,보행자,여,66세,중상
2023022000100263,2023년 2월 20일 13시,월요일,강원도 원주시 단구동,중상사고,0,1,1,0,차대차 - 측면충돌,교차로운행방법위반,건조,맑음,교차로 - 교차로안,승용,남,59세,상해없음,승용,남,69세,중상
2023022000100264,2023년 2월 20일 13시,월요일,강원도 정선군 정선읍,중상사고,0,1,0,0,차대사람 - 횡단중,안전운전불이행,건조,맑음,단일로 - 기타,승용,여,52세,상해없음,보행자,여,78세,중상
2023022000100265,2023년 2월 20일 13시,월요일,강원도 정선군 임계면,경상사고,0,0,1,0,차대차 - 기타,안전운전불이행,건조,맑음,교차로 - 교차로안,승용,남,70세,상해없음,승용,남,45세,경상
2023022000100293,2023년 2월 20일 14시,월요일,강원도 춘천시 후평동,경상사고,0,0,1,0,차대차 - 후진중충돌,안전운전불이행,건조,맑음,단일로 - 기타,화물,남,30세,상해없음,승용,남,69세,경상
2023022000100294,2023년 2월 20일 14시,월요일,강원도 춘천시 동내면,경상사고,0,0,2,0,차대차 - 기타,안전운전불이행,건조,맑음,기타 - 기타,승용,여,47세,상해없음,승용,남,68세,경상
2023022000100316,2023년 2월 20일 15시,월요일,강원도 춘천시 후평동,경상사고,0,0,1,0,차대사람 - 기타,안전운전불이행,건조,맑음,기타 - 기타,승용,남,48세,상해없음,보행자,여,22세,경상
2023022000100317,2023년 2월 20일 15시,월요일,강원도 강릉시 옥천동,경상사고,0,0,1,0,차대사람 - 횡단중,안전운전불이행,건조,맑음,단일로 - 기타,승합,남,56세,상해없음,보행자,남,39세,경상
2023022000100353,2023년 2월 20일 16시,월요일,강원도 원주시 관설동,경상사고,0,0,2,0,차대차 - 추돌,안전운전불이행,건조,맑음,교차로 - 교차로안,승용,남,69세,기타불명,승용,여,37세,경상
2023022000100385,2023년 2월 20일 17시,월요일,강원도 춘천시 후평동,중상사고,0,1,0,0,차대차 - 측면충돌,신호위반,건조,맑음,교차로 - 교차로안,승합,남,61세,상해없음,이륜,남,50세,중상
2023022000100386,2023년 2월 20일 17시,월요일,강원도 원주시 문막읍,경상사고,0,0,1,0,차대차 - 측면충돌,신호위반,건조,맑음,교차로 - 교차로안,승용,여,50세,상해없음,승용,여,36세,경상
2023022000100387,2023년 2월 20일 17시,월요일,강원도 원주시 단구동,경상사고,0,0,1,0,차대차 - 기타,안전운전불이행,건조,맑음,교차로 - 교차로안,승용,여,42세,상해없음,화물,남,27세,경상
2023022000100425,2023년 2월 20일 18시,월요일,강원도 강릉시 교동,경상사고,0,0,1,0,차대사람 - 기타,기타,건조,맑음,교차로 - 교차로부근,승용,남,83세,기타불명,보행자,남,37세,경상
2023022000100457,2023년 2월 20일 19시,월요일,강원도 태백시 황지동,경상사고,0,0,1,0,차대사람 - 차도통행중,안전운전불이행,건조,맑음,교차로 - 교차로안,승용,여,51세,상해없음,보행자,여,68세,경상
2023022000100513,2023년 2월 20일 21시,월요일,강원도 원주시 명륜동,중상사고,0,1,1,0,차대차 - 추돌,안전거리미확보,건조,맑음,기타 - 기타,승용,남,62세,상해없음,승용,남,36세,중상
2023022000100514,2023년 2월 20일 21시,월요일,강원도 동해시 효가동,경상사고,0,0,1,0,차대차 - 기타,안전운전불이행,건조,흐림,단일로 - 기타,승용,남,44세,상해없음,승용,남,48세,경상
2023022100100020,2023년 2월 21일 02시,화요일,강원도 원주시 단계동,경상사고,0,0,1,0,차량단독 - 전도전복 - 전도,안전운전불이행,건조,맑음,교차로 - 교차로안,이륜,남,19세,경상,,,,
2023022100100021,2023년 2월 21일 02시,화요일,강원도 원주시 소초면,중상사고,0,3,0,0,차량단독 - 전도전복 - 전복,안전운전불이행,건조,맑음,단일로 - 기타,승용,남,19세,중상,,,,
2023022100100113,2023년 2월 21일 09시,화요일,강원도 정선군 정선읍,경상사고,0,0,2,0,차대차 - 측면충돌,안전운전불이행,기타,맑음,단일로 - 기타,화물,남,54세,경상,화물,남,43세,상해없음
2023022100100114,2023년 2월 21일 09시,화요일,강원도 동해시 쇄운동,중상사고,0,1,0,0,차대사람 - 횡단중,보행자보호의무위반,건조,맑음,교차로 - 교차로횡단보도내,승용,여,62세,상해없음,보행자,여,59세,중상
2023022100100169,2023년 2월 21일 11시,화요일,강원도 춘천시 효자동,경상사고,0,0,1,0,차대차 - 측면충돌,차로위반,건조,맑음,단일로 - 기타,승용,여,74세,상해없음,승용,여,39세,경상
2023022100100170,2023년 2월 21일 11시,화요일,강원도 홍천군 홍천읍,중상사고,0,1,0,0,차대사람 - 보도통행중,보행자보호의무위반,건조,맑음,교차로 - 교차로횡단보도내,승용,여,50세,상해없음,보행자,여,85세,중상
2023022100100232,2023년 2월 21일 13시,화요일,강원도 양양군 양양읍,중상사고,0,2,1,0,차대차 - 측면충돌,기타,건조,맑음,교차로 - 교차로안,건설기계,남,61세,상해없음,승용,남,73세,중상
2023022100100233,2023년 2월 21일 13시,화요일,강원도 홍천군 화촌면,경상사고,0,0,2,0,차대차 - 측면충돌,중앙선침범,건조,맑음,단일로 - 지하차도(도로)내,승용,여,55세,상해없음,승용,남,24세,경상
2023022100100268,2023년 2월 21일 14시,화요일,강원도 강릉시 노암동,중상사고,0,1,0,0,차대사람 - 횡단중,보행자보호의무위반,건조,맑음,단일로 - 기타,승용,여,55세,상해없음,보행자,여,75세,중상
2023022100100299,2023년 2월 21일 15시,화요일,강원도 동해시 쇄운동,경상사고,0,0,1,0,차대차 - 기타,교차로운행방법위반,건조,맑음,교차로 - 교차로안,승용,남,26세,상해없음,승용,남,21세,경상
2023022100100329,2023년 2월 21일 16시,화요일,강원도 강릉시 노암동,경상사고,0,0,1,0,차대차 - 측면충돌,안전운전불이행,건조,맑음,교차로 - 교차로안,승용,남,22세,기타불명,승용,여,28세,경상
2023022100100397,2023년 2월 21일 18시,화요일,강원도 춘천시 후평동,경상사고,0,0,1,0,차대차 - 측면충돌,신호위반,건조,맑음,교차로 - 교차로안,승용,남,22세,상해없음,승용,여,53세,경상
2023022100100398,2023년 2월 21일 18시,화요일,강원도 춘천시 서면,부상신고사고,0,0,0,3,차대차 - 추돌,안전운전불이행,건조,맑음,단일로 - 기타,승용,남,31세,상해없음,승용,남,29세,부상신고
2023022100100399,2023년 2월 21일 18시,화요일,강원도 춘천시 석사동,경상사고,0,0,2,0,차대차 - 기타,교차로운행방법위반,건조,맑음,교차로 - 교차로안,승용,여,24세,상해없음,승용,남,38세,경상
2023022100100400,2023년 2월 21일 18시,화요일,강원도 춘천시 효자동,중상사고,0,1,1,0,차대차 - 측면충돌,안전운전불이행,건조,맑음,교차로 - 교차로안,승용,남,69세,경상,화물,남,49세,중상
2023022100100436,2023년 2월 21일 19시,화요일,강원도 춘천시 사농동,경상사고,0,0,1,0,차대차 - 기타,안전운전불이행,건조,맑음,단일로 - 기타,화물,남,66세,상해없음,승용,여,29세,경상
2023022100100437,2023년 2월 21일 19시,화요일,강원도 강릉시 포남동,중상사고,0,1,0,0,차대사람 - 횡단중,보행자보호의무위반,건조,맑음,단일로 - 기타,승용,여,58세,기타불명,보행자,여,65세,중상
2023022100100483,2023년 2월 21일 21시,화요일,강원도 정선군 고한읍,경상사고,0,0,4,0,차대차 - 측면충돌,안전운전불이행,기타,맑음,단일로 - 기타,승용,여,32세,상해없음,승용,여,40세,상해없음
2023022200100075,2023년 2월 22일 08시,수요일,강원도 고성군 현내면,중상사고,0,1,0,0,차대사람 - 기타,안전운전불이행,젖음/습기,맑음,단일로 - 기타,화물,남,51세,상해없음,보행자,여,59세,중상
2023022200100076,2023년 2월 22일 08시,수요일,강원도 동해시 초구동,중상사고,0,1,0,0,차대차 - 정면충돌,신호위반,건조,맑음,교차로 - 교차로안,이륜,남,66세,중상,화물,남,58세,상해없음
2023022200100140,2023년 2월 22일 10시,수요일,강원도 속초시 조양동,경상사고,0,0,1,0,차대차 - 추돌,신호위반,건조,맑음,교차로 - 교차로부근,승용,남,66세,상해없음,승합,남,40세,경상
2023022200100173,2023년 2월 22일 11시,수요일,강원도 원주시 원동,경상사고,0,0,2,0,차대차 - 추돌,교차로운행방법위반,건조,맑음,교차로 - 교차로안,승용,여,59세,상해없음,승용,남,64세,경상
2023022200100231,2023년 2월 22일 13시,수요일,강원도 원주시 명륜동,경상사고,0,0,1,0,차대사람 - 횡단중,보행자보호의무위반,건조,맑음,교차로 - 교차로안,승용,남,40세,상해없음,보행자,남,68세,경상
2023022200100349,2023년 2월 22일 17시,수요일,강원도 강릉시 강동면,경상사고,0,0,1,0,차대차 - 기타,안전운전불이행,건조,맑음,단일로 - 기타,승용,남,41세,기타불명,승용,여,64세,경상
2023022200100350,2023년 2월 22일 17시,수요일,강원도 강릉시 입암동,경상사고,0,0,2,0,차대차 - 측면충돌,안전운전불이행,건조,맑음,교차로 - 교차로안,승용,남,47세,기타불명,승용,남,36세,경상
2023022200100468,2023년 2월 22일 21시,수요일,강원도 춘천시 효자동,경상사고,0,0,1,0,차대사람 - 기타,신호위반,건조,맑음,단일로 - 기타,승용,남,56세,상해없음,보행자,남,26세,경상
2023022300100033,2023년 2월 23일 05시,목요일,강원도 원주시 단계동,중상사고,0,1,0,0,차대사람 - 기타,안전운전불이행,건조,맑음,단일로 - 기타,승합,남,55세,상해없음,보행자,남,62세,중상
2023022300100034,2023년 2월 23일 05시,목요일,강원도 정선군 신동읍,경상사고,0,0,1,0,차대차 - 기타,안전운전불이행,건조,맑음,기타 - 기타,승용,남,31세,경상,승용,남,30세,상해없음
2023022300100046,2023년 2월 23일 06시,목요일,강원도 춘천시 동내면,중상사고,0,1,0,0,차대차 - 측면충돌,차로위반,건조,맑음,단일로 - 기타,건설기계,남,56세,상해없음,화물,남,41세,중상
2023022300100118,2023년 2월 23일 09시,목요일,강원도 춘천시 후평동,경상사고,0,0,1,1,차대차 - 측면충돌,교차로운행방법위반,건조,맑음,교차로 - 교차로안,승용,남,60세,경상,승용,여,39세,부상신고
2023022300100119,2023년 2월 23일 09시,목요일,강원도 원주시 태장동,경상사고,0,0,1,0,차대차 - 기타,불법유턴,건조,맑음,교차로 - 교차로부근,자전거,남,76세,경상,승용,남,52세,상해없음
2023022300100120,2023년 2월 23일 09시,목요일,강원도 홍천군 홍천읍,경상사고,0,0,1,0,차대차 - 측면충돌,직진우회전진행방해,건조,맑음,교차로 - 교차로안,승용,여,63세,상해없음,승용,여,61세,경상
2023022300100165,2023년 2월 23일 11시,목요일,강원도 원주시 우산동,경상사고,0,0,1,0,차대차 - 정면충돌,직진우회전진행방해,건조,맑음,교차로 - 교차로안,이륜,남,31세,경상,승용,남,29세,기타불명
2023022300100185,2023년 2월 23일 12시,목요일,강원도 원주시 문막읍,경상사고,0,0,1,0,차대사람 - 기타,안전운전불이행,건조,맑음,교차로 - 교차로부근,승용,남,41세,상해없음,보행자,남,57세,경상
2023022300100186,2023년 2월 23일 12시,목요일,강원도 양구군 양구읍,경상사고,0,0,1,0,차대차 - 측면충돌,안전운전불이행,건조,맑음,교차로 - 교차로안,승용,남,68세,상해없음,이륜,남,23세,경상
2023022300100209,2023년 2월 23일 13시,목요일,강원도 춘천시 동면,부상신고사고,0,0,0,3,차대차 - 정면충돌,안전운전불이행,건조,맑음,교차로 - 교차로부근,승용,남,61세,상해없음,승용,남,82세,부상신고
2023022300100210,2023년 2월 23일 13시,목요일,강원도 원주시 소초면,경상사고,0,0,1,0,차대차 - 측면충돌,신호위반,건조,맑음,교차로 - 교차로안,화물,남,77세,상해없음,승용,남,69세,경상