사고번호,사고일시,요일,시군구,사고내용,사망자수,중상자수,경상자수,부상신고자수,사고유형,법규위반,노면상태,기상상태,도로형태,가해운전자 차종,가해운전자 성별,가해운전자 연령,가해운전자 상해정도,피해운전자 차종,피해운전자 성별,피해운전자 연령,피해운전자 상해정도
2023030400100252,2023년 3월 4일 14시,토요일,강원도 동해시 송정동,경상사고,0,0,1,0,차대차 - 추돌,안전운전불이행,건조,맑음,단일로 - 기타,승용,남,65세,상해없음,승용,남,47세,경상
2023030400100315,2023년 3월 4일 16시,토요일,강원도 춘천시 효자동,부상신고사고,0,0,0,1,차대사람 - 기타,안전운전불이행,건조,기타,기타 - 기타,승합,남,38세,상해없음,보행자,여,66세,부상신고
2023030400100348,2023년 3월 4일 17시,토요일,강원도 강릉시 옥천동,경상사고,0,0,1,0,차대차 - 측면충돌,안전운전불이행,건조,맑음,교차로 - 교차로안,승용,남,74세,상해없음,승용,남,33세,경상
2023030400100349,2023년 3월 4일 17시,토요일,강원도 인제군 북면,경상사고,0,0,1,0,차대차 - 측면충돌,안전운전불이행,건조,맑음,단일로 - 기타,승용,남,60세,상해없음,승용,여,40세,경상
2023030400100400,2023년 3월 4일 19시,토요일,강원도 속초시 교동,중상사고,0,1,0,0,차대사람 - 횡단중,안전운전불이행,건조,흐림,단일로 - 지하차도(도로)내,승합,남,55세,상해없음,보행자,여,85세,중상
2023030400100494,2023년 3월 4일 23시,토요일,강원도 삼척시 도계읍,경상사고,0,0,1,0,차대차 - 측면충돌,안전운전불이행,기타,맑음,단일로 - 기타,승용,남,47세,상해없음,승용,남,43세,경상
2023030500100046,2023년 3월 5일 04시,일요일,강원도 삼척시 도계읍,경상사고,0,0,1,0,차대차 - 측면충돌,안전운전불이행,건조,맑음,단일로 - 기타,승용,남,47세,상해없음,승용,남,56세,경상
2023030500100069,2023년 3월 5일 06시,일요일,강원도 강릉시 구정면,중상사고,0,1,0,0,차대사람 - 기타,안전운전불이행,건조,맑음,기타 - 기타,승용,남,33세,상해없음,보행자,남,84세,중상
2023030500100114,2023년 3월 5일 10시,일요일,강원도 동해시 용정동,중상사고,0,1,0,0,차대사람 - 기타,안전운전불이행,건조,맑음,단일로 - 기타,화물,남,55세,상해없음,보행자,남,56세,중상
2023030500100134,2023년 3월 5일 11시,일요일,강원도 동해시 묵호진동,중상사고,0,1,0,0,차대차 - 후진중충돌,안전운전불이행,건조,맑음,단일로 - 기타,승용,여,61세,상해없음,자전거,남,64세,중상
2023030500100154,2023년 3월 5일 12시,일요일,강원도 원주시 무실동,경상사고,0,0,1,0,차대차 - 기타,교차로운행방법위반,건조,맑음,교차로 - 교차로안,승용,남,21세,상해없음,승용,남,31세,상해없음
2023030500100155,2023년 3월 5일 12시,일요일,강원도 평창군 봉평면,경상사고,0,0,2,0,차대차 - 측면충돌,안전운전불이행,건조,맑음,교차로 - 교차로안,승용,여,23세,상해없음,화물,남,53세,경상
2023030500100188,2023년 3월 5일 13시,일요일,강원도 춘천시 동내면,경상사고,0,0,1,0,차대차 - 측면충돌,교차로운행방법위반,건조,맑음,교차로 - 교차로안,승용,남,43세,상해없음,승용,여,34세,경상
2023030500100189,2023년 3월 5일 13시,일요일,강원도 홍천군 홍천읍,경상사고,0,0,1,0,차대차 - 측면충돌,직진우회전진행방해,건조,맑음,교차로 - 교차로안,승용,여,62세,상해없음,승용,남,43세,경상
2023030500100224,2023년 3월 5일 14시,일요일,강원도 원주시 행구동,경상사고,0,0,1,0,차대차 - 측면충돌,안전운전불이행,건조,맑음,교차로 - 교차로안,승용,여,54세,상해없음,승용,여,61세,경상
2023030500100249,2023년 3월 5일 15시,일요일,강원도 춘천시 동면,부상신고사고,0,0,0,1,차대사람 - 기타,안전운전불이행,건조,맑음,단일로 - 기타,승용,여,53세,상해없음,보행자,남,50세,부상신고
2023030500100250,2023년 3월 5일 15시,일요일,강원도 원주시 개운동,경상사고,0,0,1,0,차대차 - 측면충돌,안전거리미확보,건조,맑음,단일로 - 기타,승용,남,49세,상해없음,승용,여,53세,경상
2023030500100251,2023년 3월 5일 15시,일요일,강원도 영월군 영월읍,중상사고,0,1,0,0,차대사람 - 횡단중,보행자보호의무위반,건조,맑음,교차로 - 교차로횡단보도내,승용,남,54세,상해없음,보행자,남,86세,중상
2023030500100357,2023년 3월 5일 19시,일요일,강원특별자치도 강릉시 주문진읍,경상사고,0,0,1,0,차대차 - 추돌,기타,건조,맑음,단일로 - 기타,승용,남,29세,기타불명,승용,여,62세,경상
2023030600100244,2023년 3월 6일 13시,월요일,강원도 원주시 지정면,경상사고,0,0,1,0,차대차 - 후진중충돌,안전운전불이행,건조,맑음,단일로 - 기타,승용,남,76세,상해없음,이륜,남,41세,경상
2023030600100361,2023년 3월 6일 17시,월요일,강원도 강릉시 옥천동,경상사고,0,0,3,0,차대차 - 측면충돌,안전운전불이행,건조,맑음,교차로 - 교차로안,승용,남,25세,기타불명,승용,남,34세,경상
2023030600100450,2023년 3월 6일 20시,월요일,강원도 춘천시 후평동,경상사고,0,0,1,0,차대차 - 기타,안전운전불이행,건조,맑음,교차로 - 교차로안,기타불명,기타불명,미분류,기타불명,승용,남,53세,상해없음
2023030600100451,2023년 3월 6일 20시,월요일,강원도 동해시 효가동,경상사고,0,0,1,0,차대차 - 기타,신호위반,건조,맑음,교차로 - 교차로안,승용,남,18세,상해없음,승용,남,45세,경상
2023030600100492,2023년 3월 6일 22시,월요일,강원도 삼척시 남양동,중상사고,0,1,0,0,차대사람 - 기타,안전운전불이행,건조,맑음,단일로 - 지하차도(도로)내,승용,남,44세,상해없음,보행자,남,59세,중상
2023030700100051,2023년 3월 7일 07시,화요일,강원도 춘천시 근화동,경상사고,0,0,1,0,차대차 - 측면충돌,안전거리미확보,건조,맑음,단일로 - 기타,건설기계,남,61세,상해없음,승용,남,35세,경상
2023030700100074,2023년 3월 7일 08시,화요일,강원도 춘천시 효자동,중상사고,0,1,0,2,차대차 - 기타,안전거리미확보,건조,맑음,단일로 - 기타,승용,남,82세,부상신고,승용,남,22세,중상
2023030700100075,2023년 3월 7일 08시,화요일,강원도 춘천시 온의동,경상사고,0,0,1,0,차대차 - 기타,안전운전불이행,건조,맑음,교차로 - 교차로안,개인형이동수단(PM),남,43세,경상,승용,남,59세,상해없음
2023030700100076,2023년 3월 7일 08시,화요일,강원도 고성군 토성면,사망사고,1,0,0,0,차량단독 - 도로외이탈 - 추락,안전운전불이행,건조,맑음,단일로 - 기타,화물,남,68세,사망,,,,
2023030700100101,2023년 3월 7일 09시,화요일,강원도 춘천시 죽림동,경상사고,0,0,1,0,차대차 - 측면충돌,안전운전불이행,건조,맑음,교차로 - 교차로안,승용,남,55세,상해없음,승용,남,45세,경상
2023030700100179,2023년 3월 7일 12시,화요일,강원도 강릉시 내곡동,경상사고,0,0,1,0,차대사람 - 기타,안전운전불이행,건조,맑음,단일로 - 기타,화물,남,86세,상해없음,보행자,남,25세,경상
2023030700100180,2023년 3월 7일 12시,화요일,강원도 원주시 단계동,중상사고,0,1,0,0,차대차 - 측면충돌,신호위반,건조,맑음,교차로 - 교차로안,승용,남,58세,상해없음,이륜,남,53세,중상
2023030700100214,2023년 3월 7일 13시,화요일,강원도 속초시 조양동,중상사고,0,2,3,0,차대차 - 측면충돌,안전운전불이행,건조,맑음,교차로 - 교차로안,승용,남,81세,상해없음,승용,여,64세,경상
2023030700100236,2023년 3월 7일 14시,화요일,강원도 춘천시 효자동,중상사고,0,1,0,0,차대차 - 기타,교차로운행방법위반,건조,맑음,교차로 - 교차로안,승용,남,50세,상해없음,화물,남,51세,중상
2023030700100237,2023년 3월 7일 14시,화요일,강원도 홍천군 홍천읍,경상사고,0,0,1,0,차대사람 - 보도통행중,기타,건조,맑음,기타 - 기타,화물,남,63세,상해없음,보행자,여,64세,경상
2023030700100271,2023년 3월 7일 15시,화요일,강원도 춘천시 온의동,경상사고,0,0,1,0,차대사람 - 기타,안전운전불이행,건조,맑음,단일로 - 기타,승합,남,58세,상해없음,보행자,남,19세,경상
2023030700100311,2023년 3월 7일 16시,화요일,강원도 춘천시 효자동,중상사고,0,1,0,0,차대차 - 기타,교차로운행방법위반,건조,맑음,교차로 - 교차로안,승용,남,76세,상해없음,이륜,남,32세,중상
2023030700100312,2023년 3월 7일 16시,화요일,강원도 정선군 정선읍,경상사고,0,0,1,0,차대사람 - 차도통행중,안전운전불이행,기타,맑음,교차로 - 교차로부근,화물,남,59세,상해없음,보행자,여,80세,경상
2023030700100313,2023년 3월 7일 16시,화요일,강원도 철원군 근남면,중상사고,0,1,0,0,차대차 - 측면충돌,안전운전불이행,건조,맑음,단일로 - 기타,승용,남,41세,상해없음,사륜오토바이(ATV),여,84세,중상
2023030700100347,2023년 3월 7일 17시,화요일,강원도 춘천시 퇴계동,경상사고,0,0,4,0,차대차 - 추돌,안전운전불이행,건조,맑음,교차로 - 교차로부근,화물,남,71세,상해없음,승합,남,67세,경상
2023030700100379,2023년 3월 7일 18시,화요일,강원도 춘천시 온의동,경상사고,0,0,1,0,차대차 - 측면충돌,안전운전불이행,건조,맑음,교차로 - 교차로안,승용,여,28세,상해없음,승용,남,62세,경상
2023030800100098,2023년 3월 8일 08시,수요일,강원도 춘천시 동내면,경상사고,0,0,2,1,차대차 - 추돌,안전운전불이행,건조,맑음,단일로 - 기타,승용,여,58세,상해없음,승용,여,47세,경상
2023030800100099,2023년 3월 8일 08시,수요일,강원도 원주시 단계동,경상사고,0,0,1,0,차대차 - 기타,교차로운행방법위반,건조,맑음,교차로 - 교차로안,승용,여,48세,상해없음,승용,남,27세,경상
2023030800100221,2023년 3월 8일 12시,수요일,강원도 춘천시 후평동,중상사고,0,1,0,1,차대차 - 측면충돌,차로위반,건조,맑음,단일로 - 기타,승용,여,34세,부상신고,승용,여,63세,중상
2023030800100247,2023년 3월 8일 13시,수요일,강원도 삼척시 도계읍,경상사고,0,0,3,0,차대차 - 측면충돌,안전운전불이행,건조,맑음,단일로 - 기타,승용,남,84세,경상,화물,남,56세,경상
2023030800100296,2023년 3월 8일 15시,수요일,강원도 강릉시 안현동,중상사고,0,1,0,0,차량단독 - 기타,안전운전불이행,건조,맑음,단일로 - 기타,승합,남,57세,상해없음,,,,
2023030800100401,2023년 3월 8일 18시,수요일,강원도 춘천시 효자동,경상사고,0,0,2,0,차대차 - 기타,안전운전불이행,건조,흐림,교차로 - 교차로횡단보도내,승용,남,57세,상해없음,개인형이동수단(PM),남,26세,경상
2023030800100454,2023년 3월 8일 19시,수요일,강원도 원주시 단계동,경상사고,0,0,1,0,차대차 - 측면충돌,안전운전불이행,건조,맑음,단일로 - 기타,승용,여,28세,상해없음,이륜,남,46세,경상
2023030800100484,2023년 3월 8일 20시,수요일,강원도 강릉시 내곡동,경상사고,0,0,1,0,차대차 - 측면충돌,안전운전불이행,건조,맑음,기타 - 기타,화물,남,49세,상해없음,승용,남,24세,경상
2023030800100505,2023년 3월 8일 21시,수요일,강원도 강릉시 교동,경상사고,0,0,1,0,차대차 - 측면충돌,신호위반,건조,맑음,교차로 - 교차로안,승용,남,25세,상해없음,승합,남,60세,상해없음
2023030800100538,2023년 3월 8일 23시,수요일,강원도 원주시 단계동,경상사고,0,0,1,0,차대사람 - 차도통행중,안전운전불이행,건조,맑음,단일로 - 기타,승용,남,22세,상해없음,보행자,남,28세,경상
2023030900100020,2023년 3월 9일 01시,목요일,강원도 영월군 영월읍,경상사고,0,0,2,1,차대차 - 측면충돌,직진우회전진행방해,건조,맑음,교차로 - 교차로안,이륜,여,19세,상해없음,승용,여,28세,경상
2023030900100021,2023년 3월 9일 01시,목요일,강원도 횡성군 횡성읍,중상사고,0,1,0,0,차량단독 - 공작물충돌,안전운전불이행,젖음/습기,흐림,단일로 - 기타,승용,남,38세,중상,,,,
2023030900100159,2023년 3월 9일 10시,목요일,강원도 원주시 원동,중상사고,0,1,0,0,차대사람 - 횡단중,보행자보호의무위반,건조,맑음,교차로 - 교차로횡단보도내,승용,남,75세,상해없음,보행자,여,43세,중상
2023030900100185,2023년 3월 9일 11시,목요일,강원도 양구군 양구읍,중상사고,0,1,0,0,차대차 - 추돌,중앙선침범,건조,맑음,단일로 - 기타,화물,남,60세,상해없음,승용,남,64세,중상
2023030900100205,2023년 3월 9일 12시,목요일,강원도 춘천시 후평동,경상사고,0,0,1,0,차대사람 - 기타,안전운전불이행,건조,맑음,교차로 - 교차로안,화물,남,64세,상해없음,보행자,여,73세,경상
2023030900100206,2023년 3월 9일 12시,목요일,강원도 동해시 천곡동,경상사고,0,0,1,0,차대차 - 측면충돌,신호위반,건조,맑음,교차로 - 교차로안,승용,남,24세,상해없음,승용,남,65세,경상
2023030900100239,2023년 3월 9일 13시,목요일,강원도 원주시 개운동,중상사고,0,1,0,0,차대차 - 측면충돌,안전운전불이행,건조,맑음,단일로 - 기타,승용,여,33세,상해없음,승합,여,35세,중상
2023030900100240,2023년 3월 9일 13시,목요일,강원도 속초시 조양동,경상사고,0,0,1,0,차대사람 - 보도통행중,기타,건조,맑음,단일로 - 기타,이륜,남,26세,상해없음,보행자,남,8세,경상
2023030900100241,2023년 3월 9일 13시,목요일,강원도 삼척시 교동,중상사고,0,1,0,0,차대차 - 기타,안전운전불이행,건조,맑음,교차로 - 교차로안,승용,남,20세,상해없음,개인형이동수단(PM),남,23세,중상
2023030900100327,2023년 3월 9일 16시,목요일,강원도 원주시 태장동,경상사고,0,0,2,0,차대차 - 추돌,안전거리미확보,건조,맑음,교차로 - 교차로안,승용,여,55세,상해없음,승용,여,45세,경상
2023030900100360,2023년 3월 9일 17시,목요일,강원도 춘천시 효자동,경상사고,0,0,1,0,차대사람 - 횡단중,보행자보호의무위반,건조,맑음,단일로 - 기타,승용,남,69세,상해없음,보행자,여,66세,경상
2023030900100361,2023년 3월 9일 17시,목요일,강원도 철원군 갈말읍,경상사고,0,0,1,0,차대사람 - 기타,안전운전불이행,건조,맑음,주차장 - 주차장,화물,남,61세,상해없음,보행자,여,66세,경상
2023030900100362,2023년 3월 9일 17시,목요일,강원도 철원군 갈말읍,부상신고사고,0,0,0,1,차대차 - 측면충돌,안전운전불이행,건조,맑음,교차로 - 교차로안,화물,남,68세,부상신고,화물,남,60세,상해없음
2023030900100404,2023년 3월 9일 18시,목요일,강원도 인제군 서화면,경상사고,0,0,2,0,차대차 - 추돌,안전운전불이행,건조,기타,기타 - 기타,화물,남,65세,상해없음,화물,남,20세,경상
2023030900100444,2023년 3월 9일 19시,목요일,강원도 춘천시 효자동,경상사고,0,0,1,0,차대차 - 추돌,안전운전불이행,건조,맑음,단일로 - 기타,승용,여,29세,상해없음,승용,여,39세,경상
2023030900100466,2023년 3월 9일 20시,목요일,강원도 원주시 지정면,경상사고,0,0,1,0,차대차 - 측면충돌,안전운전불이행,건조,흐림,교차로 - 교차로안,승용,남,24세,상해없음,승용,여,48세,경상
2023030900100516,2023년 3월 9일 22시,목요일,강원도 춘천시 중앙로2가,경상사고,0,0,1,0,차대차 - 측면충돌,신호위반,건조,맑음,교차로 - 교차로안,승용,남,21세,상해없음,승용,남,36세,경상
2023030900100517,2023년 3월 9일 22시,목요일,강원도 태백시 화전동,경상사고,0,0,1,0,차량단독 - 공작물충돌,안전운전불이행,건조,맑음,단일로 - 기타,승용,남,80세,상해없음,,,,
2023031000100006,2023년 3월 10일 00시,금요일,강원도 고성군 토성면,중상사고,0,1,0,0,차대차 - 추돌,안전운전불이행,건조,흐림,기타 - 기타,승용,여,43세,상해없음,승용,남,48세,중상
2023031000100078,2023년 3월 10일 07시,금요일,강원도 춘천시 온의동,경상사고,0,0,1,0,차대사람 - 횡단중,신호위반,건조,맑음,교차로 - 교차로횡단보도내,화물,남,70세,상해없음,보행자,남,17세,경상
2023031000100079,2023년 3월 10일 07시,금요일,강원도 원주시 지정면,중상사고,0,2,0,0,차대차 - 정면충돌,중앙선침범,건조,흐림,단일로 - 교량,승용,남,65세,기타불명,승용,남,29세,중상
2023031000100107,2023년 3월 10일 08시,금요일,강원도 원주시 태장동,경상사고,0,0,1,0,차대차 - 추돌,안전운전불이행,건조,맑음,교차로 - 교차로부근,승용,여,55세,상해없음,승용,남,29세,경상
2023031000100168,2023년 3월 10일 10시,금요일,강원도 원주시 단계동,경상사고,0,0,2,0,차대차 - 추돌,교차로운행방법위반,건조,맑음,교차로 - 교차로안,승용,여,28세,상해없음,화물,남,36세,경상
2023031000100201,2023년 3월 10일 11시,금요일,강원도 춘천시 퇴계동,경상사고,0,0,1,0,차대차 - 측면충돌,신호위반,건조,맑음,교차로 - 교차로안,승용,남,82세,상해없음,승용,남,54세,경상
2023031000100283,2023년 3월 10일 14시,금요일,강원도 강릉시 사천면,경상사고,0,0,1,0,차대차 - 추돌,안전운전불이행,건조,맑음,단일로 - 기타,승용,남,47세,상해없음,승용,여,57세,경상
2023031000100313,2023년 3월 10일 15시,금요일,강원도 홍천군 홍천읍,경상사고,0,0,1,0,차대사람 - 횡단중,안전운전불이행,건조,맑음,주차장 - 주차장,건설기계,남,27세,상해없음,보행자,여,55세,경상
2023031000100390,2023년 3월 10일 17시,금요일,강원도 원주시 흥업면,경상사고,0,0,1,0,차대차 - 후진중충돌,안전운전불이행,건조,맑음,단일로 - 기타,승용,여,34세,상해없음,승용,여,46세,경상
2023031000100490,2023년 3월 10일 19시,금요일,강원도 강릉시 교동,경상사고,0,0,1,0,차대차 - 추돌,안전운전불이행,건조,맑음,교차로 - 교차로부근,승용,남,72세,상해없음,승용,여,39세,경상
2023031000100491,2023년 3월 10일 19시,금요일,강원도 홍천군 서면,경상사고,0,0,1,0,차대차 - 측면충돌,안전운전불이행,건조,맑음,단일로 - 기타,기타불명,기타불명,미분류,기타불명,승용,남,32세,경상
2023031000100533,2023년 3월 10일 20시,금요일,강원도 춘천시 온의동,경상사고,0,0,1,0,차대차 - 기타,중앙선침범,건조,맑음,단일로 - 기타,승용,여,57세,상해없음,승용,남,69세,경상
2023031000100534,2023년 3월 10일 20시,금요일,강원도 강릉시 성남동,경상사고,0,0,1,0,차대사람 - 횡단중,보행자보호의무위반,건조,맑음,교차로 - 교차로횡단보도내,승용,여,41세,상해없음,보행자,여,35세,경상
2023031000100567,2023년 3월 10일 21시,금요일,강원도 춘천시 동면,경상사고,0,0,3,1,차대차 - 기타,교차로운행방법위반,건조,맑음,교차로 - 교차로안,승용,여,48세,부상신고,승용,남,33세,경상
2023031000100593,2023년 3월 10일 22시,금요일,강원도 속초시 대포동,경상사고,0,0,2,0,차대차 - 정면충돌,중앙선침범,건조,맑음,교차로 - 교차로부근,승용,남,48세,상해없음,승용,남,34세,경상
2023031100100047,2023년 3월 11일 05시,토요일,강원도 원주시 단계동,경상사고,0,0,1,0,차대차 - 측면충돌,신호위반,건조,맑음,교차로 - 교차로안,승용,여,44세,상해없음,승용,남,60세,경상
2023031100100122,2023년 3월 11일 10시,토요일,강원도 강릉시 교동,경상사고,0,0,1,0,차대차 - 기타,안전운전불이행,건조,맑음,교차로 - 교차로부근,승합,남,38세,상해없음,승용,남,64세,경상
2023031100100152,2023년 3월 11일 11시,토요일,강원도 영월군 영월읍,경상사고,0,0,1,0,차대차 - 측면충돌,교차로운행방법위반,건조,맑음,교차로 - 교차로안,승용,여,25세,상해없음,승용,남,41세,경상
2023031100100223,2023년 3월 11일 13시,토요일,강원도 춘천시 동면,경상사고,0,0,1,0,차대차 - 정면충돌,중앙선침범,건조,맑음,단일로 - 기타,승용,남,54세,상해없음,화물,남,49세,경상
2023031100100267,2023년 3월 11일 14시,토요일,강원도 춘천시 죽림동,중상사고,0,1,0,0,차대사람 - 길가장자리구역통행중,안전운전불이행,건조,맑음,단일로 - 기타,승용,여,53세,상해없음,보행자,여,80세,중상
2023031100100268,2023년 3월 11일 14시,토요일,강원도 춘천시 후평동,경상사고,0,0,1,2,차대차 - 측면충돌,직진우회전진행방해,건조,맑음,교차로 - 교차로안,승용,여,61세,부상신고,승용,여,50세,경상
2023031100100269,2023년 3월 11일 14시,토요일,강원도 원주시 일산동,경상사고,0,0,2,0,차대차 - 추돌,안전운전불이행,건조,맑음,기타 - 기타,승용,남,74세,상해없음,승용,여,41세,경상
2023031100100270,2023년 3월 11일 14시,토요일,강원도 원주시 무실동,중상사고,0,1,0,0,차대차 - 추돌,신호위반,건조,맑음,교차로 - 교차로안,승용,남,45세,상해없음,이륜,남,33세,중상
2023031100100271,2023년 3월 11일 14시,토요일,강원도 원주시 관설동,경상사고,0,0,2,0,차대차 - 측면충돌,안전운전불이행,건조,맑음,단일로 - 기타,승용,남,21세,상해없음,화물,남,41세,경상
2023031100100350,2023년 3월 11일 16시,토요일,강원도 화천군 사내면,경상사고,0,0,2,0,차대차 - 측면충돌,중앙선침범,건조,맑음,단일로 - 기타,화물,남,49세,상해없음,승용,남,57세,경상
2023031100100377,2023년 3월 11일 17시,토요일,강원도 원주시 개운동,부상신고사고,0,0,0,1,차대사람 - 차도통행중,보행자보호의무위반,건조,맑음,단일로 - 기타,승용,남,67세,기타불명,보행자,남,28세,부상신고
2023031100100434,2023년 3월 11일 19시,토요일,강원도 춘천시 온의동,부상신고사고,0,0,0,1,차대차 - 기타,안전운전불이행,건조,맑음,교차로 - 교차로안,자전거,남,65세,부상신고,화물,남,67세,상해없음
2023031100100435,2023년 3월 11일 19시,토요일,강원도 원주시 단구동,경상사고,0,0,2,0,차대차 - 추돌,안전운전불이행,건조,맑음,교차로 - 교차로안,승용,남,34세,상해없음,승용,여,46세,경상
2023031100100465,2023년 3월 11일 20시,토요일,강원도 강릉시 초당동,경상사고,0,0,1,0,차대차 - 측면충돌,안전운전불이행,건조,맑음,교차로 - 교차로안,승용,남,64세,상해없음,승용,남,38세,경상
2023031100100466,2023년 3월 11일 20시,토요일,강원도 강릉시 교동,중상사고,0,1,0,0,차대사람 - 횡단중,안전운전불이행,건조,맑음,단일로 - 기타,승용,여,25세,상해없음,보행자,여,80세,중상
2023031200100052,2023년 3월 12일 06시,일요일,강원도 강릉시 노암동,경상사고,0,0,2,0,차대차 - 측면충돌,안전운전불이행,건조,맑음,교차로 - 교차로안,승용,남,33세,경상,승용,남,68세,경상
2023031200100109,2023년 3월 12일 11시,일요일,강원도 원주시 문막읍,부상신고사고,0,0,0,1,차대차 - 기타,안전운전불이행,젖음/습기,비,교차로 - 교차로안,기타불명,기타불명,미분류,기타불명,승용,남,55세,부상신고
2023031200100110,2023년 3월 12일 11시,일요일,강원도 영월군 영월읍,경상사고,0,0,3,0,차대차 - 측면충돌,직진우회전진행방해,젖음/습기,비,교차로 - 교차로안,승용,여,56세,경상,승용,남,66세,경상
2023031200100138,2023년 3월 12일 12시,일요일,강원도 원주시 우산동,경상사고,0,0,1,0,차대차 - 후진중충돌,안전운전불이행,기타,맑음,기타 - 기타,승용,남,56세,상해없음,승용,남,38세,경상
2023031200100160,2023년 3월 12일 13시,일요일,강원도 원주시 호저면,경상사고,0,0,1,0,차량단독 - 기타,안전운전불이행,젖음/습기,비,단일로 - 교량,화물,남,62세,상해없음,,,,
2023031200100188,2023년 3월 12일 14시,일요일,강원도 평창군 봉평면,중상사고,0,1,2,1,차대차 - 추돌,안전운전불이행,젖음/습기,비,단일로 - 터널,승용,남,24세,상해없음,승용,남,24세,중상
2023031200100265,2023년 3월 12일 17시,일요일,강원도 춘천시 효자동,경상사고,0,0,1,1,차대차 - 측면충돌,안전운전불이행,건조,맑음,교차로 - 교차로안,승용,여,22세,상해없음,승용,남,32세,경상
2023031200100266,2023년 3월 12일 17시,일요일,강원도 원주시 관설동,경상사고,0,0,1,0,차대차 - 측면충돌,안전운전불이행,건조,맑음,교차로 - 교차로안,승용,남,53세,상해없음,이륜,남,62세,경상
2023031200100306,2023년 3월 12일 19시,일요일,강원도 원주시 단구동,부상신고사고,0,0,0,1,차대차 - 측면충돌,기타,건조,맑음,교차로 - 교차로안,기타불명,기타불명,미분류,기타불명,이륜,남,31세,부상신고
2023031200100339,2023년 3월 12일 21시,일요일,강원도 춘천시 효자동,경상사고,0,0,1,1,차대차 - 기타,신호위반,건조,맑음,교차로 - 교차로부근,승용,남,37세,상해없음,승합,남,58세,부상신고
2023031300100090,2023년 3월 13일 08시,월요일,강원도 춘천시 동산면,경상사고,0,0,3,0,차대차 - 측면충돌,중앙선침범,건조,맑음,단일로 - 기타,승용,남,45세,상해없음,승용,남,45세,경상
2023031300100091,2023년 3월 13일 08시,월요일,강원도 춘천시 퇴계동,경상사고,0,0,1,0,차대차 - 추돌,안전운전불이행,건조,맑음,기타 - 기타,승용,여,43세,상해없음,승용,여,50세,경상
2023031300100201,2023년 3월 13일 11시,월요일,강원도 영월군 한반도면,경상사고,0,0,1,0,차대차 - 측면충돌,안전거리미확보,건조,맑음,단일로 - 기타,건설기계,남,61세,상해없음,승용,여,53세,경상
2023031300100255,2023년 3월 13일 13시,월요일,강원도 춘천시 우두동,중상사고,0,1,4,0,차대차 - 추돌,안전운전불이행,건조,맑음,교차로 - 교차로부근,승용,남,67세,기타불명,승용,남,56세,경상
2023031300100256,2023년 3월 13일 13시,월요일,강원도 춘천시 소양로1가,경상사고,0,0,1,0,차대차 - 기타,안전거리미확보,건조,맑음,단일로 - 기타,화물,남,75세,상해없음,승용,남,78세,경상
2023031300100294,2023년 3월 13일 14시,월요일,강원도 평창군 대화면,중상사고,0,1,0,0,차대차 - 추돌,안전운전불이행,건조,맑음,단일로 - 지하차도(도로)내,승용,남,78세,상해없음,농기계,남,81세,중상
2023031300100389,2023년 3월 13일 16시,월요일,강원도 춘천시 동면,경상사고,0,0,1,0,차대차 - 기타,차로위반,건조,맑음,교차로 - 교차로부근,화물,남,50세,상해없음,승용,여,41세,경상
2023031300100417,2023년 3월 13일 17시,월요일,강원도 영월군 영월읍,부상신고사고,0,0,0,1,차대차 - 측면충돌,직진우회전진행방해,건조,맑음,교차로 - 교차로안,승용,여,58세,상해없음,승용,남,60세,부상신고
2023031300100491,2023년 3월 13일 19시,월요일,강원도 춘천시 석사동,경상사고,0,0,1,0,차대차 - 측면충돌,중앙선침범,건조,맑음,단일로 - 기타,승용,여,61세,상해없음,이륜,남,35세,경상
2023031300100521,2023년 3월 13일 20시,월요일,강원도 춘천시 소양로1가,경상사고,0,0,1,0,차대차 - 기타,안전거리미확보,건조,흐림,단일로 - 기타,화물,남,75세,상해없음,이륜,남,42세,경상
2023031300100545,2023년 3월 13일 21시,월요일,강원도 춘천시 후평동,경상사고,0,0,1,0,차대차 - 측면충돌,안전운전불이행,건조,맑음,교차로 - 교차로안,승용,남,60세,상해없음,이륜,남,31세,경상
2023031300100546,2023년 3월 13일 21시,월요일,강원도 춘천시 석사동,경상사고,0,0,1,0,차대차 - 기타,안전운전불이행,건조,맑음,기타 - 기타,승용,남,57세,상해없음,승용,남,30세,경상
2023031300100568,2023년 3월 13일 22시,월요일,강원도 강릉시 주문진읍,경상사고,0,0,2,0,차대차 - 측면충돌,안전운전불이행,건조,맑음,교차로 - 교차로안,승용,남,51세,기타불명,화물,남,51세,경상
2023031400100097,2023년 3월 14일 08시,화요일,강원도 춘천시 온의동,경상사고,0,0,1,1,차대차 - 추돌,안전거리미확보,건조,맑음,교차로 - 교차로부근,승용,여,38세,부상신고,승용,여,52세,경상
2023031400100098,2023년 3월 14일 08시,화요일,강원도 춘천시 동내면,중상사고,0,1,0,0,차대차 - 기타,중앙선침범,건조,맑음,단일로 - 기타,승용,여,55세,상해없음,자전거,남,32세,중상