사고번호,사고일시,요일,시군구,사고내용,사망자수,중상자수,경상자수,부상신고자수,사고유형,법규위반,노면상태,기상상태,도로형태,가해운전자 차종,가해운전자 성별,가해운전자 연령,가해운전자 상해정도,피해운전자 차종,피해운전자 성별,피해운전자 연령,피해운전자 상해정도
2023033100100211,2023년 3월 31일 11시,금요일,강원도 춘천시 동면,경상사고,0,0,2,0,차대차 - 측면충돌,중앙선침범,건조,맑음,단일로 - 기타,승합,남,46세,상해없음,승용,남,66세,경상
2023033100100236,2023년 3월 31일 12시,금요일,강원도 춘천시 온의동,경상사고,0,0,1,0,차대차 - 기타,안전거리미확보,건조,맑음,단일로 - 기타,승용,남,70세,상해없음,승용,남,57세,상해없음
2023033100100269,2023년 3월 31일 13시,금요일,강원도 정선군 사북읍,중상사고,0,1,0,0,차대사람 - 기타,안전운전불이행,기타,맑음,단일로 - 기타,화물,남,42세,상해없음,보행자,여,71세,중상
2023033100100340,2023년 3월 31일 15시,금요일,강원도 강릉시 노암동,중상사고,0,2,0,0,차대사람 - 차도통행중,안전운전불이행,건조,맑음,기타 - 기타,승용,남,61세,상해없음,보행자,남,81세,중상
2023033100100479,2023년 3월 31일 18시,금요일,강원도 태백시 화전동,중상사고,0,1,0,0,차대차 - 측면충돌,안전운전불이행,건조,맑음,교차로 - 교차로안,승용,남,25세,상해없음,이륜,남,69세,중상
2023033100100480,2023년 3월 31일 18시,금요일,강원도 고성군 간성읍,중상사고,0,1,0,0,차대사람 - 기타,안전운전불이행,건조,흐림,단일로 - 기타,승용,여,47세,상해없음,보행자,남,60세,중상
2023033100100481,2023년 3월 31일 18시,금요일,강원도 철원군 갈말읍,경상사고,0,0,1,0,차대차 - 측면충돌,차로위반,건조,맑음,단일로 - 기타,승용,여,62세,상해없음,승용,남,31세,경상
2023033100100482,2023년 3월 31일 18시,금요일,강원도 양구군 국토정중앙면,경상사고,0,0,1,0,차대차 - 추돌,안전운전불이행,건조,맑음,교차로 - 교차로부근,승용,남,60세,상해없음,승용,남,34세,경상
2023033100100483,2023년 3월 31일 18시,금요일,강원도 춘천시 석사동,경상사고,0,0,2,0,차대차 - 추돌,안전운전불이행,건조,맑음,단일로 - 기타,승용,남,61세,상해없음,승용,여,24세,경상
2023033100100534,2023년 3월 31일 19시,금요일,강원도 속초시 조양동,중상사고,0,1,0,0,차대차 - 측면충돌,안전운전불이행,건조,맑음,교차로 - 교차로횡단보도내,승용,여,50세,상해없음,자전거,남,70세,중상
2023033100100568,2023년 3월 31일 20시,금요일,강원도 원주시 무실동,경상사고,0,0,2,0,차대차 - 기타,안전운전불이행,건조,맑음,교차로 - 교차로안,원동기,남,16세,상해없음,승용,남,31세,경상
2023033100100569,2023년 3월 31일 20시,금요일,강원도 원주시 단구동,경상사고,0,0,3,0,차대차 - 기타,교차로운행방법위반,건조,맑음,교차로 - 교차로안,승용,남,71세,상해없음,승용,남,56세,상해없음
2023033100100594,2023년 3월 31일 21시,금요일,강원도 춘천시 운교동,부상신고사고,0,0,0,1,차대사람 - 횡단중,안전운전불이행,건조,맑음,단일로 - 기타,승용,여,31세,상해없음,보행자,남,29세,부상신고
2023033100100609,2023년 3월 31일 22시,금요일,강원도 춘천시 석사동,경상사고,0,0,1,0,차대차 - 기타,교차로운행방법위반,건조,맑음,교차로 - 교차로안,승용,남,39세,상해없음,승용,여,57세,경상
2023040100100069,2023년 4월 1일 07시,토요일,강원도 원주시 단계동,중상사고,0,1,1,0,차대차 - 측면충돌,신호위반,건조,맑음,교차로 - 교차로안,승용,남,64세,상해없음,승용,남,48세,경상
2023040100100070,2023년 4월 1일 07시,토요일,강원도 철원군 근남면,중상사고,0,1,1,0,차대차 - 측면충돌,안전운전불이행,건조,맑음,교차로 - 교차로안,승용,남,32세,경상,승용,여,50세,중상
2023040100100216,2023년 4월 1일 12시,토요일,강원도 강릉시 구정면,중상사고,0,2,3,0,차대차 - 추돌,안전운전불이행,건조,맑음,교차로 - 교차로부근,승용,여,45세,상해없음,승용,남,43세,중상
2023040100100217,2023년 4월 1일 12시,토요일,강원도 원주시 무실동,경상사고,0,0,1,0,차대사람 - 횡단중,보행자보호의무위반,건조,맑음,단일로 - 기타,승용,여,50세,기타불명,보행자,여,45세,경상
2023040100100306,2023년 4월 1일 14시,토요일,강원도 양양군 양양읍,경상사고,0,0,1,0,차대사람 - 차도통행중,안전운전불이행,건조,맑음,교차로 - 교차로부근,승용,여,41세,상해없음,보행자,남,54세,경상
2023040100100387,2023년 4월 1일 16시,토요일,강원도 강릉시 교동,경상사고,0,0,2,0,차대차 - 측면충돌,신호위반,건조,맑음,교차로 - 교차로안,승용,남,53세,상해없음,승용,여,56세,경상
2023040100100388,2023년 4월 1일 16시,토요일,강원도 강릉시 사천면,중상사고,0,1,0,0,차대차 - 기타,안전운전불이행,건조,맑음,교차로 - 교차로부근,승용,남,29세,상해없음,자전거,여,42세,중상
2023040100100389,2023년 4월 1일 16시,토요일,강원도 고성군 죽왕면,경상사고,0,0,1,0,차대차 - 추돌,안전거리미확보,건조,맑음,교차로 - 교차로안,승용,남,30세,상해없음,승용,남,47세,상해없음
2023040100100418,2023년 4월 1일 17시,토요일,강원도 춘천시 효자동,경상사고,0,0,2,0,차대차 - 추돌,안전운전불이행,건조,맑음,교차로 - 교차로부근,승용,남,52세,상해없음,승용,여,48세,경상
2023040100100419,2023년 4월 1일 17시,토요일,강원도 속초시 대포동,경상사고,0,0,5,0,차대차 - 추돌,안전운전불이행,건조,맑음,단일로 - 기타,승용,남,57세,기타불명,승용,남,41세,상해없음
2023040100100450,2023년 4월 1일 18시,토요일,강원도 춘천시 소양로1가,경상사고,0,0,1,0,차대차 - 측면충돌,안전거리미확보,건조,맑음,단일로 - 기타,승용,남,64세,상해없음,승용,여,50세,경상
2023040100100451,2023년 4월 1일 18시,토요일,강원도 원주시 판부면,경상사고,0,0,4,0,차대차 - 기타,안전운전불이행,건조,흐림,기타 - 기타,승용,여,61세,상해없음,승용,남,19세,경상
2023040100100452,2023년 4월 1일 18시,토요일,강원도 삼척시 신기면,중상사고,0,1,0,0,차량단독 - 전도전복 - 전복,안전운전불이행,건조,맑음,단일로 - 기타,사륜오토바이(ATV),남,80세,중상,,,,
2023040100100483,2023년 4월 1일 19시,토요일,강원도 강릉시 연곡면,중상사고,0,1,0,0,차대차 - 추돌,안전운전불이행,건조,맑음,단일로 - 기타,화물,남,72세,상해없음,농기계,남,57세,중상
2023040200100023,2023년 4월 2일 02시,일요일,강원도 정선군 사북읍,경상사고,0,0,1,0,차대사람 - 차도통행중,안전운전불이행,건조,맑음,단일로 - 기타,승용,여,48세,상해없음,보행자,남,27세,경상
2023040200100036,2023년 4월 2일 04시,일요일,강원도 원주시 단계동,부상신고사고,0,0,0,1,차대사람 - 차도통행중,안전운전불이행,건조,맑음,기타 - 기타,승용,남,64세,상해없음,보행자,남,10세,부상신고
2023040200100037,2023년 4월 2일 04시,일요일,강원도 춘천시 동산면,중상사고,0,1,0,0,차대차 - 추돌,안전운전불이행,건조,맑음,단일로 - 기타,승용,여,35세,상해없음,승용,남,60세,중상
2023040200100044,2023년 4월 2일 05시,일요일,강원도 동해시 지흥동,경상사고,0,0,1,0,차대차 - 측면충돌,안전운전불이행,건조,맑음,단일로 - 기타,승용,남,49세,상해없음,승용,남,74세,경상
2023040200100059,2023년 4월 2일 08시,일요일,강원도 원주시 태장동,중상사고,0,2,1,0,차대차 - 추돌,안전운전불이행,건조,맑음,교차로 - 교차로안,승용,남,25세,중상,승용,남,46세,경상
2023040200100060,2023년 4월 2일 08시,일요일,강원도 원주시 행구동,중상사고,0,1,0,0,차대차 - 측면충돌,교차로운행방법위반,건조,맑음,교차로 - 교차로안,승용,남,70세,상해없음,승용,여,54세,중상
2023040200100061,2023년 4월 2일 08시,일요일,강원도 정선군 북평면,중상사고,0,2,0,0,차대차 - 기타,신호위반,건조,맑음,교차로 - 교차로안,승용,여,63세,중상,승용,남,53세,중상
2023040200100095,2023년 4월 2일 10시,일요일,강원도 원주시 단구동,경상사고,0,0,2,0,차대차 - 추돌,직진우회전진행방해,건조,맑음,교차로 - 교차로안,승용,여,56세,경상,승용,남,48세,경상
2023040200100125,2023년 4월 2일 11시,일요일,강원도 양양군 양양읍,경상사고,0,0,2,0,차대차 - 기타,안전거리미확보,건조,맑음,단일로 - 기타,승합,남,49세,상해없음,승용,남,29세,경상
2023040200100156,2023년 4월 2일 12시,일요일,강원도 평창군 방림면,경상사고,0,0,3,0,차대차 - 측면충돌,중앙선침범,건조,맑음,단일로 - 지하차도(도로)내,이륜,남,60세,경상,승용,남,31세,경상
2023040200100185,2023년 4월 2일 13시,일요일,강원도 속초시 대포동,중상사고,0,1,0,0,차대차 - 측면충돌,신호위반,건조,맑음,교차로 - 교차로안,승용,남,53세,상해없음,화물,남,33세,중상
2023040200100229,2023년 4월 2일 14시,일요일,강원도 양양군 현북면,경상사고,0,0,1,0,차대차 - 추돌,안전운전불이행,건조,맑음,교차로 - 교차로부근,화물,남,65세,상해없음,승용,남,42세,경상
2023040200100230,2023년 4월 2일 14시,일요일,강원도 동해시 천곡동,경상사고,0,0,1,0,차대차 - 측면충돌,교차로운행방법위반,건조,맑음,교차로 - 교차로안,승용,여,61세,상해없음,화물,남,38세,경상
2023040200100231,2023년 4월 2일 14시,일요일,강원도 원주시 신림면,중상사고,0,1,0,0,차대사람 - 차도통행중,안전운전불이행,건조,맑음,단일로 - 기타,승용,남,71세,상해없음,보행자,여,74세,중상
2023040200100262,2023년 4월 2일 15시,일요일,강원특별자치도 춘천시 조양동,경상사고,0,0,1,0,차량단독 - 기타,안전운전불이행,건조,맑음,기타 - 기타,승용,남,64세,상해없음,,,,
2023040200100326,2023년 4월 2일 17시,일요일,강원도 평창군 방림면,중상사고,0,5,0,0,차대차 - 측면충돌,중앙선침범,건조,맑음,단일로 - 지하차도(도로)내,승용,남,23세,중상,승용,여,65세,중상
2023040200100383,2023년 4월 2일 19시,일요일,강원도 춘천시 근화동,중상사고,0,1,0,0,차대사람 - 차도통행중,안전운전불이행,건조,맑음,단일로 - 기타,승용,남,62세,상해없음,보행자,여,80세,중상
2023040200100436,2023년 4월 2일 21시,일요일,강원도 화천군 하남면,경상사고,0,0,2,0,차대차 - 측면충돌,중앙선침범,건조,맑음,단일로 - 기타,승용,남,49세,상해없음,승용,남,30세,경상
2023040200100437,2023년 4월 2일 21시,일요일,강원도 동해시 천곡동,경상사고,0,0,1,0,차대차 - 후진중충돌,안전운전불이행,건조,맑음,교차로 - 교차로부근,승용,남,38세,상해없음,이륜,남,55세,경상
2023040300100006,2023년 4월 3일 00시,월요일,강원도 강릉시 교동,경상사고,0,0,1,0,차대차 - 기타,안전운전불이행,건조,맑음,단일로 - 기타,승용,남,59세,상해없음,승용,남,25세,상해없음
2023040300100071,2023년 4월 3일 08시,월요일,강원도 원주시 단계동,경상사고,0,0,2,0,차대차 - 추돌,안전운전불이행,건조,맑음,단일로 - 기타,화물,남,42세,상해없음,승용,여,61세,경상
2023040300100072,2023년 4월 3일 08시,월요일,강원도 원주시 관설동,경상사고,0,0,2,0,차대차 - 기타,안전운전불이행,건조,맑음,교차로 - 교차로안,승용,여,41세,경상,승용,남,29세,경상
2023040300100207,2023년 4월 3일 12시,월요일,강원도 삼척시 사직동,경상사고,0,0,1,0,차대차 - 기타,중앙선침범,기타,맑음,단일로 - 기타,화물,남,55세,상해없음,승용,여,61세,경상
2023040300100318,2023년 4월 3일 15시,월요일,강원도 원주시 소초면,경상사고,0,0,2,0,차대차 - 추돌,신호위반,건조,맑음,교차로 - 교차로안,승용,남,27세,상해없음,승용,남,72세,경상
2023040300100350,2023년 4월 3일 16시,월요일,강원도 강릉시 홍제동,중상사고,0,1,0,0,차대차 - 기타,안전운전불이행,건조,맑음,교차로 - 교차로부근,승용,여,25세,상해없음,이륜,남,22세,중상
2023040300100351,2023년 4월 3일 16시,월요일,강원도 속초시 조양동,중상사고,0,1,0,0,차대차 - 측면충돌,교차로운행방법위반,건조,맑음,교차로 - 교차로안,승용,여,34세,상해없음,승용,여,57세,중상
2023040300100398,2023년 4월 3일 17시,월요일,강원도 원주시 명륜동,경상사고,0,0,1,0,차대차 - 측면충돌,안전운전불이행,건조,맑음,교차로 - 교차로안,승용,여,55세,상해없음,승용,남,60세,경상
2023040300100459,2023년 4월 3일 18시,월요일,강원도 춘천시 신북읍,중상사고,0,1,0,0,차대차 - 측면충돌,안전운전불이행,건조,맑음,단일로 - 기타,승용,여,69세,상해없음,원동기,남,74세,중상
2023040300100460,2023년 4월 3일 18시,월요일,강원도 삼척시 도계읍,경상사고,0,0,1,0,차대차 - 기타,안전운전불이행,기타,맑음,단일로 - 기타,화물,남,63세,상해없음,승용,여,53세,경상
2023040300100461,2023년 4월 3일 18시,월요일,강원도 화천군 간동면,중상사고,0,1,2,0,차대차 - 정면충돌,직진우회전진행방해,건조,맑음,단일로 - 기타,승용,여,57세,경상,승용,남,24세,경상
2023040300100554,2023년 4월 3일 21시,월요일,강원도 양양군 강현면,경상사고,0,0,1,0,차대차 - 측면충돌,안전거리미확보,건조,흐림,단일로 - 고가도로위,승용,남,69세,상해없음,승용,남,25세,경상
2023040300100555,2023년 4월 3일 21시,월요일,강원도 평창군 진부면,중상사고,0,1,0,0,차대사람 - 횡단중,안전운전불이행,건조,맑음,단일로 - 지하차도(도로)내,화물,남,47세,상해없음,보행자,남,61세,중상
2023040400100013,2023년 4월 4일 02시,화요일,강원도 철원군 동송읍,경상사고,0,0,1,0,차대차 - 추돌,중앙선침범,건조,맑음,단일로 - 기타,화물,남,56세,상해없음,화물,남,73세,경상
2023040400100053,2023년 4월 4일 07시,화요일,강원도 춘천시 퇴계동,경상사고,0,0,1,0,차대차 - 측면충돌,신호위반,건조,맑음,교차로 - 교차로안,승용,여,55세,상해없음,승용,남,45세,경상
2023040400100090,2023년 4월 4일 08시,화요일,강원도 춘천시 우두동,경상사고,0,0,3,0,차대차 - 추돌,안전운전불이행,건조,맑음,단일로 - 교량,승용,남,49세,상해없음,승용,여,29세,경상
2023040400100091,2023년 4월 4일 08시,화요일,강원도 삼척시 갈천동,경상사고,0,0,1,0,차대차 - 후진중충돌,안전운전불이행,건조,맑음,단일로 - 기타,승용,남,58세,상해없음,승용,여,67세,경상
2023040400100130,2023년 4월 4일 09시,화요일,강원도 원주시 태장동,경상사고,0,0,1,0,차대차 - 기타,교차로운행방법위반,건조,맑음,단일로 - 기타,승용,여,41세,상해없음,승용,남,38세,경상
2023040400100131,2023년 4월 4일 09시,화요일,강원도 동해시 천곡동,경상사고,0,0,2,0,차대차 - 추돌,안전운전불이행,건조,맑음,교차로 - 교차로부근,승용,남,64세,상해없음,승합,여,63세,경상
2023040400100156,2023년 4월 4일 10시,화요일,강원도 원주시 무실동,경상사고,0,0,1,0,차대차 - 측면충돌,신호위반,건조,맑음,교차로 - 교차로안,승용,여,41세,상해없음,승용,여,68세,경상
2023040400100180,2023년 4월 4일 11시,화요일,강원도 원주시 신림면,중상사고,0,1,0,0,차대차 - 측면충돌,안전운전불이행,건조,맑음,교차로 - 교차로부근,화물,남,57세,상해없음,승용,여,40세,중상
2023040400100266,2023년 4월 4일 14시,화요일,강원도 원주시 중앙동,중상사고,0,1,0,0,차대사람 - 보도통행중,안전운전불이행,건조,맑음,단일로 - 기타,승용,여,33세,상해없음,보행자,여,40세,중상
2023040400100294,2023년 4월 4일 15시,화요일,강원도 춘천시 남산면,중상사고,0,1,0,0,차량단독 - 공작물충돌,안전운전불이행,건조,맑음,단일로 - 기타,사륜오토바이(ATV),여,34세,중상,,,,
2023040400100321,2023년 4월 4일 16시,화요일,강원도 춘천시 중앙로3가,경상사고,0,0,4,0,차대차 - 측면충돌,안전운전불이행,건조,맑음,교차로 - 교차로안,승용,여,68세,상해없음,승합,남,49세,경상
2023040400100322,2023년 4월 4일 16시,화요일,강원도 원주시 인동,경상사고,0,0,1,0,차대차 - 기타,차로위반,건조,맑음,교차로 - 교차로안,승용,여,68세,상해없음,승용,여,46세,경상
2023040400100323,2023년 4월 4일 16시,화요일,강원도 태백시 장성동,경상사고,0,0,3,0,차대차 - 추돌,안전거리미확보,건조,맑음,교차로 - 교차로안,화물,남,61세,상해없음,승용,여,50세,경상
2023040400100357,2023년 4월 4일 17시,화요일,강원도 춘천시 동면,경상사고,0,0,1,0,차대차 - 기타,안전운전불이행,건조,맑음,기타 - 기타,승용,남,58세,상해없음,자전거,남,13세,경상
2023040400100402,2023년 4월 4일 18시,화요일,강원도 강릉시 노암동,경상사고,0,0,1,0,차대사람 - 기타,안전운전불이행,건조,맑음,교차로 - 교차로부근,승용,남,67세,상해없음,보행자,남,28세,경상
2023040400100403,2023년 4월 4일 18시,화요일,강원도 원주시 단계동,경상사고,0,0,1,0,차대차 - 측면충돌,안전운전불이행,건조,맑음,단일로 - 기타,승용,남,19세,상해없음,승용,남,41세,경상
2023040400100605,2023년 4월 4일 22시,화요일,강원도 원주시 단구동,경상사고,0,0,1,0,차대사람 - 횡단중,안전운전불이행,젖음/습기,비,교차로 - 교차로횡단보도내,승합,남,69세,상해없음,보행자,남,61세,경상
2023040500100132,2023년 4월 5일 08시,수요일,강원도 춘천시 석사동,경상사고,0,0,1,0,차대차 - 기타,안전거리미확보,젖음/습기,비,교차로 - 교차로부근,승합,남,59세,상해없음,승용,남,48세,상해없음
2023040500100217,2023년 4월 5일 11시,수요일,강원도 원주시 판부면,경상사고,0,0,2,0,차대차 - 추돌,안전거리미확보,젖음/습기,비,단일로 - 기타,화물,남,20세,상해없음,승용,남,57세,경상
2023040500100218,2023년 4월 5일 11시,수요일,강원도 태백시 황지동,경상사고,0,0,1,0,차대차 - 측면충돌,안전운전불이행,건조,맑음,단일로 - 기타,승용,남,58세,상해없음,승용,여,56세,경상
2023040500100249,2023년 4월 5일 12시,수요일,강원도 원주시 일산동,경상사고,0,0,1,0,차대차 - 기타,차로위반,젖음/습기,비,단일로 - 기타,승합,남,64세,상해없음,승용,남,65세,경상
2023040500100283,2023년 4월 5일 13시,수요일,강원도 춘천시 온의동,경상사고,0,0,3,1,차대차 - 기타,안전거리미확보,젖음/습기,맑음,단일로 - 기타,승용,여,23세,상해없음,승합,남,54세,상해없음
2023040500100284,2023년 4월 5일 13시,수요일,강원도 춘천시 석사동,경상사고,0,0,1,0,차대차 - 후진중충돌,안전운전불이행,젖음/습기,비,교차로 - 교차로안,승용,여,27세,상해없음,승용,남,29세,경상
2023040500100312,2023년 4월 5일 14시,수요일,강원도 고성군 거진읍,경상사고,0,0,1,0,차대차 - 측면충돌,안전운전불이행,젖음/습기,비,교차로 - 교차로안,승용,남,57세,상해없음,이륜,남,73세,경상
2023040500100372,2023년 4월 5일 16시,수요일,강원도 평창군 평창읍,중상사고,0,3,0,0,차대차 - 정면충돌,직진우회전진행방해,건조,맑음,교차로 - 교차로안,화물,여,67세,상해없음,승합,여,60세,상해없음
2023040500100404,2023년 4월 5일 17시,수요일,강원도 원주시 반곡동,경상사고,0,0,1,0,차대차 - 기타,신호위반,젖음/습기,비,교차로 - 교차로안,승용,여,56세,상해없음,화물,남,38세,경상
2023040500100527,2023년 4월 5일 20시,수요일,강원도 춘천시 소양로2가,중상사고,0,1,1,0,차대차 - 기타,안전거리미확보,젖음/습기,비,교차로 - 교차로안,승용,남,41세,상해없음,승용,남,34세,상해없음
2023040500100594,2023년 4월 5일 22시,수요일,강원도 정선군 신동읍,경상사고,0,0,1,0,차대차 - 추돌,안전운전불이행,건조,맑음,단일로 - 교량,승용,남,55세,기타불명,승용,남,64세,경상
2023040500100622,2023년 4월 5일 23시,수요일,강원도 원주시 개운동,경상사고,0,0,2,0,차대차 - 측면충돌,신호위반,건조,맑음,교차로 - 교차로안,승용,남,51세,상해없음,승용,여,29세,경상
2023040600100092,2023년 4월 6일 08시,목요일,강원도 원주시 단계동,경상사고,0,0,2,0,차대차 - 측면충돌,기타,건조,흐림,교차로 - 교차로안,승용,여,27세,기타불명,승용,남,31세,경상
2023040600100141,2023년 4월 6일 10시,목요일,강원도 강릉시 포남동,사망사고,1,0,0,0,차대사람 - 횡단중,신호위반,건조,맑음,교차로 - 교차로횡단보도내,승용,남,62세,상해없음,보행자,남,83세,사망
2023040600100184,2023년 4월 6일 12시,목요일,강원도 춘천시 교동,중상사고,0,1,1,0,차대사람 - 횡단중,보행자보호의무위반,건조,맑음,교차로 - 교차로횡단보도내,승용,여,49세,상해없음,보행자,남,21세,중상
2023040600100208,2023년 4월 6일 13시,목요일,강원도 춘천시 후평동,경상사고,0,0,1,0,차대사람 - 횡단중,안전운전불이행,건조,맑음,교차로 - 교차로안,승용,남,72세,상해없음,보행자,남,54세,경상
2023040600100303,2023년 4월 6일 16시,목요일,강원도 춘천시 신북읍,경상사고,0,0,1,0,차대차 - 기타,직진우회전진행방해,젖음/습기,흐림,교차로 - 교차로안,화물,남,70세,상해없음,화물,남,47세,경상
2023040600100304,2023년 4월 6일 16시,목요일,강원도 강릉시 교동,중상사고,0,1,0,0,차대차 - 기타,신호위반,건조,맑음,기타 - 기타,승용,남,69세,상해없음,이륜,남,37세,중상
2023040600100337,2023년 4월 6일 17시,목요일,강원도 평창군 평창읍,경상사고,0,0,2,0,차대차 - 측면충돌,직진우회전진행방해,건조,맑음,교차로 - 교차로안,승용,남,60세,경상,화물,남,60세,경상
2023040600100381,2023년 4월 6일 18시,목요일,강원도 원주시 명륜동,경상사고,0,0,1,0,차대차 - 기타,중앙선침범,건조,맑음,단일로 - 기타,승용,여,59세,상해없음,이륜,남,16세,경상
2023040600100382,2023년 4월 6일 18시,목요일,강원도 화천군 화천읍,중상사고,0,1,0,0,차대차 - 정면충돌,교차로운행방법위반,건조,맑음,단일로 - 기타,승용,남,37세,상해없음,이륜,남,42세,중상
2023040600100426,2023년 4월 6일 19시,목요일,강원도 춘천시 후평동,경상사고,0,0,1,1,차대차 - 기타,신호위반,건조,맑음,교차로 - 교차로안,이륜,남,48세,부상신고,승용,남,43세,경상
2023040600100473,2023년 4월 6일 20시,목요일,강원도 원주시 행구동,경상사고,0,0,1,0,차대사람 - 기타,중앙선침범,젖음/습기,비,기타 - 기타,승용,여,46세,기타불명,보행자,남,36세,경상
2023040600100525,2023년 4월 6일 22시,목요일,강원도 동해시 천곡동,경상사고,0,0,1,0,차대차 - 측면충돌,안전운전불이행,건조,맑음,단일로 - 기타,승용,남,33세,상해없음,승용,여,62세,경상
2023040700100070,2023년 4월 7일 07시,금요일,강원도 속초시 조양동,부상신고사고,0,0,0,1,차대차 - 추돌,안전운전불이행,건조,맑음,교차로 - 교차로부근,승용,여,29세,상해없음,승용,여,54세,부상신고
2023040700100071,2023년 4월 7일 07시,금요일,강원도 양구군 국토정중앙면,경상사고,0,0,1,0,차대차 - 측면충돌,중앙선침범,건조,흐림,단일로 - 기타,건설기계,남,67세,상해없음,화물,남,40세,경상
2023040700100111,2023년 4월 7일 08시,금요일,강원도 춘천시 퇴계동,경상사고,0,0,1,0,차대차 - 측면충돌,신호위반,건조,맑음,교차로 - 교차로안,건설기계,남,47세,상해없음,승용,여,53세,경상
2023040700100188,2023년 4월 7일 10시,금요일,강원도 원주시 평원동,경상사고,0,0,1,0,차대사람 - 기타,안전운전불이행,건조,맑음,단일로 - 기타,승용,여,62세,상해없음,보행자,여,38세,경상
2023040700100212,2023년 4월 7일 11시,금요일,강원도 원주시 무실동,중상사고,0,1,0,0,차대차 - 추돌,신호위반,건조,맑음,교차로 - 교차로안,승용,여,23세,상해없음,승용,남,59세,중상
2023040700100213,2023년 4월 7일 11시,금요일,강원도 화천군 사내면,경상사고,0,0,1,0,차대차 - 측면충돌,안전운전불이행,건조,맑음,교차로 - 교차로안,화물,남,65세,상해없음,승용,남,51세,경상
2023040700100306,2023년 4월 7일 14시,금요일,강원도 강릉시 입암동,중상사고,0,1,2,0,차대차 - 측면충돌,중앙선침범,건조,맑음,교차로 - 교차로부근,승용,여,65세,경상,승용,남,44세,경상
2023040700100307,2023년 4월 7일 14시,금요일,강원도 원주시 단계동,경상사고,0,0,1,0,차대사람 - 횡단중,안전운전불이행,건조,흐림,교차로 - 교차로안,승용,남,71세,상해없음,보행자,여,63세,경상
2023040700100397,2023년 4월 7일 16시,금요일,강원도 횡성군 우천면,중상사고,0,1,2,0,차대차 - 측면충돌,차로위반,건조,맑음,단일로 - 기타,특수,남,42세,상해없음,승용,여,29세,중상
2023040700100453,2023년 4월 7일 17시,금요일,강원도 원주시 단구동,중상사고,0,1,1,0,차대차 - 추돌,안전거리미확보,건조,맑음,단일로 - 기타,승용,남,42세,상해없음,승용,여,33세,중상
2023040700100508,2023년 4월 7일 18시,금요일,강원도 춘천시 동내면,경상사고,0,0,1,0,차대차 - 측면충돌,중앙선침범,건조,맑음,교차로 - 교차로부근,승용,여,49세,상해없음,승용,남,42세,경상
2023040700100551,2023년 4월 7일 19시,금요일,강원도 원주시 명륜동,경상사고,0,0,1,0,차대사람 - 기타,안전운전불이행,건조,맑음,기타 - 기타,승용,남,65세,상해없음,보행자,여,51세,경상
2023040700100552,2023년 4월 7일 19시,금요일,강원도 속초시 교동,경상사고,0,0,1,0,차대차 - 측면충돌,교차로운행방법위반,건조,맑음,교차로 - 교차로안,승용,남,56세,상해없음,승용,여,53세,경상
2023040700100553,2023년 4월 7일 19시,금요일,강원도 동해시 천곡동,경상사고,0,0,3,0,차대차 - 기타,안전운전불이행,건조,맑음,단일로 - 기타,승용,남,61세,상해없음,승용,남,54세,상해없음
2023040700100594,2023년 4월 7일 20시,금요일,강원도 원주시 봉산동,경상사고,0,0,1,0,차대차 - 측면충돌,안전운전불이행,건조,맑음,교차로 - 교차로부근,승합,남,58세,상해없음,이륜,남,17세,경상
2023040800100084,2023년 4월 8일 08시,토요일,강원도 양양군 손양면,경상사고,0,0,4,0,차대차 - 추돌,안전운전불이행,건조,맑음,교차로 - 교차로부근,화물,남,36세,상해없음,승용,여,39세,경상
2023040800100175,2023년 4월 8일 11시,토요일,강원도 영월군 영월읍,중상사고,0,1,0,1,차대차 - 추돌,안전운전불이행,건조,맑음,단일로 - 터널,승용,여,54세,상해없음,승용,남,51세,상해없음
2023040800100176,2023년 4월 8일 11시,토요일,강원도 홍천군 홍천읍,중상사고,0,1,0,0,차대사람 - 횡단중,보행자보호의무위반,건조,맑음,교차로 - 교차로횡단보도내,승용,남,59세,상해없음,보행자,남,90세,중상
2023040800100221,2023년 4월 8일 12시,토요일,강원도 동해시 천곡동,경상사고,0,0,1,0,차대차 - 측면충돌,교차로운행방법위반,건조,맑음,교차로 - 교차로안,화물,남,64세,상해없음,승용,남,49세,경상
2023040800100302,2023년 4월 8일 14시,토요일,강원도 춘천시 효자동,경상사고,0,0,1,0,차대차 - 정면충돌,교차로운행방법위반,건조,맑음,교차로 - 교차로안,승용,남,55세,상해없음,이륜,여,37세,경상
2023040800100304,2023년 4월 8일 14시,토요일,강원도 양양군 현남면,경상사고,0,0,2,0,차대차 - 측면충돌,안전운전불이행,건조,맑음,교차로 - 교차로부근,화물,남,44세,기타불명,승용,남,37세,경상
2023040800100373,2023년 4월 8일 16시,토요일,강원도 춘천시 퇴계동,부상신고사고,0,0,0,2,차대차 - 추돌,안전거리미확보,건조,맑음,단일로 - 기타,승용,남,19세,상해없음,승용,여,55세,부상신고
2023040800100374,2023년 4월 8일 16시,토요일,강원도 원주시 지정면,경상사고,0,0,1,0,차대사람 - 기타,안전운전불이행,건조,맑음,교차로 - 교차로안,승용,여,51세,상해없음,보행자,여,51세,경상