사고번호,사고일시,요일,시군구,사고내용,사망자수,중상자수,경상자수,부상신고자수,사고유형,법규위반,노면상태,기상상태,도로형태,가해운전자 차종,가해운전자 성별,가해운전자 연령,가해운전자 상해정도,피해운전자 차종,피해운전자 성별,피해운전자 연령,피해운전자 상해정도
2023041800100046,2023년 4월 18일 06시,화요일,강원도 원주시 학성동,경상사고,0,0,1,0,차대차 - 측면충돌,신호위반,건조,맑음,교차로 - 교차로안,승용,남,66세,상해없음,승용,여,68세,경상
2023041800100063,2023년 4월 18일 07시,화요일,강원도 홍천군 화촌면,경상사고,0,0,1,0,차대차 - 측면충돌,중앙선침범,젖음/습기,비,단일로 - 지하차도(도로)내,승용,남,25세,상해없음,승용,남,54세,경상
2023041800100091,2023년 4월 18일 08시,화요일,강원도 춘천시 퇴계동,경상사고,0,0,1,0,차대차 - 측면충돌,안전운전불이행,젖음/습기,흐림,교차로 - 교차로안,승용,여,48세,상해없음,승용,여,51세,경상
2023041800100092,2023년 4월 18일 08시,화요일,강원도 강릉시 대전동,경상사고,0,0,2,0,차대차 - 기타,안전운전불이행,젖음/습기,비,교차로 - 교차로안,승용,남,29세,상해없음,승용,남,21세,경상
2023041800100093,2023년 4월 18일 08시,화요일,강원도 평창군 진부면,경상사고,0,0,2,0,차대차 - 측면충돌,직진우회전진행방해,젖음/습기,비,교차로 - 교차로안,승용,여,65세,경상,승용,여,71세,경상
2023041800100118,2023년 4월 18일 09시,화요일,강원도 춘천시 효자동,사망사고,1,0,1,0,차대차 - 측면충돌,안전운전불이행,젖음/습기,비,교차로 - 교차로안,승용,여,30세,경상,승용,남,83세,사망
2023041800100119,2023년 4월 18일 09시,화요일,강원도 원주시 지정면,경상사고,0,0,1,0,차대차 - 추돌,안전거리미확보,젖음/습기,비,교차로 - 교차로부근,승합,남,58세,기타불명,승용,여,38세,경상
2023041800100143,2023년 4월 18일 10시,화요일,강원도 강릉시 옥천동,경상사고,0,0,2,0,차대차 - 측면충돌,안전운전불이행,건조,맑음,교차로 - 교차로안,승용,남,38세,상해없음,승용,남,70세,경상
2023041800100165,2023년 4월 18일 11시,화요일,강원도 춘천시 효자동,부상신고사고,0,0,0,1,차대차 - 측면충돌,안전운전불이행,건조,맑음,교차로 - 교차로안,승용,여,45세,상해없음,승용,남,27세,부상신고
2023041800100166,2023년 4월 18일 11시,화요일,강원도 춘천시 퇴계동,경상사고,0,0,1,0,차대차 - 기타,안전운전불이행,건조,맑음,단일로 - 기타,승용,남,62세,상해없음,승용,남,36세,경상
2023041800100167,2023년 4월 18일 11시,화요일,강원도 철원군 동송읍,경상사고,0,0,2,0,차대차 - 측면충돌,안전운전불이행,건조,흐림,교차로 - 교차로안,승용,남,66세,경상,승용,여,37세,경상
2023041800100217,2023년 4월 18일 13시,화요일,강원도 속초시 동명동,경상사고,0,0,3,0,차대차 - 후진중충돌,안전운전불이행,건조,맑음,교차로 - 교차로안,승용,남,63세,상해없음,승용,여,61세,경상
2023041800100278,2023년 4월 18일 15시,화요일,강원도 동해시 천곡동,중상사고,0,1,0,0,차대사람 - 기타,안전운전불이행,건조,맑음,기타 - 기타,승합,남,58세,상해없음,보행자,여,62세,중상
2023041800100312,2023년 4월 18일 16시,화요일,강원도 춘천시 효자동,경상사고,0,0,1,0,차대차 - 측면충돌,안전거리미확보,건조,맑음,교차로 - 교차로부근,승용,남,25세,상해없음,승용,여,46세,경상
2023041800100313,2023년 4월 18일 16시,화요일,강원도 원주시 단구동,중상사고,0,1,0,0,차대사람 - 횡단중,교차로운행방법위반,건조,맑음,교차로 - 교차로부근,승용,남,58세,상해없음,보행자,여,51세,중상
2023041800100314,2023년 4월 18일 16시,화요일,강원도 동해시 발한동,중상사고,0,1,0,0,차대사람 - 횡단중,신호위반,건조,맑음,교차로 - 교차로안,원동기,남,74세,상해없음,보행자,남,84세,중상
2023041800100369,2023년 4월 18일 17시,화요일,강원도 홍천군 홍천읍,중상사고,0,2,0,0,차대차 - 측면충돌,중앙선침범,건조,맑음,교차로 - 교차로안,승용,남,35세,중상,승용,남,46세,중상
2023041800100370,2023년 4월 18일 17시,화요일,강원도 횡성군 서원면,중상사고,0,1,0,1,차대차 - 정면충돌,중앙선침범,건조,맑음,기타 - 기타,승합,남,59세,부상신고,승용,남,60세,중상
2023041800100395,2023년 4월 18일 18시,화요일,강원도 강릉시 내곡동,경상사고,0,0,1,0,차대차 - 측면충돌,안전운전불이행,건조,맑음,기타 - 기타,승용,여,51세,상해없음,승용,남,33세,경상
2023041800100424,2023년 4월 18일 19시,화요일,강원도 동해시 천곡동,경상사고,0,0,1,0,차대사람 - 보도통행중,보행자보호의무위반,건조,맑음,단일로 - 기타,승용,남,69세,상해없음,보행자,남,41세,경상
2023041900100094,2023년 4월 19일 08시,수요일,강원도 원주시 우산동,경상사고,0,0,1,0,차대차 - 추돌,안전운전불이행,건조,맑음,단일로 - 기타,승용,여,62세,상해없음,승용,남,48세,상해없음
2023041900100095,2023년 4월 19일 08시,수요일,강원도 양양군 강현면,경상사고,0,0,3,0,차대차 - 추돌,안전운전불이행,건조,맑음,단일로 - 지하차도(도로)내,승용,여,44세,상해없음,승용,남,53세,경상
2023041900100096,2023년 4월 19일 08시,수요일,강원도 홍천군 홍천읍,경상사고,0,0,2,0,차대차 - 측면충돌,안전거리미확보,건조,맑음,교차로 - 교차로안,승용,남,84세,상해없음,승용,여,47세,경상
2023041900100197,2023년 4월 19일 11시,수요일,강원도 원주시 단구동,경상사고,0,0,1,1,차대차 - 측면충돌,안전운전불이행,건조,맑음,단일로 - 기타,이륜,남,22세,부상신고,승용,남,42세,경상
2023041900100198,2023년 4월 19일 11시,수요일,강원도 고성군 죽왕면,중상사고,0,2,0,0,차대차 - 추돌,안전거리미확보,건조,맑음,단일로 - 기타,승용,남,64세,상해없음,승용,남,69세,중상
2023041900100236,2023년 4월 19일 12시,수요일,강원도 원주시 태장동,경상사고,0,0,1,0,차대차 - 추돌,안전운전불이행,건조,맑음,교차로 - 교차로부근,승용,남,68세,상해없음,승용,남,52세,경상
2023041900100325,2023년 4월 19일 15시,수요일,강원도 원주시 학성동,경상사고,0,0,1,0,차대차 - 추돌,안전운전불이행,건조,맑음,교차로 - 교차로부근,승용,남,52세,기타불명,승용,여,47세,경상
2023041900100361,2023년 4월 19일 16시,수요일,강원도 인제군 인제읍,중상사고,0,1,0,0,차대사람 - 길가장자리구역통행중,안전운전불이행,건조,맑음,교차로 - 교차로부근,승용,여,68세,상해없음,보행자,여,71세,중상
2023041900100362,2023년 4월 19일 16시,수요일,강원도 고성군 거진읍,중상사고,0,1,0,0,차대차 - 측면충돌,중앙선침범,건조,맑음,기타 - 기타,화물,남,71세,상해없음,승용,남,29세,중상
2023041900100406,2023년 4월 19일 17시,수요일,강원도 원주시 우산동,경상사고,0,0,1,0,차대차 - 측면충돌,안전운전불이행,건조,맑음,교차로 - 교차로안,승용,여,45세,상해없음,자전거,남,61세,경상
2023041900100407,2023년 4월 19일 17시,수요일,강원도 태백시 황지동,경상사고,0,0,2,0,차대차 - 측면충돌,직진우회전진행방해,건조,맑음,교차로 - 교차로안,승용,남,69세,상해없음,승용,여,42세,경상
2023041900100408,2023년 4월 19일 17시,수요일,강원도 고성군 토성면,중상사고,0,1,1,0,차대차 - 기타,안전거리미확보,건조,맑음,교차로 - 교차로부근,화물,남,58세,상해없음,승용,남,28세,중상
2023041900100496,2023년 4월 19일 19시,수요일,강원도 춘천시 삼천동,중상사고,0,1,0,0,차대사람 - 기타,안전운전불이행,건조,맑음,기타 - 기타,승용,여,62세,상해없음,보행자,여,93세,중상
2023041900100497,2023년 4월 19일 19시,수요일,강원도 춘천시 동내면,중상사고,0,1,0,0,차대차 - 측면충돌,신호위반,건조,맑음,교차로 - 교차로안,자전거,남,59세,중상,승용,남,34세,상해없음
2023041900100523,2023년 4월 19일 20시,수요일,강원도 춘천시 후평동,중상사고,0,1,0,0,차대사람 - 길가장자리구역통행중,안전운전불이행,건조,맑음,기타 - 기타,승용,남,50세,상해없음,보행자,여,60세,중상
2023041900100548,2023년 4월 19일 21시,수요일,강원도 강릉시 성내동,경상사고,0,0,1,0,차대차 - 추돌,안전운전불이행,건조,맑음,기타 - 기타,승용,남,31세,상해없음,승용,남,43세,경상
2023042000100036,2023년 4월 20일 04시,목요일,강원도 원주시 판부면,사망사고,1,0,0,0,차량단독 - 전도전복 - 전복,안전운전불이행,젖음/습기,비,단일로 - 기타,승용,남,48세,사망,,,,
2023042000100063,2023년 4월 20일 07시,목요일,강원도 춘천시 약사동,중상사고,0,1,0,0,차대사람 - 횡단중,보행자보호의무위반,건조,맑음,교차로 - 교차로횡단보도내,승용,여,37세,상해없음,보행자,남,54세,중상
2023042000100064,2023년 4월 20일 07시,목요일,강원도 평창군 진부면,경상사고,0,0,1,0,차대차 - 측면충돌,직진우회전진행방해,건조,맑음,교차로 - 교차로안,화물,남,33세,상해없음,승용,여,62세,경상
2023042000100099,2023년 4월 20일 08시,목요일,강원도 춘천시 근화동,중상사고,0,1,0,0,차대차 - 기타,안전운전불이행,건조,맑음,단일로 - 기타,승용,여,39세,상해없음,개인형이동수단(PM),남,16세,중상
2023042000100100,2023년 4월 20일 08시,목요일,강원도 춘천시 북산면,중상사고,0,1,2,0,차대차 - 정면충돌,중앙선침범,건조,맑음,단일로 - 기타,승용,여,36세,상해없음,승합,남,28세,경상
2023042000100101,2023년 4월 20일 08시,목요일,강원도 춘천시 교동,경상사고,0,0,3,0,차대차 - 측면충돌,교차로운행방법위반,건조,맑음,교차로 - 교차로안,승용,남,51세,경상,승용,남,39세,경상
2023042000100140,2023년 4월 20일 09시,목요일,강원도 정선군 정선읍,중상사고,0,3,4,0,차대차 - 추돌,기타,건조,맑음,교차로 - 교차로안,승용,남,68세,상해없음,승용,남,40세,중상
2023042000100175,2023년 4월 20일 10시,목요일,강원도 동해시 천곡동,경상사고,0,0,2,0,차대차 - 측면충돌,직진우회전진행방해,건조,맑음,교차로 - 교차로안,승용,남,62세,상해없음,승용,여,67세,경상
2023042000100284,2023년 4월 20일 14시,목요일,강원도 강릉시 입암동,경상사고,0,0,1,0,차대사람 - 기타,안전운전불이행,건조,맑음,단일로 - 기타,승용,남,56세,기타불명,보행자,남,64세,경상
2023042000100285,2023년 4월 20일 14시,목요일,강원도 원주시 판부면,경상사고,0,0,2,0,차대차 - 측면충돌,신호위반,건조,맑음,단일로 - 기타,승용,남,62세,상해없음,승용,남,40세,경상
2023042000100366,2023년 4월 20일 16시,목요일,강원도 속초시 청학동,경상사고,0,0,1,0,차대차 - 측면충돌,교차로운행방법위반,건조,맑음,교차로 - 교차로안,승용,남,70세,상해없음,승용,여,47세,경상
2023042000100367,2023년 4월 20일 16시,목요일,강원도 철원군 서면,경상사고,0,0,1,0,차대차 - 정면충돌,중앙선침범,건조,맑음,단일로 - 기타,화물,남,60세,상해없음,이륜,남,82세,경상
2023042000100403,2023년 4월 20일 17시,목요일,강원도 삼척시 당저동,경상사고,0,0,1,0,차대차 - 측면충돌,직진우회전진행방해,건조,맑음,교차로 - 교차로안,원동기,남,24세,경상,승용,여,66세,상해없음
2023042000100494,2023년 4월 20일 19시,목요일,강원도 강릉시 내곡동,경상사고,0,0,1,0,차대차 - 측면충돌,안전운전불이행,건조,맑음,단일로 - 기타,승용,여,60세,상해없음,승용,남,28세,경상
2023042000100495,2023년 4월 20일 19시,목요일,강원도 속초시 청호동,경상사고,0,0,1,0,차대차 - 추돌,안전운전불이행,건조,맑음,교차로 - 교차로부근,승합,남,50세,상해없음,승용,여,41세,경상
2023042000100553,2023년 4월 20일 21시,목요일,강원도 춘천시 후평동,경상사고,0,0,2,0,차대차 - 측면충돌,안전운전불이행,건조,맑음,교차로 - 교차로부근,승용,여,55세,상해없음,승용,남,32세,상해없음
2023042000100588,2023년 4월 20일 23시,목요일,강원도 원주시 지정면,경상사고,0,0,5,1,차대차 - 추돌,중앙선침범,건조,맑음,단일로 - 기타,승용,남,47세,부상신고,승용,남,53세,경상
2023042100100007,2023년 4월 21일 00시,금요일,강원도 동해시 묵호진동,경상사고,0,0,3,0,차대차 - 기타,안전운전불이행,건조,맑음,기타 - 기타,승용,남,63세,상해없음,승용,남,72세,상해없음
2023042100100087,2023년 4월 21일 08시,금요일,강원도 삼척시 교동,경상사고,0,0,1,0,차대차 - 측면충돌,불법유턴,건조,맑음,교차로 - 교차로횡단보도내,개인형이동수단(PM),남,16세,경상,승용,여,45세,상해없음
2023042100100128,2023년 4월 21일 09시,금요일,강원도 홍천군 화촌면,중상사고,0,1,0,0,차대사람 - 횡단중,안전운전불이행,건조,맑음,단일로 - 기타,승용,여,58세,상해없음,보행자,남,85세,중상
2023042100100194,2023년 4월 21일 11시,금요일,강원도 정선군 임계면,중상사고,0,1,0,0,차대사람 - 기타,안전운전불이행,건조,맑음,기타 - 기타,승합,여,71세,상해없음,보행자,남,54세,중상
2023042100100224,2023년 4월 21일 12시,금요일,강원도 강릉시 내곡동,경상사고,0,0,1,0,차대차 - 측면충돌,안전운전불이행,건조,맑음,단일로 - 기타,승용,남,67세,상해없음,승용,여,50세,경상
2023042100100225,2023년 4월 21일 12시,금요일,강원도 횡성군 강림면,중상사고,0,1,0,0,차대차 - 정면충돌,안전운전불이행,기타,기타,단일로 - 기타,화물,남,35세,상해없음,승용,남,76세,중상
2023042100100262,2023년 4월 21일 13시,금요일,강원도 삼척시 당저동,경상사고,0,0,1,0,차대차 - 측면충돌,안전운전불이행,건조,맑음,단일로 - 기타,승용,여,41세,상해없음,자전거,남,39세,경상
2023042100100263,2023년 4월 21일 13시,금요일,강원도 정선군 북평면,중상사고,0,1,1,0,차대사람 - 기타,안전운전불이행,건조,맑음,단일로 - 기타,특수,남,42세,상해없음,보행자,여,80세,중상
2023042100100264,2023년 4월 21일 13시,금요일,강원도 철원군 김화읍,경상사고,0,0,2,0,차대차 - 측면충돌,안전운전불이행,건조,맑음,교차로 - 교차로안,화물,남,82세,기타불명,승용,여,23세,경상
2023042100100294,2023년 4월 21일 14시,금요일,강원도 삼척시 원덕읍,경상사고,0,0,1,0,차대차 - 기타,안전운전불이행,기타,맑음,단일로 - 기타,승용,남,69세,상해없음,승용,남,80세,경상
2023042100100295,2023년 4월 21일 14시,금요일,강원도 평창군 대화면,중상사고,0,4,0,1,차량단독 - 공작물충돌,안전운전불이행,건조,맑음,단일로 - 지하차도(도로)내,승용,남,64세,중상,,,,
2023042100100296,2023년 4월 21일 14시,금요일,강원도 양구군 국토정중앙면,중상사고,0,1,0,0,차량단독 - 도로외이탈 - 추락,안전운전불이행,건조,맑음,교차로 - 교차로부근,사륜오토바이(ATV),여,83세,중상,,,,
2023042100100341,2023년 4월 21일 15시,금요일,강원도 춘천시 남산면,부상신고사고,0,0,0,3,차대차 - 측면충돌,안전운전불이행,건조,맑음,교차로 - 교차로안,승용,남,45세,상해없음,승용,남,33세,부상신고
2023042100100342,2023년 4월 21일 15시,금요일,강원도 속초시 중앙동,중상사고,0,1,0,0,차대차 - 추돌,안전운전불이행,건조,맑음,단일로 - 기타,승용,여,41세,상해없음,화물,남,26세,중상
2023042100100343,2023년 4월 21일 15시,금요일,강원도 홍천군 홍천읍,중상사고,0,1,0,0,차대차 - 측면충돌,안전운전불이행,건조,맑음,교차로 - 교차로안,승용,남,67세,상해없음,승용,남,57세,중상
2023042100100344,2023년 4월 21일 15시,금요일,강원도 인제군 기린면,경상사고,0,0,1,0,차대차 - 측면충돌,안전거리미확보,건조,맑음,단일로 - 기타,승용,남,73세,상해없음,승용,남,57세,경상
2023042100100432,2023년 4월 21일 17시,금요일,강원도 양양군 강현면,경상사고,0,0,1,0,차대사람 - 차도통행중,안전운전불이행,건조,맑음,단일로 - 기타,승용,여,65세,상해없음,보행자,남,34세,경상
2023042100100628,2023년 4월 21일 21시,금요일,강원도 강릉시 포남동,경상사고,0,0,2,0,차대차 - 측면충돌,안전운전불이행,건조,맑음,기타 - 기타,승용,여,60세,상해없음,승용,남,45세,경상
2023042100100629,2023년 4월 21일 21시,금요일,강원도 강릉시 교동,중상사고,0,1,0,0,차대사람 - 기타,안전운전불이행,건조,맑음,기타 - 기타,화물,남,53세,상해없음,보행자,남,66세,중상
2023042100100630,2023년 4월 21일 21시,금요일,강원도 속초시 교동,중상사고,0,1,0,0,차대차 - 측면충돌,신호위반,건조,맑음,교차로 - 교차로부근,승용,여,28세,상해없음,승용,남,51세,중상
2023042200100029,2023년 4월 22일 02시,토요일,강원도 원주시 판부면,부상신고사고,0,0,0,1,차량단독 - 공작물충돌,안전운전불이행,건조,맑음,단일로 - 기타,승합,여,26세,부상신고,,,,
2023042200100104,2023년 4월 22일 09시,토요일,강원도 춘천시 소양로4가,부상신고사고,0,0,0,1,차량단독 - 기타,안전거리미확보,건조,맑음,교차로 - 교차로부근,승합,남,57세,상해없음,,,,
2023042200100169,2023년 4월 22일 11시,토요일,강원도 삼척시 미로면,경상사고,0,0,2,0,차대차 - 측면충돌,안전운전불이행,건조,맑음,단일로 - 기타,건설기계,남,69세,상해없음,승용,여,48세,경상
2023042200100195,2023년 4월 22일 12시,토요일,강원특별자치도 춘천시 근화동,중상사고,0,1,0,1,차대사람 - 기타,안전운전불이행,건조,맑음,단일로 - 기타,자전거,남,47세,부상신고,보행자,남,53세,중상
2023042200100196,2023년 4월 22일 12시,토요일,강원도 양양군 양양읍,경상사고,0,0,5,0,차대차 - 측면충돌,교차로운행방법위반,건조,맑음,교차로 - 교차로안,승용,남,84세,상해없음,화물,남,48세,경상
2023042200100197,2023년 4월 22일 12시,토요일,강원도 속초시 동명동,중상사고,0,1,0,0,차대사람 - 기타,안전운전불이행,건조,맑음,교차로 - 교차로안,승합,남,53세,상해없음,보행자,여,64세,중상
2023042200100198,2023년 4월 22일 12시,토요일,강원도 동해시 묵호진동,중상사고,0,1,0,0,차대차 - 측면충돌,안전운전불이행,건조,맑음,교차로 - 교차로안,승용,남,65세,상해없음,화물,남,62세,중상
2023042200100247,2023년 4월 22일 13시,토요일,강원도 원주시 행구동,중상사고,0,1,0,0,차대차 - 추돌,안전운전불이행,건조,맑음,단일로 - 기타,화물,남,34세,상해없음,승용,남,80세,중상
2023042200100371,2023년 4월 22일 16시,토요일,강원도 속초시 조양동,경상사고,0,0,2,0,차대차 - 측면충돌,안전거리미확보,건조,맑음,단일로 - 기타,화물,남,62세,상해없음,승용,여,44세,경상
2023042200100444,2023년 4월 22일 18시,토요일,강원도 화천군 화천읍,경상사고,0,0,1,0,차대차 - 측면충돌,교차로운행방법위반,건조,맑음,교차로 - 교차로안,이륜,남,41세,상해없음,승용,남,58세,경상
2023042200100445,2023년 4월 22일 18시,토요일,강원도 철원군 갈말읍,부상신고사고,0,0,0,1,차대사람 - 횡단중,안전운전불이행,건조,맑음,단일로 - 기타,승용,남,21세,상해없음,보행자,남,13세,부상신고
2023042200100491,2023년 4월 22일 19시,토요일,강원도 원주시 단구동,경상사고,0,0,1,0,차대차 - 기타,안전운전불이행,건조,맑음,단일로 - 기타,승용,남,48세,상해없음,자전거,남,15세,경상
2023042200100523,2023년 4월 22일 20시,토요일,강원도 춘천시 효자동,경상사고,0,0,1,0,차대차 - 측면충돌,신호위반,건조,맑음,교차로 - 교차로안,이륜,남,34세,상해없음,화물,남,29세,경상
2023042200100569,2023년 4월 22일 22시,토요일,강원도 춘천시 온의동,경상사고,0,0,1,0,차대차 - 정면충돌,기타,건조,맑음,단일로 - 기타,개인형이동수단(PM),남,31세,상해없음,자전거,남,14세,경상
2023042300100055,2023년 4월 23일 07시,일요일,강원도 춘천시 서면,사망사고,1,0,0,0,차대차 - 측면충돌,안전운전불이행,건조,맑음,교차로 - 교차로안,승용,남,62세,상해없음,이륜,남,53세,사망
2023042300100066,2023년 4월 23일 08시,일요일,강원도 강릉시 성남동,경상사고,0,0,1,0,차대차 - 추돌,안전운전불이행,건조,맑음,교차로 - 교차로부근,승용,남,37세,기타불명,승용,남,67세,경상
2023042300100097,2023년 4월 23일 10시,일요일,강원도 횡성군 서원면,경상사고,0,0,1,0,차대차 - 기타,안전운전불이행,건조,맑음,단일로 - 기타,승용,여,24세,상해없음,승용,여,52세,경상
2023042300100116,2023년 4월 23일 11시,일요일,강원도 강릉시 옥천동,경상사고,0,0,2,0,차대차 - 측면충돌,안전운전불이행,건조,맑음,교차로 - 교차로안,화물,남,64세,상해없음,승용,남,26세,경상
2023042300100117,2023년 4월 23일 11시,일요일,강원도 평창군 진부면,사망사고,1,0,0,0,차량단독 - 공작물충돌,안전운전불이행,건조,맑음,교차로 - 교차로안,자전거,여,50세,사망,,,,
2023042300100137,2023년 4월 23일 12시,일요일,강원도 춘천시 효자동,경상사고,0,0,1,0,차대차 - 기타,신호위반,건조,맑음,교차로 - 교차로안,승용,여,48세,상해없음,이륜,남,42세,경상
2023042300100169,2023년 4월 23일 13시,일요일,강원도 영월군 한반도면,중상사고,0,1,0,0,차량단독 - 공작물충돌,안전운전불이행,건조,흐림,교차로 - 교차로부근,이륜,남,35세,중상,,,,
2023042300100170,2023년 4월 23일 13시,일요일,강원도 양양군 현북면,중상사고,0,2,0,1,차대차 - 측면충돌,안전운전불이행,건조,맑음,단일로 - 기타,승용,남,18세,상해없음,승용,여,49세,중상
2023042300100204,2023년 4월 23일 14시,일요일,강원도 춘천시 삼천동,중상사고,0,1,0,0,차대차 - 측면충돌,안전운전불이행,건조,맑음,교차로 - 교차로횡단보도내,승용,남,23세,상해없음,자전거,남,12세,중상
2023042300100205,2023년 4월 23일 14시,일요일,강원도 강릉시 포남동,경상사고,0,0,5,0,차대차 - 기타,안전운전불이행,건조,맑음,교차로 - 교차로안,승용,남,46세,상해없음,승용,남,23세,경상
2023042300100206,2023년 4월 23일 14시,일요일,강원도 강릉시 포남동,경상사고,0,0,2,0,차대차 - 측면충돌,안전운전불이행,건조,맑음,교차로 - 교차로안,승용,여,67세,기타불명,승용,여,28세,경상
2023042300100226,2023년 4월 23일 15시,일요일,강원도 영월군 한반도면,중상사고,0,1,2,0,차대차 - 측면충돌,안전거리미확보,건조,맑음,단일로 - 기타,승용,여,57세,상해없음,승용,여,56세,중상
2023042300100227,2023년 4월 23일 15시,일요일,강원도 평창군 대관령면,중상사고,0,1,0,0,차대차 - 측면충돌,안전운전불이행,건조,맑음,단일로 - 지하차도(도로)내,승용,남,60세,상해없음,이륜,남,50세,중상
2023042300100228,2023년 4월 23일 15시,일요일,강원도 횡성군 서원면,중상사고,0,1,0,0,차량단독 - 도로외이탈 - 기타,안전운전불이행,건조,맑음,단일로 - 기타,승용,여,62세,기타불명,,,,
2023042300100257,2023년 4월 23일 16시,일요일,강원도 춘천시 동내면,사망사고,1,0,0,0,차량단독 - 기타,안전운전불이행,건조,맑음,단일로 - 기타,이륜,남,50세,사망,,,,
2023042300100258,2023년 4월 23일 16시,일요일,강원도 춘천시 동면,중상사고,0,2,1,0,차대차 - 기타,안전운전불이행,건조,맑음,단일로 - 기타,승용,여,59세,상해없음,승용,남,37세,중상
2023042300100282,2023년 4월 23일 17시,일요일,강원도 원주시 무실동,중상사고,0,1,1,0,차대차 - 측면충돌,안전운전불이행,건조,맑음,단일로 - 기타,승용,남,70세,상해없음,승용,남,35세,경상
2023042300100313,2023년 4월 23일 18시,일요일,강원도 속초시 교동,경상사고,0,0,1,0,차대차 - 측면충돌,안전운전불이행,건조,맑음,단일로 - 기타,승용,여,36세,상해없음,이륜,남,21세,경상
2023042300100332,2023년 4월 23일 19시,일요일,강원도 홍천군 홍천읍,경상사고,0,0,1,0,차대사람 - 횡단중,보행자보호의무위반,건조,맑음,교차로 - 교차로횡단보도내,승용,남,78세,상해없음,보행자,여,31세,경상
2023042300100333,2023년 4월 23일 19시,일요일,강원도 양구군 양구읍,경상사고,0,0,2,0,차대차 - 측면충돌,안전운전불이행,건조,맑음,교차로 - 교차로안,화물,남,61세,상해없음,승용,여,25세,경상
2023042300100359,2023년 4월 23일 20시,일요일,강원도 강릉시 견소동,경상사고,0,0,1,0,차대차 - 기타,중앙선침범,건조,맑음,단일로 - 교량,승용,남,67세,상해없음,승용,남,53세,경상
2023042300100378,2023년 4월 23일 21시,일요일,강원도 원주시 명륜동,중상사고,0,1,0,0,차대차 - 측면충돌,신호위반,건조,맑음,단일로 - 기타,승용,여,35세,상해없음,자전거,남,14세,중상
2023042300100408,2023년 4월 23일 23시,일요일,강원도 원주시 단구동,경상사고,0,0,2,0,차대차 - 측면충돌,신호위반,건조,맑음,교차로 - 교차로안,이륜,남,18세,기타불명,승용,남,31세,경상
2023042400100003,2023년 4월 24일 00시,월요일,강원도 강릉시 입암동,중상사고,0,1,1,0,차대차 - 추돌,안전운전불이행,건조,맑음,단일로 - 기타,승용,남,43세,상해없음,승용,남,59세,경상
2023042400100052,2023년 4월 24일 07시,월요일,강원도 원주시 흥업면,중상사고,0,1,0,0,차대차 - 기타,기타,건조,맑음,단일로 - 기타,화물,남,50세,기타불명,승용,남,59세,중상
2023042400100081,2023년 4월 24일 08시,월요일,강원도 강릉시 사천면,경상사고,0,0,1,0,차대차 - 기타,안전운전불이행,건조,맑음,단일로 - 기타,화물,남,34세,상해없음,원동기,남,87세,경상
2023042400100082,2023년 4월 24일 08시,월요일,강원도 원주시 문막읍,부상신고사고,0,0,0,1,차대사람 - 보도통행중,안전운전불이행,건조,맑음,기타 - 기타,자전거,남,12세,상해없음,보행자,여,70세,부상신고
2023042400100119,2023년 4월 24일 09시,월요일,강원도 춘천시 소양로2가,중상사고,0,1,0,0,차대사람 - 횡단중,보행자보호의무위반,건조,맑음,교차로 - 교차로횡단보도내,승용,남,46세,상해없음,보행자,여,66세,중상
2023042400100175,2023년 4월 24일 11시,월요일,강원도 원주시 개운동,중상사고,0,1,0,0,차대사람 - 횡단중,보행자보호의무위반,건조,맑음,교차로 - 교차로횡단보도내,화물,남,61세,상해없음,보행자,남,31세,중상
2023042400100176,2023년 4월 24일 11시,월요일,강원도 철원군 동송읍,경상사고,0,0,1,0,차대차 - 측면충돌,안전운전불이행,건조,맑음,교차로 - 교차로안,승용,남,52세,상해없음,이륜,여,66세,경상
2023042400100203,2023년 4월 24일 12시,월요일,강원도 삼척시 도계읍,사망사고,1,0,0,0,차량단독 - 도로외이탈 - 추락,안전운전불이행,건조,맑음,단일로 - 기타,화물,남,58세,사망,,,,
2023042400100234,2023년 4월 24일 13시,월요일,강원도 춘천시 소양로3가,경상사고,0,0,2,1,차대차 - 기타,신호위반,건조,맑음,교차로 - 교차로안,승용,여,68세,부상신고,승용,여,63세,경상
2023042400100266,2023년 4월 24일 14시,월요일,강원도 춘천시 서면,중상사고,0,1,0,0,차대차 - 추돌,안전운전불이행,건조,맑음,단일로 - 기타,승용,남,41세,상해없음,이륜,남,36세,중상
2023042400100301,2023년 4월 24일 15시,월요일,강원도 평창군 대화면,경상사고,0,0,2,0,차량단독 - 공작물충돌,안전운전불이행,건조,맑음,교차로 - 교차로안,승용,남,76세,경상,,,,
2023042400100367,2023년 4월 24일 17시,월요일,강원도 춘천시 동면,경상사고,0,0,1,1,차대차 - 측면충돌,안전운전불이행,건조,맑음,교차로 - 교차로안,승용,여,49세,상해없음,승용,여,61세,경상
2023042500100089,2023년 4월 25일 08시,화요일,강원도 원주시 무실동,경상사고,0,0,1,0,차대사람 - 횡단중,보행자보호의무위반,건조,맑음,교차로 - 교차로횡단보도내,승용,여,23세,기타불명,보행자,여,26세,경상