사고번호,사고일시,요일,시군구,사고내용,사망자수,중상자수,경상자수,부상신고자수,사고유형,법규위반,노면상태,기상상태,도로형태,가해운전자 차종,가해운전자 성별,가해운전자 연령,가해운전자 상해정도,피해운전자 차종,피해운전자 성별,피해운전자 연령,피해운전자 상해정도
2023042500100142,2023년 4월 25일 09시,화요일,강원도 춘천시 우두동,경상사고,0,0,1,0,차량단독 - 기타,안전운전불이행,건조,맑음,단일로 - 기타,승합,남,61세,상해없음,,,,
2023042500100174,2023년 4월 25일 10시,화요일,강원도 춘천시 석사동,부상신고사고,0,0,0,2,차대차 - 기타,교차로운행방법위반,건조,맑음,기타 - 기타,승용,남,65세,상해없음,승용,남,60세,부상신고
2023042500100175,2023년 4월 25일 10시,화요일,강원도 횡성군 횡성읍,중상사고,0,1,0,0,차대사람 - 차도통행중,안전운전불이행,건조,맑음,교차로 - 교차로안,승용,여,51세,상해없음,보행자,여,63세,중상
2023042500100203,2023년 4월 25일 11시,화요일,강원도 원주시 단구동,경상사고,0,0,1,0,차대차 - 측면충돌,신호위반,젖음/습기,흐림,교차로 - 교차로안,승용,남,73세,상해없음,승용,남,61세,경상
2023042500100204,2023년 4월 25일 11시,화요일,강원도 횡성군 갑천면,사망사고,1,1,0,0,차대차 - 측면충돌,불법유턴,젖음/습기,흐림,기타 - 기타,건설기계,남,71세,상해없음,승용,남,59세,중상
2023042500100234,2023년 4월 25일 12시,화요일,강원도 속초시 조양동,경상사고,0,0,2,0,차대차 - 측면충돌,안전운전불이행,젖음/습기,비,교차로 - 교차로부근,승용,남,51세,상해없음,승용,여,54세,경상
2023042500100235,2023년 4월 25일 12시,화요일,강원도 평창군 대화면,경상사고,0,0,5,0,차대차 - 측면충돌,중앙선침범,건조,맑음,단일로 - 지하차도(도로)내,승용,여,61세,경상,승용,남,43세,경상
2023042500100277,2023년 4월 25일 13시,화요일,강원도 평창군 진부면,경상사고,0,0,3,0,차대차 - 측면충돌,중앙선침범,젖음/습기,비,단일로 - 지하차도(도로)내,승용,남,64세,경상,승용,여,63세,경상
2023042500100314,2023년 4월 25일 14시,화요일,강원도 원주시 단구동,경상사고,0,0,1,0,차대차 - 추돌,안전운전불이행,젖음/습기,비,교차로 - 교차로부근,승용,여,57세,상해없음,승용,남,48세,경상
2023042500100315,2023년 4월 25일 14시,화요일,강원도 평창군 대관령면,경상사고,0,0,2,3,차대차 - 측면충돌,차로위반,젖음/습기,비,단일로 - 기타,승용,남,62세,상해없음,승용,남,34세,부상신고
2023042500100342,2023년 4월 25일 15시,화요일,강원도 춘천시 동면,중상사고,0,1,0,0,차대차 - 측면충돌,신호위반,젖음/습기,흐림,교차로 - 교차로안,승용,여,45세,상해없음,승용,여,33세,중상
2023042500100372,2023년 4월 25일 16시,화요일,강원도 삼척시 교동,중상사고,0,1,0,0,차대사람 - 횡단중,안전운전불이행,기타,맑음,단일로 - 기타,승합,여,39세,상해없음,보행자,남,23세,중상
2023042500100410,2023년 4월 25일 17시,화요일,강원도 원주시 관설동,경상사고,0,0,4,0,차대차 - 측면충돌,교차로운행방법위반,건조,맑음,교차로 - 교차로안,승용,여,42세,상해없음,화물,남,64세,경상
2023042500100489,2023년 4월 25일 19시,화요일,강원도 강릉시 교동,경상사고,0,0,1,0,차대차 - 측면충돌,안전운전불이행,건조,맑음,기타 - 기타,승용,남,63세,상해없음,자전거,남,16세,경상
2023042500100525,2023년 4월 25일 20시,화요일,강원도 춘천시 후평동,경상사고,0,0,1,1,차대차 - 기타,신호위반,건조,맑음,교차로 - 교차로안,승합,남,46세,상해없음,이륜,남,46세,경상
2023042500100549,2023년 4월 25일 21시,화요일,강원도 춘천시 동면,경상사고,0,0,1,0,차대사람 - 횡단중,안전운전불이행,젖음/습기,비,교차로 - 교차로안,승용,남,48세,상해없음,보행자,여,40세,경상
2023042600100018,2023년 4월 26일 01시,수요일,강원도 춘천시 신동면,중상사고,0,2,0,0,차대차 - 정면충돌,중앙선침범,건조,맑음,단일로 - 기타,승용,남,25세,상해없음,승용,여,61세,중상
2023042600100053,2023년 4월 26일 07시,수요일,강원도 삼척시 도경동,중상사고,0,1,0,0,차대차 - 기타,안전운전불이행,기타,맑음,단일로 - 기타,이륜,남,64세,중상,승용,남,54세,상해없음
2023042600100092,2023년 4월 26일 08시,수요일,강원도 강릉시 홍제동,경상사고,0,0,1,0,차대차 - 측면충돌,신호위반,건조,맑음,교차로 - 교차로부근,승용,남,62세,상해없음,승용,여,42세,경상
2023042600100093,2023년 4월 26일 08시,수요일,강원도 원주시 우산동,경상사고,0,0,1,0,차대차 - 측면충돌,안전거리미확보,건조,맑음,단일로 - 기타,승용,여,26세,상해없음,승합,남,63세,경상
2023042600100094,2023년 4월 26일 08시,수요일,강원특별자치도 속초시 교동,경상사고,0,0,2,0,차대차 - 기타,안전운전불이행,건조,맑음,단일로 - 기타,승용,여,40세,상해없음,승용,여,40세,경상
2023042600100127,2023년 4월 26일 09시,수요일,강원도 원주시 문막읍,경상사고,0,0,2,0,차대차 - 추돌,안전거리미확보,건조,흐림,기타 - 기타,화물,남,32세,기타불명,화물,남,67세,경상
2023042600100156,2023년 4월 26일 10시,수요일,강원도 춘천시 효자동,경상사고,0,0,1,0,차대차 - 기타,신호위반,건조,맑음,교차로 - 교차로안,승용,여,58세,상해없음,승합,남,58세,경상
2023042600100157,2023년 4월 26일 10시,수요일,강원도 원주시 단계동,경상사고,0,0,1,0,차대차 - 추돌,안전거리미확보,건조,맑음,교차로 - 교차로부근,승용,여,64세,상해없음,승용,여,30세,경상
2023042600100158,2023년 4월 26일 10시,수요일,강원도 삼척시 교동,경상사고,0,0,2,0,차대차 - 측면충돌,직진우회전진행방해,건조,맑음,교차로 - 교차로안,승용,남,67세,경상,승용,남,43세,경상
2023042600100284,2023년 4월 26일 14시,수요일,강원도 태백시 적각동,경상사고,0,0,1,0,차대차 - 측면충돌,안전운전불이행,건조,맑음,교차로 - 교차로부근,승용,남,74세,상해없음,승용,남,69세,경상
2023042600100316,2023년 4월 26일 15시,수요일,강원도 원주시 단계동,경상사고,0,0,1,0,차대차 - 측면충돌,기타,건조,맑음,단일로 - 기타,승용,남,38세,기타불명,이륜,남,24세,경상
2023042600100393,2023년 4월 26일 17시,수요일,강원도 춘천시 후평동,중상사고,0,1,1,0,차대차 - 측면충돌,신호위반,건조,맑음,교차로 - 교차로안,이륜,남,30세,중상,승용,남,22세,경상
2023042600100394,2023년 4월 26일 17시,수요일,강원도 강릉시 내곡동,경상사고,0,0,1,0,차대차 - 기타,신호위반,건조,맑음,교차로 - 교차로안,승용,여,49세,상해없음,승용,여,26세,경상
2023042600100395,2023년 4월 26일 17시,수요일,강원도 원주시 문막읍,경상사고,0,0,1,0,차대차 - 측면충돌,신호위반,건조,맑음,교차로 - 교차로부근,승용,남,27세,상해없음,승용,남,27세,경상
2023042600100396,2023년 4월 26일 17시,수요일,강원도 속초시 교동,경상사고,0,0,1,0,차대차 - 측면충돌,안전거리미확보,건조,맑음,교차로 - 교차로부근,승용,여,52세,상해없음,승용,남,27세,경상
2023042600100502,2023년 4월 26일 19시,수요일,강원도 강릉시 포남동,경상사고,0,0,1,0,차대차 - 기타,신호위반,건조,맑음,교차로 - 교차로안,이륜,남,23세,기타불명,원동기,남,21세,경상
2023042600100536,2023년 4월 26일 20시,수요일,강원특별자치도 원주시 지정면,중상사고,0,1,0,0,차대차 - 추돌,안전운전불이행,건조,맑음,단일로 - 기타,승용,남,38세,상해없음,화물,남,61세,중상
2023042600100564,2023년 4월 26일 21시,수요일,강원도 강릉시 교동,중상사고,0,1,0,0,차대차 - 측면충돌,신호위반,건조,맑음,교차로 - 교차로부근,승용,남,56세,상해없음,이륜,남,46세,중상
2023042600100565,2023년 4월 26일 21시,수요일,강원도 강릉시 노암동,경상사고,0,0,5,0,차대차 - 측면충돌,안전운전불이행,건조,맑음,교차로 - 교차로부근,승용,남,34세,상해없음,승용,남,23세,경상
2023042600100603,2023년 4월 26일 23시,수요일,강원도 원주시 우산동,경상사고,0,0,1,0,차대차 - 추돌,안전운전불이행,건조,맑음,교차로 - 교차로부근,화물,남,54세,상해없음,승용,여,40세,경상
2023042700100057,2023년 4월 27일 07시,목요일,강원도 속초시 대포동,중상사고,0,1,0,0,차대차 - 측면충돌,안전운전불이행,건조,맑음,단일로 - 기타,화물,남,42세,상해없음,원동기,남,69세,중상
2023042700100085,2023년 4월 27일 08시,목요일,강원도 강릉시 성내동,경상사고,0,0,1,0,차대차 - 측면충돌,안전운전불이행,건조,맑음,교차로 - 교차로안,승용,여,43세,상해없음,승용,남,36세,경상
2023042700100086,2023년 4월 27일 08시,목요일,강원도 원주시 신림면,중상사고,0,1,1,0,차대차 - 측면충돌,차로위반,건조,맑음,단일로 - 기타,화물,남,64세,중상,승용,여,36세,경상
2023042700100195,2023년 4월 27일 12시,목요일,강원도 춘천시 퇴계동,중상사고,0,1,0,0,차대사람 - 길가장자리구역통행중,보행자보호의무위반,건조,맑음,교차로 - 교차로횡단보도내,승용,여,34세,상해없음,보행자,여,64세,중상
2023042700100196,2023년 4월 27일 12시,목요일,강원도 태백시 장성동,중상사고,0,1,0,0,차대사람 - 차도통행중,안전운전불이행,건조,맑음,단일로 - 기타,승용,남,31세,상해없음,보행자,여,74세,중상
2023042700100269,2023년 4월 27일 14시,목요일,강원도 강릉시 사천면,경상사고,0,0,1,0,차대차 - 측면충돌,안전운전불이행,건조,맑음,단일로 - 기타,화물,남,64세,상해없음,승용,여,28세,경상
2023042700100299,2023년 4월 27일 15시,목요일,강원도 원주시 부론면,경상사고,0,0,2,0,차대차 - 후진중충돌,안전운전불이행,건조,맑음,단일로 - 기타,화물,남,56세,상해없음,승용,남,53세,경상
2023042700100355,2023년 4월 27일 16시,목요일,강원도 춘천시 퇴계동,경상사고,0,0,1,0,차대차 - 기타,안전운전불이행,건조,맑음,기타 - 기타,승용,남,52세,상해없음,자전거,남,59세,경상
2023042700100356,2023년 4월 27일 16시,목요일,강원특별자치도 춘천시 석사동,경상사고,0,0,1,0,차대차 - 측면충돌,안전거리미확보,건조,맑음,단일로 - 기타,화물,남,61세,상해없음,승용,남,55세,경상
2023042700100357,2023년 4월 27일 16시,목요일,강원도 영월군 한반도면,사망사고,1,3,0,0,차량단독 - 공작물충돌,안전운전불이행,건조,맑음,교차로 - 교차로안,승용,남,54세,사망,,,,
2023042700100445,2023년 4월 27일 18시,목요일,강원도 속초시 조양동,중상사고,0,1,0,0,차대사람 - 차도통행중,안전운전불이행,건조,맑음,단일로 - 기타,승용,남,38세,상해없음,보행자,남,67세,중상
2023042700100526,2023년 4월 27일 20시,목요일,강원도 원주시 반곡동,경상사고,0,0,1,0,차대차 - 측면충돌,안전운전불이행,건조,맑음,교차로 - 교차로부근,승용,여,58세,상해없음,승용,남,36세,경상
2023042800100067,2023년 4월 28일 07시,금요일,강원도 고성군 토성면,중상사고,0,2,1,0,차대차 - 추돌,안전운전불이행,건조,맑음,기타 - 기타,화물,여,63세,상해없음,승용,여,25세,중상
2023042800100168,2023년 4월 28일 09시,금요일,강원도 춘천시 효자동,중상사고,0,1,0,0,차대사람 - 기타,안전운전불이행,건조,맑음,단일로 - 기타,승용,여,32세,상해없음,보행자,남,71세,중상
2023042800100198,2023년 4월 28일 10시,금요일,강원도 원주시 무실동,경상사고,0,0,1,0,차대차 - 정면충돌,신호위반,건조,맑음,교차로 - 교차로안,승용,여,29세,기타불명,승용,남,34세,경상
2023042800100260,2023년 4월 28일 12시,금요일,강원도 춘천시 퇴계동,경상사고,0,0,1,0,차대차 - 추돌,안전거리미확보,건조,맑음,단일로 - 기타,승용,남,81세,상해없음,승용,남,48세,경상
2023042800100293,2023년 4월 28일 13시,금요일,강원도 삼척시 원덕읍,중상사고,0,1,1,0,차대차 - 추돌,안전운전불이행,기타,맑음,단일로 - 기타,승용,남,23세,상해없음,승용,남,72세,경상
2023042800100328,2023년 4월 28일 14시,금요일,강원도 춘천시 퇴계동,경상사고,0,0,1,0,차대사람 - 횡단중,보행자보호의무위반,건조,맑음,교차로 - 교차로횡단보도내,화물,남,63세,상해없음,보행자,남,80세,경상
2023042800100404,2023년 4월 28일 16시,금요일,강원도 원주시 소초면,경상사고,0,0,1,0,차대차 - 측면충돌,신호위반,건조,맑음,교차로 - 교차로부근,승용,여,55세,상해없음,승용,남,65세,경상
2023042800100452,2023년 4월 28일 17시,금요일,강원도 춘천시 동면,경상사고,0,0,2,0,차대차 - 측면충돌,안전거리미확보,건조,맑음,교차로 - 교차로부근,승용,남,29세,상해없음,승용,남,44세,상해없음
2023042800100453,2023년 4월 28일 17시,금요일,강원도 원주시 단구동,중상사고,0,1,0,0,차대사람 - 기타,안전운전불이행,건조,흐림,단일로 - 기타,승용,여,39세,상해없음,보행자,여,26세,중상
2023042800100454,2023년 4월 28일 17시,금요일,강원도 양양군 양양읍,경상사고,0,0,1,0,차대차 - 측면충돌,신호위반,건조,맑음,교차로 - 교차로안,승용,여,43세,상해없음,승용,남,61세,경상
2023042800100455,2023년 4월 28일 17시,금요일,강원도 영월군 영월읍,경상사고,0,0,2,0,차대차 - 후진중충돌,안전운전불이행,건조,맑음,교차로 - 교차로부근,승용,남,61세,상해없음,화물,남,76세,경상
2023042800100456,2023년 4월 28일 17시,금요일,강원도 홍천군 남면,경상사고,0,0,1,0,차대사람 - 보도통행중,기타,건조,맑음,단일로 - 기타,승용,여,57세,상해없음,보행자,남,10세,경상
2023042800100457,2023년 4월 28일 17시,금요일,강원도 원주시 문막읍,경상사고,0,0,1,0,차대차 - 측면충돌,안전운전불이행,건조,맑음,단일로 - 기타,승용,남,79세,상해없음,승용,남,58세,경상
2023042800100512,2023년 4월 28일 18시,금요일,강원도 춘천시 동면,부상신고사고,0,0,0,1,차대차 - 추돌,안전운전불이행,건조,맑음,교차로 - 교차로안,화물,남,25세,상해없음,승용,남,43세,부상신고
2023042800100513,2023년 4월 28일 18시,금요일,강원특별자치도 원주시 우산동,경상사고,0,0,1,0,차대차 - 기타,안전운전불이행,건조,맑음,단일로 - 기타,승용,여,73세,상해없음,승용,남,44세,경상
2023042800100544,2023년 4월 28일 19시,금요일,강원도 태백시 통동,중상사고,0,1,0,0,차대차 - 추돌,안전거리미확보,건조,맑음,단일로 - 기타,승용,남,26세,상해없음,승용,여,53세,중상
2023042800100661,2023년 4월 28일 22시,금요일,강원도 태백시 화전동,경상사고,0,0,3,0,차대차 - 측면충돌,차로위반,건조,맑음,단일로 - 기타,승용,여,47세,상해없음,승용,남,51세,경상
2023042900100051,2023년 4월 29일 03시,토요일,강원도 속초시 교동,경상사고,0,0,3,0,차대차 - 측면충돌,교차로운행방법위반,젖음/습기,비,교차로 - 교차로안,승용,남,39세,기타불명,승용,남,26세,경상
2023042900100088,2023년 4월 29일 07시,토요일,강원도 화천군 화천읍,경상사고,0,0,2,0,차대차 - 정면충돌,중앙선침범,젖음/습기,맑음,단일로 - 터널,화물,남,48세,상해없음,화물,남,43세,경상
2023042900100105,2023년 4월 29일 08시,토요일,강원도 횡성군 둔내면,경상사고,0,0,1,0,차대차 - 측면충돌,안전운전불이행,젖음/습기,흐림,단일로 - 기타,화물,남,68세,상해없음,화물,남,60세,경상
2023042900100132,2023년 4월 29일 09시,토요일,강원도 영월군 영월읍,중상사고,0,1,1,0,차대차 - 측면충돌,신호위반,젖음/습기,흐림,교차로 - 교차로안,이륜,남,84세,상해없음,승용,남,58세,경상
2023042900100186,2023년 4월 29일 11시,토요일,강원도 원주시 단계동,경상사고,0,0,2,0,차대차 - 기타,안전거리미확보,젖음/습기,비,교차로 - 교차로부근,승용,남,36세,상해없음,승용,남,57세,경상
2023042900100260,2023년 4월 29일 13시,토요일,강원도 삼척시 도계읍,중상사고,0,1,0,0,차대차 - 측면충돌,중앙선침범,건조,맑음,단일로 - 기타,승용,남,67세,상해없음,승용,남,24세,중상
2023042900100364,2023년 4월 29일 16시,토요일,강원도 속초시 교동,중상사고,0,1,0,0,차대사람 - 횡단중,안전운전불이행,건조,맑음,교차로 - 교차로안,화물,남,47세,상해없음,보행자,여,75세,중상
2023042900100365,2023년 4월 29일 16시,토요일,강원도 영월군 영월읍,경상사고,0,0,5,1,차대차 - 측면충돌,기타,건조,흐림,교차로 - 교차로안,승용,남,37세,경상,승용,남,25세,부상신고
2023042900100397,2023년 4월 29일 17시,토요일,강원도 원주시 지정면,경상사고,0,0,1,0,차대차 - 후진중충돌,안전운전불이행,건조,흐림,주차장 - 주차장,승용,남,50세,상해없음,승용,남,35세,상해없음
2023042900100398,2023년 4월 29일 17시,토요일,강원도 태백시 황지동,경상사고,0,0,1,0,차대차 - 측면충돌,안전운전불이행,건조,맑음,단일로 - 기타,화물,남,67세,상해없음,승용,여,55세,경상
2023042900100399,2023년 4월 29일 17시,토요일,강원도 동해시 송정동,중상사고,0,1,0,0,차대사람 - 기타,안전운전불이행,건조,맑음,단일로 - 기타,승용,여,23세,상해없음,보행자,여,86세,중상
2023043000100007,2023년 4월 30일 00시,일요일,강원도 춘천시 퇴계동,부상신고사고,0,0,0,1,차대차 - 기타,안전거리미확보,건조,맑음,기타 - 기타,승용,남,61세,상해없음,승용,남,57세,상해없음
2023043000100020,2023년 4월 30일 01시,일요일,강원도 춘천시 효자동,경상사고,0,0,1,0,차대차 - 측면충돌,안전운전불이행,건조,맑음,단일로 - 기타,승용,남,23세,상해없음,승용,남,69세,경상
2023043000100036,2023년 4월 30일 03시,일요일,강원도 춘천시 후평동,경상사고,0,0,1,0,차대차 - 측면충돌,안전거리미확보,건조,맑음,교차로 - 교차로횡단보도내,이륜,남,24세,상해없음,승용,남,65세,경상
2023043000100058,2023년 4월 30일 06시,일요일,강원도 춘천시 동산면,중상사고,0,1,0,0,차대차 - 정면충돌,중앙선침범,건조,맑음,단일로 - 고가도로위,승용,남,54세,상해없음,승용,남,72세,중상
2023043000100075,2023년 4월 30일 08시,일요일,강원도 홍천군 홍천읍,경상사고,0,0,1,0,차대차 - 추돌,안전운전불이행,건조,맑음,교차로 - 교차로안,승용,여,58세,상해없음,승용,남,30세,경상
2023043000100076,2023년 4월 30일 08시,일요일,강원도 화천군 화천읍,경상사고,0,0,1,0,차대차 - 후진중충돌,안전운전불이행,건조,맑음,단일로 - 기타,화물,남,43세,상해없음,승용,남,37세,경상
2023043000100110,2023년 4월 30일 10시,일요일,강원도 정선군 정선읍,경상사고,0,0,1,0,차대사람 - 기타,안전운전불이행,건조,맑음,단일로 - 기타,승용,남,54세,상해없음,보행자,남,81세,경상
2023043000100111,2023년 4월 30일 10시,일요일,강원도 횡성군 우천면,경상사고,0,0,2,0,차대차 - 정면충돌,중앙선침범,건조,맑음,단일로 - 기타,이륜,남,50세,상해없음,화물,남,68세,경상
2023043000100143,2023년 4월 30일 11시,일요일,강원특별자치도 강릉시 송정동,중상사고,0,2,2,0,차대차 - 측면충돌,중앙선침범,건조,맑음,단일로 - 기타,승용,남,31세,상해없음,승용,남,52세,경상
2023043000100144,2023년 4월 30일 11시,일요일,강원도 홍천군 두촌면,중상사고,0,1,2,0,차대차 - 측면충돌,신호위반,건조,맑음,교차로 - 교차로안,승용,남,39세,상해없음,승용,남,65세,경상
2023043000100168,2023년 4월 30일 12시,일요일,강원도 영월군 주천면,경상사고,0,0,1,0,차대사람 - 차도통행중,안전운전불이행,건조,맑음,교차로 - 교차로부근,화물,남,49세,상해없음,보행자,남,78세,경상
2023043000100169,2023년 4월 30일 12시,일요일,강원도 인제군 북면,중상사고,0,1,4,0,차대차 - 측면충돌,신호위반,건조,맑음,교차로 - 교차로안,승용,여,72세,상해없음,승합,남,44세,중상
2023043000100194,2023년 4월 30일 13시,일요일,강원도 원주시 중앙동,경상사고,0,0,1,0,차대사람 - 기타,안전운전불이행,건조,맑음,기타 - 기타,승용,남,23세,상해없음,보행자,여,43세,경상
2023043000100195,2023년 4월 30일 13시,일요일,강원도 원주시 무실동,중상사고,0,1,0,0,차대차 - 측면충돌,교차로운행방법위반,건조,맑음,교차로 - 교차로안,승용,여,60세,상해없음,이륜,남,48세,중상
2023043000100196,2023년 4월 30일 13시,일요일,강원도 원주시 신림면,중상사고,0,2,1,0,차대차 - 정면충돌,중앙선침범,건조,맑음,단일로 - 기타,승용,남,28세,상해없음,승용,남,67세,경상
2023043000100266,2023년 4월 30일 15시,일요일,강원도 춘천시 석사동,경상사고,0,0,1,1,차대차 - 정면충돌,안전거리미확보,건조,맑음,단일로 - 기타,승용,여,58세,부상신고,승용,남,30세,경상
2023043000100267,2023년 4월 30일 15시,일요일,강원도 양양군 현남면,중상사고,0,1,1,0,차대차 - 추돌,안전운전불이행,건조,맑음,교차로 - 교차로부근,이륜,남,48세,상해없음,승용,여,50세,중상
2023043000100304,2023년 4월 30일 16시,일요일,강원도 속초시 노학동,중상사고,0,3,0,0,차대차 - 추돌,안전거리미확보,건조,맑음,단일로 - 기타,승용,남,41세,상해없음,승용,여,30세,중상
2023043000100305,2023년 4월 30일 16시,일요일,강원도 영월군 무릉도원면,중상사고,0,2,0,0,차량단독 - 도로외이탈 - 추락,안전운전불이행,건조,맑음,단일로 - 기타,사륜오토바이(ATV),여,56세,중상,,,,
2023043000100342,2023년 4월 30일 17시,일요일,강원도 정선군 화암면,경상사고,0,0,4,0,차대차 - 후진중충돌,안전운전불이행,건조,맑음,단일로 - 기타,화물,남,56세,상해없음,승용,남,48세,경상
2023043000100440,2023년 4월 30일 21시,일요일,강원도 강릉시 주문진읍,중상사고,0,1,0,0,차대사람 - 횡단중,안전운전불이행,건조,맑음,단일로 - 기타,이륜,남,27세,상해없음,보행자,남,16세,중상
2023050100100032,2023년 5월 1일 05시,월요일,강원도 원주시 문막읍,경상사고,0,0,1,0,차대사람 - 기타,안전운전불이행,건조,맑음,단일로 - 기타,승용,남,36세,상해없음,보행자,남,63세,경상
2023050100100034,2023년 5월 1일 06시,월요일,강원도 영월군 주천면,사망사고,1,0,0,0,차량단독 - 공작물충돌,안전운전불이행,건조,흐림,단일로 - 기타,화물,남,72세,사망,,,,
2023050100100085,2023년 5월 1일 09시,월요일,강원도 춘천시 석사동,중상사고,0,1,0,0,차대차 - 측면충돌,안전운전불이행,건조,맑음,기타 - 기타,승용,여,54세,상해없음,개인형이동수단(PM),남,27세,중상
2023050100100122,2023년 5월 1일 10시,월요일,강원도 원주시 단계동,경상사고,0,0,1,0,차대차 - 측면충돌,안전운전불이행,건조,맑음,교차로 - 교차로안,승용,남,56세,상해없음,승용,남,73세,경상
2023050100100123,2023년 5월 1일 10시,월요일,강원도 화천군 사내면,경상사고,0,0,1,0,차대차 - 추돌,안전운전불이행,건조,맑음,단일로 - 기타,승용,여,22세,상해없음,승용,남,65세,경상
2023050100100152,2023년 5월 1일 11시,월요일,강원도 강릉시 사천면,경상사고,0,0,3,0,차대차 - 추돌,안전운전불이행,건조,흐림,단일로 - 기타,승용,남,19세,상해없음,승용,남,40세,경상
2023050100100153,2023년 5월 1일 11시,월요일,강원도 횡성군 우천면,사망사고,1,1,0,0,차대차 - 측면충돌,기타,건조,맑음,교차로 - 교차로부근,화물,남,41세,중상,화물,남,63세,사망
2023050100100234,2023년 5월 1일 13시,월요일,강원도 횡성군 둔내면,중상사고,0,1,0,0,차대차 - 측면충돌,안전운전불이행,건조,맑음,교차로 - 교차로안,승용,남,22세,상해없음,승용,여,55세,중상
2023050100100271,2023년 5월 1일 14시,월요일,강원도 원주시 신림면,경상사고,0,0,2,0,차대차 - 추돌,안전운전불이행,건조,맑음,단일로 - 기타,승용,남,78세,상해없음,승용,남,56세,경상
2023050100100315,2023년 5월 1일 15시,월요일,강원도 강릉시 초당동,중상사고,0,1,0,0,차대사람 - 기타,안전운전불이행,건조,맑음,단일로 - 기타,승용,여,66세,상해없음,보행자,여,57세,중상
2023050100100316,2023년 5월 1일 15시,월요일,강원도 원주시 판부면,경상사고,0,0,1,0,차대차 - 추돌,안전운전불이행,건조,맑음,단일로 - 기타,승용,여,67세,상해없음,이륜,남,26세,경상
2023050100100369,2023년 5월 1일 16시,월요일,강원특별자치도 춘천시 신북읍,중상사고,0,1,0,0,차대차 - 측면충돌,중앙선침범,건조,맑음,단일로 - 기타,화물,남,62세,상해없음,자전거,남,21세,중상
2023050100100370,2023년 5월 1일 16시,월요일,강원도 춘천시 근화동,경상사고,0,0,1,0,차대사람 - 기타,안전운전불이행,건조,맑음,단일로 - 기타,승합,남,47세,상해없음,보행자,여,68세,경상
2023050100100371,2023년 5월 1일 16시,월요일,강원도 원주시 학성동,경상사고,0,0,1,0,차대차 - 기타,안전운전불이행,건조,맑음,단일로 - 기타,승용,남,76세,상해없음,이륜,남,28세,경상
2023050100100413,2023년 5월 1일 17시,월요일,강원도 홍천군 홍천읍,경상사고,0,0,1,0,차대차 - 측면충돌,불법유턴,건조,맑음,단일로 - 기타,자전거,여,81세,경상,승용,여,58세,상해없음
2023050100100454,2023년 5월 1일 18시,월요일,강원도 원주시 문막읍,경상사고,0,0,1,0,차대사람 - 기타,안전운전불이행,건조,맑음,기타 - 기타,화물,남,57세,상해없음,보행자,여,24세,경상
2023050100100455,2023년 5월 1일 18시,월요일,강원특별자치도 원주시 소초면,경상사고,0,0,1,0,차대차 - 정면충돌,직진우회전진행방해,건조,맑음,교차로 - 교차로안,승용,여,52세,상해없음,승용,여,61세,경상
2023050100100488,2023년 5월 1일 19시,월요일,강원도 원주시 문막읍,경상사고,0,0,1,0,차대차 - 측면충돌,안전운전불이행,건조,맑음,단일로 - 기타,승용,남,22세,상해없음,승용,남,34세,경상
2023050100100489,2023년 5월 1일 19시,월요일,강원도 평창군 봉평면,경상사고,0,0,1,0,차대차 - 측면충돌,신호위반,건조,맑음,교차로 - 교차로안,승용,여,49세,상해없음,승용,남,58세,경상
2023050100100514,2023년 5월 1일 20시,월요일,강원도 원주시 학성동,중상사고,0,1,0,0,차대사람 - 기타,안전운전불이행,건조,맑음,교차로 - 교차로부근,승용,여,73세,상해없음,보행자,남,61세,중상
2023050100100515,2023년 5월 1일 20시,월요일,강원도 원주시 무실동,경상사고,0,0,1,0,차대차 - 측면충돌,안전운전불이행,건조,흐림,교차로 - 교차로안,승합,남,56세,상해없음,승용,여,35세,경상
2023050100100516,2023년 5월 1일 20시,월요일,강원도 원주시 태장동,경상사고,0,0,1,0,차대차 - 추돌,안전거리미확보,건조,맑음,교차로 - 교차로부근,승용,여,24세,상해없음,승용,남,29세,경상
2023050100100539,2023년 5월 1일 21시,월요일,강원도 강릉시 두산동,경상사고,0,0,1,0,차대차 - 추돌,안전운전불이행,건조,맑음,교차로 - 교차로부근,화물,남,55세,상해없음,화물,남,47세,경상
2023050100100540,2023년 5월 1일 21시,월요일,강원도 원주시 흥업면,중상사고,0,1,0,0,차대사람 - 보도통행중,기타,건조,맑음,단일로 - 기타,개인형이동수단(PM),남,20세,상해없음,보행자,여,78세,중상
2023050200100051,2023년 5월 2일 07시,화요일,강원도 원주시 우산동,경상사고,0,0,2,0,차대차 - 측면충돌,기타,건조,맑음,교차로 - 교차로부근,승용,여,48세,상해없음,화물,남,44세,경상
2023050200100096,2023년 5월 2일 08시,화요일,강원도 삼척시 성내동,중상사고,0,1,0,0,차대사람 - 횡단중,안전운전불이행,건조,맑음,단일로 - 기타,승합,남,52세,상해없음,보행자,남,82세,중상
2023050200100170,2023년 5월 2일 10시,화요일,강원도 춘천시 퇴계동,부상신고사고,0,0,0,1,차대차 - 측면충돌,교차로운행방법위반,건조,맑음,교차로 - 교차로부근,승용,여,70세,상해없음,이륜,남,84세,부상신고