사고번호,사고일시,요일,시군구,사고내용,사망자수,중상자수,경상자수,부상신고자수,사고유형,법규위반,노면상태,기상상태,도로형태,가해운전자 차종,가해운전자 성별,가해운전자 연령,가해운전자 상해정도,피해운전자 차종,피해운전자 성별,피해운전자 연령,피해운전자 상해정도
2023050200100205,2023년 5월 2일 11시,화요일,강원도 고성군 토성면,경상사고,0,0,1,0,차대사람 - 기타,안전운전불이행,건조,맑음,단일로 - 기타,승용,남,56세,상해없음,보행자,여,63세,경상
2023050200100241,2023년 5월 2일 12시,화요일,강원도 원주시 태장동,경상사고,0,0,1,0,차대차 - 기타,안전운전불이행,건조,맑음,교차로 - 교차로부근,승용,여,41세,상해없음,승용,남,61세,경상
2023050200100242,2023년 5월 2일 12시,화요일,강원도 속초시 조양동,경상사고,0,0,3,0,차대차 - 측면충돌,직진우회전진행방해,건조,맑음,교차로 - 교차로안,승용,남,42세,경상,승용,여,53세,경상
2023050200100243,2023년 5월 2일 12시,화요일,강원도 동해시 천곡동,경상사고,0,0,1,0,차대사람 - 기타,안전운전불이행,건조,맑음,주차장 - 주차장,승용,남,53세,상해없음,보행자,여,36세,경상
2023050200100361,2023년 5월 2일 15시,화요일,강원도 강릉시 성산면,사망사고,1,0,0,0,차대차 - 측면충돌,안전운전불이행,건조,맑음,교차로 - 교차로안,승용,남,60세,상해없음,자전거,남,59세,사망
2023050200100362,2023년 5월 2일 15시,화요일,강원도 동해시 천곡동,중상사고,0,1,0,0,차대사람 - 횡단중,보행자보호의무위반,건조,흐림,단일로 - 기타,특수,남,66세,상해없음,보행자,여,79세,중상
2023050200100404,2023년 5월 2일 16시,화요일,강원도 삼척시 교동,경상사고,0,0,1,0,차대차 - 측면충돌,직진우회전진행방해,건조,맑음,교차로 - 교차로안,승용,남,28세,상해없음,승용,남,61세,경상
2023050200100448,2023년 5월 2일 17시,화요일,강원도 춘천시 효자동,경상사고,0,0,1,0,차대차 - 기타,안전거리미확보,건조,맑음,단일로 - 기타,승용,여,67세,상해없음,승용,남,31세,경상
2023050200100449,2023년 5월 2일 17시,화요일,강원도 홍천군 홍천읍,중상사고,0,1,2,2,차대차 - 추돌,안전운전불이행,건조,맑음,교차로 - 교차로부근,화물,남,67세,기타불명,승용,남,68세,부상신고
2023050200100450,2023년 5월 2일 17시,화요일,강원도 횡성군 횡성읍,경상사고,0,0,2,0,차대차 - 정면충돌,안전운전불이행,건조,맑음,단일로 - 기타,화물,남,60세,상해없음,승용,여,26세,경상
2023050200100494,2023년 5월 2일 18시,화요일,강원도 춘천시 온의동,경상사고,0,0,3,0,차대차 - 추돌,기타,건조,맑음,단일로 - 기타,승용,남,42세,상해없음,화물,남,32세,경상
2023050200100495,2023년 5월 2일 18시,화요일,강원도 원주시 개운동,경상사고,0,0,1,0,차대차 - 추돌,안전운전불이행,건조,맑음,교차로 - 교차로부근,이륜,남,30세,상해없음,승용,남,62세,경상
2023050200100558,2023년 5월 2일 20시,화요일,강원도 춘천시 퇴계동,경상사고,0,0,1,0,차대사람 - 횡단중,신호위반,건조,흐림,교차로 - 교차로횡단보도내,승용,여,43세,상해없음,보행자,남,67세,경상
2023050300100058,2023년 5월 3일 07시,수요일,강원도 원주시 태장동,경상사고,0,0,1,0,차대차 - 기타,신호위반,건조,맑음,교차로 - 교차로안,승용,여,64세,상해없음,승용,여,50세,경상
2023050300100088,2023년 5월 3일 08시,수요일,강원특별자치도 춘천시 퇴계동,경상사고,0,0,2,0,차대차 - 추돌,안전운전불이행,건조,맑음,단일로 - 기타,승용,남,21세,상해없음,승용,여,51세,경상
2023050300100089,2023년 5월 3일 08시,수요일,강원도 속초시 조양동,중상사고,0,2,0,0,차대차 - 측면충돌,신호위반,건조,맑음,교차로 - 교차로안,승용,여,24세,상해없음,승용,여,49세,중상
2023050300100090,2023년 5월 3일 08시,수요일,강원도 양양군 양양읍,경상사고,0,0,2,0,차대차 - 측면충돌,안전운전불이행,건조,맑음,교차로 - 교차로안,승용,남,82세,상해없음,승합,남,52세,경상
2023050300100091,2023년 5월 3일 08시,수요일,강원도 철원군 서면,경상사고,0,0,1,0,차대차 - 추돌,안전거리미확보,건조,맑음,단일로 - 기타,승용,여,62세,상해없음,승용,남,79세,경상
2023050300100163,2023년 5월 3일 10시,수요일,강원도 춘천시 퇴계동,중상사고,0,1,1,0,차대차 - 측면충돌,신호위반,건조,맑음,교차로 - 교차로안,승용,남,81세,상해없음,승용,남,61세,중상
2023050300100164,2023년 5월 3일 10시,수요일,강원도 삼척시 남양동,경상사고,0,0,1,0,차대사람 - 기타,안전운전불이행,기타,맑음,단일로 - 기타,화물,여,66세,상해없음,보행자,여,36세,경상
2023050300100189,2023년 5월 3일 11시,수요일,강원도 인제군 기린면,경상사고,0,0,2,0,차대차 - 기타,안전운전불이행,건조,맑음,기타 - 기타,승용,남,78세,경상,승용,여,61세,경상
2023050300100190,2023년 5월 3일 11시,수요일,강원도 춘천시 남면,경상사고,0,0,1,1,차대차 - 추돌,안전거리미확보,건조,맑음,단일로 - 기타,승용,남,29세,경상,화물,남,63세,상해없음
2023050300100217,2023년 5월 3일 12시,수요일,강원도 삼척시 남양동,경상사고,0,0,1,0,차대차 - 기타,안전운전불이행,기타,맑음,단일로 - 기타,승용,남,78세,상해없음,승용,남,67세,경상
2023050300100290,2023년 5월 3일 14시,수요일,강원도 영월군 영월읍,중상사고,0,2,1,0,차대차 - 측면충돌,교차로운행방법위반,건조,맑음,단일로 - 기타,승용,남,61세,상해없음,화물,남,66세,경상
2023050300100312,2023년 5월 3일 15시,수요일,강원도 정선군 사북읍,중상사고,0,1,0,0,차대사람 - 횡단중,안전운전불이행,건조,맑음,교차로 - 교차로부근,승용,여,62세,상해없음,보행자,남,45세,중상
2023050300100473,2023년 5월 3일 19시,수요일,강원도 춘천시 동내면,중상사고,0,1,0,0,차대사람 - 횡단중,보행자보호의무위반,건조,맑음,단일로 - 기타,승용,남,54세,상해없음,보행자,남,31세,중상
2023050300100474,2023년 5월 3일 19시,수요일,강원도 강릉시 입암동,경상사고,0,0,1,0,차대사람 - 횡단중,안전운전불이행,건조,맑음,기타 - 기타,승용,여,24세,상해없음,보행자,남,28세,경상
2023050300100475,2023년 5월 3일 19시,수요일,강원도 원주시 문막읍,경상사고,0,0,2,0,차대사람 - 차도통행중,안전운전불이행,건조,맑음,단일로 - 기타,승용,여,42세,상해없음,보행자,여,53세,경상
2023050300100476,2023년 5월 3일 19시,수요일,강원도 태백시 황지동,경상사고,0,0,1,0,차대차 - 후진중충돌,안전운전불이행,건조,흐림,교차로 - 교차로안,승용,여,65세,상해없음,승용,남,33세,경상
2023050300100499,2023년 5월 3일 20시,수요일,강원도 원주시 단계동,경상사고,0,0,1,0,차대차 - 기타,신호위반,건조,흐림,단일로 - 기타,승합,남,65세,상해없음,승용,여,77세,경상
2023050300100517,2023년 5월 3일 21시,수요일,강원도 원주시 우산동,중상사고,0,1,0,0,차대차 - 추돌,안전거리미확보,건조,맑음,교차로 - 교차로부근,승용,남,59세,상해없음,승용,남,63세,중상
2023050300100537,2023년 5월 3일 22시,수요일,강원도 춘천시 퇴계동,부상신고사고,0,0,0,1,차대사람 - 보도통행중,안전운전불이행,건조,맑음,교차로 - 교차로부근,기타불명,기타불명,미분류,기타불명,보행자,여,71세,부상신고
2023050400100052,2023년 5월 4일 07시,목요일,강원도 홍천군 북방면,경상사고,0,0,1,0,차대차 - 측면충돌,안전운전불이행,건조,맑음,교차로 - 교차로안,승용,남,64세,상해없음,개인형이동수단(PM),남,24세,경상
2023050400100053,2023년 5월 4일 07시,목요일,강원도 홍천군 두촌면,사망사고,1,0,0,0,차대차 - 측면충돌,신호위반,건조,맑음,교차로 - 교차로안,이륜,남,68세,사망,화물,여,63세,상해없음
2023050400100094,2023년 5월 4일 08시,목요일,강원도 원주시 문막읍,중상사고,0,1,0,0,차대차 - 측면충돌,교차로운행방법위반,건조,맑음,단일로 - 기타,화물,남,57세,상해없음,자전거,남,13세,중상
2023050400100095,2023년 5월 4일 08시,목요일,강원도 홍천군 홍천읍,경상사고,0,0,1,0,차대차 - 측면충돌,교차로운행방법위반,건조,맑음,교차로 - 교차로안,승용,남,66세,상해없음,승용,여,40세,경상
2023050400100132,2023년 5월 4일 09시,목요일,강원도 춘천시 온의동,경상사고,0,0,2,1,차대차 - 기타,신호위반,건조,맑음,교차로 - 교차로안,승용,여,55세,부상신고,승용,남,69세,경상
2023050400100160,2023년 5월 4일 10시,목요일,강원도 강릉시 사천면,경상사고,0,0,1,0,차대차 - 기타,안전운전불이행,건조,맑음,교차로 - 교차로안,승용,남,68세,상해없음,승용,여,29세,경상
2023050400100161,2023년 5월 4일 10시,목요일,강원도 동해시 효가동,경상사고,0,0,1,0,차대차 - 측면충돌,안전운전불이행,건조,맑음,단일로 - 기타,건설기계,남,49세,상해없음,승용,여,50세,경상
2023050400100197,2023년 5월 4일 11시,목요일,강원도 춘천시 효자동,경상사고,0,0,1,0,차대사람 - 횡단중,보행자보호의무위반,건조,맑음,교차로 - 교차로횡단보도내,승용,남,74세,상해없음,보행자,남,23세,경상
2023050400100230,2023년 5월 4일 12시,목요일,강원도 강릉시 교동,경상사고,0,0,5,0,차대차 - 기타,신호위반,건조,맑음,교차로 - 교차로안,승용,남,59세,상해없음,승용,남,25세,경상
2023050400100267,2023년 5월 4일 13시,목요일,강원도 평창군 대관령면,경상사고,0,0,4,0,차대차 - 측면충돌,안전운전불이행,건조,맑음,단일로 - 기타,승용,남,68세,상해없음,승용,남,34세,경상
2023050400100384,2023년 5월 4일 16시,목요일,강원도 춘천시 석사동,경상사고,0,0,1,0,차대차 - 기타,차로위반,건조,맑음,단일로 - 기타,승용,여,60세,상해없음,이륜,남,42세,경상
2023050400100422,2023년 5월 4일 17시,목요일,강원도 화천군 사내면,경상사고,0,0,4,0,차대차 - 측면충돌,교차로운행방법위반,건조,맑음,교차로 - 교차로안,승용,남,25세,경상,승용,남,65세,경상
2023050400100476,2023년 5월 4일 18시,목요일,강원도 영월군 영월읍,부상신고사고,0,0,0,1,차대차 - 측면충돌,안전운전불이행,건조,맑음,교차로 - 교차로부근,승용,여,30세,상해없음,화물,남,70세,부상신고
2023050400100477,2023년 5월 4일 18시,목요일,강원도 횡성군 우천면,중상사고,0,1,0,0,차대차 - 측면충돌,신호위반,건조,맑음,교차로 - 교차로안,승용,남,55세,상해없음,승용,여,29세,중상
2023050400100545,2023년 5월 4일 20시,목요일,강원도 태백시 황지동,경상사고,0,0,2,0,차대차 - 기타,안전거리미확보,건조,맑음,단일로 - 기타,승용,여,52세,상해없음,승용,여,21세,경상
2023050400100625,2023년 5월 4일 23시,목요일,강원도 춘천시 남산면,경상사고,0,0,2,0,차량단독 - 기타,안전운전불이행,건조,맑음,단일로 - 기타,승용,남,49세,상해없음,,,,
2023050400100626,2023년 5월 4일 23시,목요일,강원도 강릉시 사천면,경상사고,0,0,2,0,차대차 - 추돌,안전운전불이행,건조,맑음,단일로 - 기타,승용,남,24세,상해없음,승용,남,25세,경상
2023050500100029,2023년 5월 5일 01시,금요일,강원도 춘천시 효자동,경상사고,0,0,1,0,차대차 - 측면충돌,안전운전불이행,건조,맑음,단일로 - 기타,승용,여,25세,상해없음,이륜,남,48세,상해없음
2023050500100045,2023년 5월 5일 03시,금요일,강원도 춘천시 석사동,경상사고,0,0,2,0,차대사람 - 기타,교차로운행방법위반,젖음/습기,비,교차로 - 교차로안,승용,여,68세,상해없음,보행자,남,18세,경상
2023050500100056,2023년 5월 5일 05시,금요일,강원도 정선군 사북읍,경상사고,0,0,1,0,차대차 - 추돌,안전운전불이행,젖음/습기,비,단일로 - 기타,화물,남,26세,상해없음,승용,남,53세,경상
2023050500100065,2023년 5월 5일 06시,금요일,강원도 원주시 지정면,경상사고,0,0,1,0,차대차 - 측면충돌,신호위반,건조,맑음,교차로 - 교차로안,승용,남,42세,상해없음,승용,여,67세,경상
2023050500100092,2023년 5월 5일 09시,금요일,강원도 강릉시 주문진읍,중상사고,0,1,0,0,차대차 - 기타,안전운전불이행,건조,흐림,교차로 - 교차로안,건설기계,남,38세,상해없음,승용,여,55세,중상
2023050500100126,2023년 5월 5일 11시,금요일,강원도 춘천시 신동면,경상사고,0,0,2,0,차대차 - 후진중충돌,안전운전불이행,건조,맑음,교차로 - 교차로부근,승용,남,63세,상해없음,승합,남,44세,경상
2023050500100180,2023년 5월 5일 13시,금요일,강원도 원주시 일산동,경상사고,0,0,1,0,차대차 - 후진중충돌,안전운전불이행,건조,맑음,단일로 - 기타,화물,남,33세,상해없음,승용,남,26세,경상
2023050500100206,2023년 5월 5일 14시,금요일,강원도 원주시 단계동,경상사고,0,0,1,0,차대차 - 측면충돌,교차로운행방법위반,젖음/습기,맑음,교차로 - 교차로안,원동기,남,22세,상해없음,이륜,남,32세,경상
2023050500100226,2023년 5월 5일 15시,금요일,강원도 정선군 고한읍,중상사고,0,1,0,0,차량단독 - 공작물충돌,안전운전불이행,젖음/습기,비,단일로 - 교량,승용,남,46세,상해없음,,,,
2023050500100283,2023년 5월 5일 17시,금요일,강원도 속초시 조양동,중상사고,0,1,0,0,차대차 - 측면충돌,신호위반,젖음/습기,비,교차로 - 교차로횡단보도내,승용,여,50세,상해없음,자전거,남,12세,중상
2023050500100367,2023년 5월 5일 20시,금요일,강원도 강릉시 노암동,경상사고,0,0,1,0,차대차 - 측면충돌,안전운전불이행,젖음/습기,비,교차로 - 교차로안,승용,여,61세,상해없음,승용,남,42세,상해없음
2023050500100368,2023년 5월 5일 20시,금요일,강원도 속초시 교동,경상사고,0,0,2,0,차대차 - 추돌,안전운전불이행,젖음/습기,비,단일로 - 지하차도(도로)내,이륜,남,43세,상해없음,승용,남,41세,경상
2023050500100369,2023년 5월 5일 20시,금요일,강원도 삼척시 당저동,경상사고,0,0,1,0,차대차 - 추돌,안전운전불이행,젖음/습기,비,단일로 - 지하차도(도로)내,승용,남,68세,상해없음,승용,여,49세,경상
2023050500100406,2023년 5월 5일 21시,금요일,강원도 춘천시 온의동,경상사고,0,0,1,0,차대사람 - 기타,안전운전불이행,젖음/습기,비,기타 - 기타,승용,여,55세,상해없음,보행자,남,68세,경상
2023050600100005,2023년 5월 6일 00시,토요일,강원도 동해시 이도동,경상사고,0,0,2,0,차대차 - 측면충돌,신호위반,젖음/습기,비,교차로 - 교차로안,승용,남,40세,상해없음,승용,남,22세,경상
2023050600100052,2023년 5월 6일 05시,토요일,강원도 춘천시 남면,경상사고,0,0,2,0,차대차 - 측면충돌,안전운전불이행,젖음/습기,비,단일로 - 기타,승용,남,27세,상해없음,승용,남,62세,경상
2023050600100068,2023년 5월 6일 07시,토요일,강원도 강릉시 교동,경상사고,0,0,1,0,차대차 - 추돌,안전운전불이행,젖음/습기,비,단일로 - 기타,화물,남,40세,상해없음,승용,남,21세,경상
2023050600100167,2023년 5월 6일 12시,토요일,강원도 원주시 지정면,중상사고,0,1,5,0,차대차 - 추돌,안전거리미확보,젖음/습기,비,교차로 - 교차로안,승합,남,66세,상해없음,화물,남,57세,경상
2023050600100168,2023년 5월 6일 12시,토요일,강원도 평창군 방림면,경상사고,0,0,1,0,차대차 - 측면충돌,안전거리미확보,젖음/습기,비,단일로 - 지하차도(도로)내,승용,남,66세,상해없음,승합,남,46세,경상
2023050600100169,2023년 5월 6일 12시,토요일,강원도 양구군 국토정중앙면,경상사고,0,0,4,0,차대차 - 측면충돌,안전운전불이행,젖음/습기,비,교차로 - 교차로안,화물,남,65세,상해없음,승용,남,42세,경상
2023050600100201,2023년 5월 6일 13시,토요일,강원도 원주시 문막읍,경상사고,0,0,1,0,차대차 - 추돌,교차로운행방법위반,젖음/습기,비,교차로 - 교차로안,승용,남,57세,상해없음,승용,남,63세,경상
2023050600100202,2023년 5월 6일 13시,토요일,강원도 양구군 양구읍,중상사고,0,1,0,0,차대사람 - 기타,안전운전불이행,젖음/습기,비,단일로 - 기타,화물,남,61세,상해없음,보행자,여,44세,중상
2023050600100234,2023년 5월 6일 14시,토요일,강원도 강릉시 홍제동,중상사고,0,1,0,0,차대차 - 기타,안전운전불이행,젖음/습기,비,교차로 - 교차로안,승용,남,68세,상해없음,승용,여,48세,중상
2023050600100235,2023년 5월 6일 14시,토요일,강원도 원주시 단계동,중상사고,0,1,0,0,차대사람 - 횡단중,보행자보호의무위반,젖음/습기,비,교차로 - 교차로횡단보도내,승용,남,64세,상해없음,보행자,여,68세,중상
2023050600100297,2023년 5월 6일 16시,토요일,강원도 원주시 학성동,경상사고,0,0,1,0,차대차 - 측면충돌,차로위반,젖음/습기,비,단일로 - 기타,승용,남,18세,상해없음,승용,남,39세,경상
2023050600100328,2023년 5월 6일 17시,토요일,강원도 홍천군 홍천읍,중상사고,0,1,0,0,차대사람 - 횡단중,안전운전불이행,젖음/습기,비,교차로 - 교차로부근,승용,남,40세,상해없음,보행자,여,45세,중상
2023050600100351,2023년 5월 6일 18시,토요일,강원도 동해시 동회동,중상사고,0,1,0,0,차대사람 - 기타,안전운전불이행,젖음/습기,비,단일로 - 기타,원동기,남,18세,상해없음,보행자,남,65세,중상
2023050600100402,2023년 5월 6일 20시,토요일,강원도 강릉시 내곡동,경상사고,0,0,1,0,차대차 - 정면충돌,중앙선침범,젖음/습기,비,단일로 - 기타,이륜,남,56세,상해없음,이륜,남,26세,경상
2023050600100403,2023년 5월 6일 20시,토요일,강원도 속초시 교동,경상사고,0,0,1,0,차대차 - 측면충돌,교차로운행방법위반,젖음/습기,흐림,교차로 - 교차로안,승용,남,64세,상해없음,이륜,남,17세,경상
2023050600100440,2023년 5월 6일 21시,토요일,강원도 원주시 단구동,경상사고,0,0,1,0,차대차 - 후진중충돌,안전운전불이행,건조,맑음,교차로 - 교차로안,승용,남,54세,상해없음,이륜,남,33세,경상
2023050700100004,2023년 5월 7일 00시,일요일,강원도 원주시 단구동,경상사고,0,0,3,0,차대차 - 추돌,안전운전불이행,건조,흐림,교차로 - 교차로부근,승용,남,54세,상해없음,승용,남,47세,경상
2023050700100005,2023년 5월 7일 00시,일요일,강원도 홍천군 홍천읍,부상신고사고,0,0,0,1,차량단독 - 공작물충돌,안전운전불이행,건조,흐림,교차로 - 교차로부근,승용,남,45세,부상신고,,,,
2023050700100041,2023년 5월 7일 04시,일요일,강원도 화천군 화천읍,중상사고,0,2,0,0,차량단독 - 공작물충돌,안전운전불이행,건조,맑음,교차로 - 교차로안,승용,여,24세,상해없음,,,,
2023050700100063,2023년 5월 7일 08시,일요일,강원도 춘천시 동면,중상사고,0,1,0,0,차대차 - 정면충돌,중앙선침범,건조,기타,기타 - 기타,승용,남,44세,상해없음,이륜,남,40세,중상
2023050700100078,2023년 5월 7일 09시,일요일,강원도 홍천군 서석면,중상사고,0,1,0,0,차대차 - 정면충돌,안전운전불이행,건조,맑음,교차로 - 교차로부근,건설기계,남,62세,상해없음,승용,여,57세,중상
2023050700100101,2023년 5월 7일 10시,일요일,강원도 춘천시 동면,부상신고사고,0,0,0,1,차대차 - 측면충돌,직진우회전진행방해,건조,맑음,교차로 - 교차로안,승용,여,19세,상해없음,이륜,남,45세,부상신고
2023050700100126,2023년 5월 7일 11시,일요일,강원도 정선군 정선읍,경상사고,0,0,2,0,차대차 - 기타,직진우회전진행방해,젖음/습기,비,교차로 - 교차로안,승용,여,39세,경상,승용,여,43세,경상
2023050700100156,2023년 5월 7일 12시,일요일,강원도 강릉시 노암동,경상사고,0,0,2,0,차대차 - 측면충돌,교차로운행방법위반,건조,맑음,교차로 - 교차로안,승용,남,45세,상해없음,승용,남,37세,경상
2023050700100157,2023년 5월 7일 12시,일요일,강원도 철원군 갈말읍,경상사고,0,0,2,0,차대차 - 측면충돌,차로위반,건조,맑음,교차로 - 교차로부근,승용,여,47세,상해없음,승용,남,34세,경상
2023050700100191,2023년 5월 7일 13시,일요일,강원도 원주시 소초면,부상신고사고,0,0,0,1,차대차 - 측면충돌,안전운전불이행,건조,맑음,단일로 - 기타,승용,여,48세,상해없음,이륜,남,82세,부상신고
2023050700100225,2023년 5월 7일 14시,일요일,강원도 원주시 문막읍,중상사고,0,1,0,0,차대차 - 측면충돌,직진우회전진행방해,건조,맑음,교차로 - 교차로안,승용,여,27세,상해없음,이륜,남,64세,중상
2023050700100226,2023년 5월 7일 14시,일요일,강원도 화천군 상서면,경상사고,0,0,1,0,차량단독 - 공작물충돌,안전운전불이행,건조,맑음,단일로 - 기타,사륜오토바이(ATV),여,73세,경상,,,,
2023050700100253,2023년 5월 7일 15시,일요일,강원도 원주시 인동,경상사고,0,0,4,0,차대차 - 측면충돌,안전운전불이행,건조,맑음,교차로 - 교차로안,승용,남,63세,상해없음,승용,남,21세,경상
2023050700100294,2023년 5월 7일 17시,일요일,강원도 홍천군 북방면,중상사고,0,1,0,0,차량단독 - 공작물충돌,안전운전불이행,건조,맑음,교차로 - 교차로부근,승용,남,73세,상해없음,,,,
2023050800100029,2023년 5월 8일 05시,월요일,강원도 양양군 양양읍,경상사고,0,0,1,0,차대차 - 측면충돌,신호위반,건조,맑음,교차로 - 교차로안,승용,남,49세,기타불명,화물,남,61세,경상
2023050800100229,2023년 5월 8일 11시,월요일,강원도 정선군 북평면,경상사고,0,0,1,0,차대차 - 기타,중앙선침범,건조,맑음,단일로 - 기타,승용,남,63세,상해없음,승용,남,37세,경상
2023050800100260,2023년 5월 8일 12시,월요일,강원도 철원군 철원읍,경상사고,0,0,3,0,차대차 - 측면충돌,직진우회전진행방해,건조,맑음,교차로 - 교차로안,승용,여,43세,경상,승용,여,53세,경상
2023050800100297,2023년 5월 8일 13시,월요일,강원도 강릉시 포남동,중상사고,0,1,1,0,차대차 - 기타,안전운전불이행,건조,맑음,교차로 - 교차로부근,승용,남,50세,상해없음,승용,여,69세,경상
2023050800100298,2023년 5월 8일 13시,월요일,강원도 속초시 조양동,경상사고,0,0,1,0,차대차 - 측면충돌,신호위반,건조,맑음,교차로 - 교차로안,승용,남,30세,상해없음,승용,여,36세,경상
2023050800100299,2023년 5월 8일 13시,월요일,강원도 횡성군 둔내면,경상사고,0,0,2,0,차대차 - 측면충돌,안전운전불이행,젖음/습기,맑음,단일로 - 기타,화물,남,66세,상해없음,승용,여,50세,경상
2023050800100300,2023년 5월 8일 13시,월요일,강원도 철원군 서면,부상신고사고,0,0,0,1,차량단독 - 공작물충돌,안전운전불이행,건조,맑음,주차장 - 주차장,화물,남,71세,부상신고,,,,
2023050800100344,2023년 5월 8일 14시,월요일,강원도 속초시 조양동,중상사고,0,1,2,0,차대차 - 추돌,안전운전불이행,건조,맑음,단일로 - 기타,화물,남,54세,상해없음,승용,여,61세,경상
2023050800100423,2023년 5월 8일 16시,월요일,강원도 강릉시 교동,경상사고,0,0,1,0,차대차 - 측면충돌,안전운전불이행,건조,맑음,교차로 - 교차로부근,승용,남,64세,상해없음,승용,남,38세,경상
2023050800100424,2023년 5월 8일 16시,월요일,강원도 원주시 반곡동,중상사고,0,1,0,0,차대사람 - 횡단중,보행자보호의무위반,건조,맑음,단일로 - 기타,승용,여,42세,상해없음,보행자,남,7세,중상
2023050800100425,2023년 5월 8일 16시,월요일,강원도 인제군 상남면,경상사고,0,0,2,0,차대차 - 측면충돌,신호위반,건조,맑음,교차로 - 교차로안,승용,남,29세,상해없음,승용,여,63세,경상
2023050800100480,2023년 5월 8일 17시,월요일,강원도 강릉시 포남동,경상사고,0,0,2,0,차대차 - 측면충돌,안전운전불이행,건조,맑음,단일로 - 기타,승용,남,62세,상해없음,승용,여,22세,경상
2023050900100046,2023년 5월 9일 05시,화요일,강원도 춘천시 퇴계동,경상사고,0,0,2,0,차대차 - 기타,신호위반,건조,맑음,교차로 - 교차로안,승용,남,62세,경상,승용,남,42세,경상
2023050900100133,2023년 5월 9일 09시,화요일,강원도 철원군 서면,경상사고,0,0,1,0,차대차 - 측면충돌,안전운전불이행,건조,맑음,단일로 - 기타,승용,여,29세,상해없음,자전거,여,71세,경상
2023050900100169,2023년 5월 9일 10시,화요일,강원도 강릉시 교동,경상사고,0,0,1,0,차대차 - 측면충돌,신호위반,건조,맑음,교차로 - 교차로안,승용,여,76세,상해없음,승용,남,61세,상해없음
2023050900100170,2023년 5월 9일 10시,화요일,강원도 속초시 중앙동,경상사고,0,0,1,0,차대사람 - 차도통행중,안전운전불이행,건조,맑음,교차로 - 교차로부근,화물,남,82세,상해없음,보행자,남,57세,경상
2023050900100208,2023년 5월 9일 11시,화요일,강원도 강릉시 교동,경상사고,0,0,1,0,차대사람 - 차도통행중,안전운전불이행,건조,맑음,단일로 - 기타,승용,남,21세,상해없음,보행자,여,19세,경상
2023050900100209,2023년 5월 9일 11시,화요일,강원도 홍천군 화촌면,중상사고,0,1,2,0,차대차 - 추돌,안전운전불이행,건조,맑음,단일로 - 지하차도(도로)내,화물,남,33세,상해없음,화물,남,70세,경상
2023050900100210,2023년 5월 9일 11시,화요일,강원도 동해시 삼화동,경상사고,0,0,1,0,차대사람 - 기타,안전운전불이행,건조,맑음,단일로 - 기타,승용,여,68세,상해없음,보행자,여,58세,경상
2023050900100239,2023년 5월 9일 12시,화요일,강원특별자치도 동해시 발한동,중상사고,0,1,0,0,차대사람 - 기타,안전운전불이행,건조,맑음,단일로 - 교량,승합,남,60세,상해없음,보행자,여,85세,중상
2023050900100269,2023년 5월 9일 13시,화요일,강원도 춘천시 후평동,부상신고사고,0,0,0,1,차대사람 - 차도통행중,안전운전불이행,건조,맑음,단일로 - 기타,승용,여,66세,상해없음,보행자,여,61세,부상신고
2023050900100270,2023년 5월 9일 13시,화요일,강원도 횡성군 우천면,중상사고,0,1,0,0,차대사람 - 차도통행중,안전운전불이행,건조,맑음,단일로 - 기타,승용,여,51세,상해없음,보행자,남,51세,중상
2023050900100303,2023년 5월 9일 14시,화요일,강원도 춘천시 우두동,중상사고,0,1,0,0,차대차 - 기타,신호위반,건조,맑음,교차로 - 교차로안,승용,남,76세,상해없음,화물,남,70세,중상
2023050900100304,2023년 5월 9일 14시,화요일,강원도 속초시 동명동,경상사고,0,0,2,0,차대차 - 측면충돌,신호위반,건조,맑음,교차로 - 교차로안,승용,남,45세,상해없음,승용,남,34세,경상
2023050900100421,2023년 5월 9일 17시,화요일,강원도 태백시 황지동,경상사고,0,0,2,0,차대차 - 추돌,안전거리미확보,건조,맑음,단일로 - 기타,승용,남,60세,상해없음,승용,남,70세,경상
2023050900100467,2023년 5월 9일 18시,화요일,강원도 강릉시 입암동,경상사고,0,0,1,0,차대차 - 기타,신호위반,건조,맑음,교차로 - 교차로안,승용,남,33세,상해없음,승용,여,45세,경상
2023050900100468,2023년 5월 9일 18시,화요일,강원도 원주시 단계동,경상사고,0,0,1,0,차대차 - 기타,안전운전불이행,건조,맑음,교차로 - 교차로안,승용,남,31세,경상,승용,남,65세,상해없음
2023051000100046,2023년 5월 10일 06시,수요일,강원도 원주시 단구동,경상사고,0,0,1,0,차대차 - 추돌,안전운전불이행,건조,맑음,교차로 - 교차로안,승용,남,39세,기타불명,승용,남,62세,경상
2023051000100094,2023년 5월 10일 08시,수요일,강원도 원주시 단계동,경상사고,0,0,1,0,차대차 - 측면충돌,중앙선침범,건조,맑음,단일로 - 기타,승용,남,47세,상해없음,승용,남,29세,경상
2023051000100095,2023년 5월 10일 08시,수요일,강원도 속초시 조양동,부상신고사고,0,0,0,1,차대차 - 측면충돌,교차로운행방법위반,건조,맑음,교차로 - 교차로안,승용,여,50세,상해없음,이륜,남,68세,부상신고