사고번호,사고일시,요일,시군구,사고내용,사망자수,중상자수,경상자수,부상신고자수,사고유형,법규위반,노면상태,기상상태,도로형태,가해운전자 차종,가해운전자 성별,가해운전자 연령,가해운전자 상해정도,피해운전자 차종,피해운전자 성별,피해운전자 연령,피해운전자 상해정도
2023051000100096,2023년 5월 10일 08시,수요일,강원도 양양군 강현면,중상사고,0,1,0,0,차대차 - 측면충돌,교차로운행방법위반,건조,맑음,교차로 - 교차로안,승용,남,63세,상해없음,화물,남,75세,중상
2023051000100097,2023년 5월 10일 08시,수요일,강원도 강릉시 강동면,중상사고,0,2,1,0,차대차 - 추돌,안전거리미확보,건조,맑음,단일로 - 교량,화물,남,62세,상해없음,승용,여,48세,중상
2023051000100149,2023년 5월 10일 09시,수요일,강원도 원주시 흥업면,경상사고,0,0,2,0,차대차 - 정면충돌,안전운전불이행,건조,맑음,교차로 - 교차로부근,승용,여,29세,기타불명,승용,여,55세,경상
2023051000100150,2023년 5월 10일 09시,수요일,강원도 동해시 천곡동,경상사고,0,0,1,0,차대차 - 추돌,안전운전불이행,건조,맑음,기타 - 기타,승용,여,49세,상해없음,자전거,남,78세,경상
2023051000100222,2023년 5월 10일 11시,수요일,강원도 평창군 대관령면,경상사고,0,0,2,0,차대차 - 측면충돌,안전운전불이행,건조,맑음,교차로 - 교차로안,승용,남,54세,상해없음,승용,여,43세,경상
2023051000100256,2023년 5월 10일 12시,수요일,강원도 원주시 단계동,경상사고,0,0,1,0,차대사람 - 기타,안전운전불이행,건조,맑음,교차로 - 교차로안,화물,남,59세,상해없음,보행자,여,49세,경상
2023051000100283,2023년 5월 10일 13시,수요일,강원도 강릉시 홍제동,중상사고,0,1,0,0,차대차 - 기타,기타,건조,맑음,기타 - 기타,승용,여,28세,상해없음,자전거,남,77세,중상
2023051000100284,2023년 5월 10일 13시,수요일,강원특별자치도 강릉시 포남동,경상사고,0,0,1,0,차대사람 - 기타,안전운전불이행,건조,맑음,기타 - 기타,개인형이동수단(PM),남,18세,상해없음,보행자,여,51세,경상
2023051000100285,2023년 5월 10일 13시,수요일,강원도 양양군 손양면,중상사고,0,1,1,0,차대차 - 후진중충돌,중앙선침범,건조,맑음,단일로 - 기타,화물,남,56세,상해없음,승용,남,79세,경상
2023051000100323,2023년 5월 10일 14시,수요일,강원도 영월군 남면,중상사고,0,1,5,0,차대차 - 정면충돌,중앙선침범,건조,맑음,단일로 - 기타,건설기계,남,61세,중상,승합,남,39세,경상
2023051000100324,2023년 5월 10일 14시,수요일,강원도 동해시 평릉동,경상사고,0,0,2,0,차대차 - 기타,안전운전불이행,건조,맑음,단일로 - 기타,승용,여,56세,상해없음,승용,여,31세,경상
2023051000100357,2023년 5월 10일 15시,수요일,강원도 강릉시 유천동,경상사고,0,0,1,0,차대차 - 측면충돌,안전운전불이행,건조,맑음,기타 - 기타,승용,남,51세,상해없음,승용,남,72세,경상
2023051000100358,2023년 5월 10일 15시,수요일,강원도 원주시 우산동,경상사고,0,0,1,0,차대차 - 추돌,안전운전불이행,건조,맑음,기타 - 기타,승용,남,28세,상해없음,승용,여,48세,경상
2023051000100359,2023년 5월 10일 15시,수요일,강원도 원주시 학성동,중상사고,0,1,0,0,차량단독 - 주/정차차량 충돌,안전운전불이행,건조,맑음,단일로 - 기타,승용,여,80세,중상,,,,
2023051000100360,2023년 5월 10일 15시,수요일,강원도 원주시 일산동,경상사고,0,0,2,0,차대차 - 추돌,안전운전불이행,건조,맑음,단일로 - 기타,승용,남,27세,상해없음,승용,남,52세,경상
2023051000100400,2023년 5월 10일 16시,수요일,강원도 삼척시 원덕읍,경상사고,0,0,3,0,차대차 - 추돌,기타,건조,맑음,단일로 - 지하차도(도로)내,승용,여,56세,경상,승용,남,40세,경상
2023051000100461,2023년 5월 10일 17시,수요일,강원도 춘천시 후평동,부상신고사고,0,0,0,1,차대차 - 기타,교차로운행방법위반,건조,맑음,단일로 - 기타,화물,남,51세,상해없음,자전거,남,58세,부상신고
2023051000100462,2023년 5월 10일 17시,수요일,강원도 춘천시 후평동,중상사고,0,1,0,0,차대차 - 측면충돌,차로위반,건조,맑음,단일로 - 기타,승용,남,20세,상해없음,승용,여,49세,중상
2023051000100463,2023년 5월 10일 17시,수요일,강원도 원주시 흥업면,경상사고,0,0,1,0,차대차 - 측면충돌,신호위반,건조,맑음,단일로 - 기타,승용,남,74세,상해없음,승용,남,61세,경상
2023051000100464,2023년 5월 10일 17시,수요일,강원도 철원군 동송읍,경상사고,0,0,1,0,차대차 - 측면충돌,안전운전불이행,건조,맑음,교차로 - 교차로부근,승합,남,67세,상해없음,자전거,남,62세,경상
2023051000100510,2023년 5월 10일 18시,수요일,강원도 원주시 소초면,경상사고,0,0,1,0,차대차 - 추돌,안전운전불이행,건조,맑음,교차로 - 교차로부근,승용,여,31세,상해없음,승용,여,22세,상해없음
2023051000100538,2023년 5월 10일 19시,수요일,강원도 속초시 교동,경상사고,0,0,1,0,차대차 - 측면충돌,안전운전불이행,건조,맑음,교차로 - 교차로부근,승용,남,62세,상해없음,승용,여,51세,경상
2023051000100570,2023년 5월 10일 20시,수요일,강원도 속초시 장사동,중상사고,0,1,0,0,차대차 - 측면충돌,교차로운행방법위반,건조,맑음,교차로 - 교차로안,승용,남,41세,기타불명,승용,남,33세,중상
2023051000100571,2023년 5월 10일 20시,수요일,강원도 화천군 화천읍,중상사고,0,1,0,0,차대사람 - 기타,안전운전불이행,건조,맑음,기타 - 기타,승용,여,45세,상해없음,보행자,여,70세,중상
2023051000100646,2023년 5월 10일 23시,수요일,강원도 강릉시 지변동,중상사고,0,1,0,0,차대차 - 정면충돌,중앙선침범,건조,맑음,단일로 - 기타,화물,남,25세,기타불명,승용,남,41세,중상
2023051100100034,2023년 5월 11일 05시,목요일,강원도 동해시 효가동,경상사고,0,0,1,0,차대차 - 정면충돌,교차로운행방법위반,건조,맑음,교차로 - 교차로안,승용,남,60세,상해없음,승용,여,58세,경상
2023051100100106,2023년 5월 11일 08시,목요일,강원도 평창군 봉평면,경상사고,0,0,2,0,차대차 - 측면충돌,신호위반,건조,맑음,교차로 - 교차로안,승용,남,37세,상해없음,화물,남,69세,경상
2023051100100107,2023년 5월 11일 08시,목요일,강원도 횡성군 안흥면,경상사고,0,0,1,0,차대차 - 측면충돌,안전운전불이행,건조,맑음,교차로 - 교차로안,승용,여,61세,상해없음,승용,여,44세,경상
2023051100100156,2023년 5월 11일 09시,목요일,강원도 영월군 영월읍,경상사고,0,0,1,0,차대사람 - 기타,안전운전불이행,건조,맑음,단일로 - 기타,화물,남,59세,상해없음,보행자,남,72세,경상
2023051100100224,2023년 5월 11일 11시,목요일,강원도 홍천군 영귀미면,부상신고사고,0,0,0,1,차대차 - 측면충돌,중앙선침범,건조,맑음,교차로 - 교차로부근,이륜,남,78세,부상신고,승용,여,64세,상해없음
2023051100100255,2023년 5월 11일 12시,목요일,강원도 속초시 교동,중상사고,0,1,0,0,차대차 - 기타,안전운전불이행,건조,맑음,교차로 - 교차로부근,승용,여,69세,상해없음,승용,여,51세,중상
2023051100100256,2023년 5월 11일 12시,목요일,강원도 태백시 황지동,경상사고,0,0,1,1,차대차 - 측면충돌,교차로운행방법위반,건조,맑음,교차로 - 교차로안,승용,남,54세,부상신고,승용,여,59세,경상
2023051100100286,2023년 5월 11일 13시,목요일,강원도 춘천시 신북읍,경상사고,0,0,3,0,차대차 - 측면충돌,중앙선침범,건조,맑음,단일로 - 기타,승용,남,71세,상해없음,승용,남,32세,경상
2023051100100317,2023년 5월 11일 14시,목요일,강원도 춘천시 중앙로2가,경상사고,0,0,1,0,차량단독 - 기타,기타,건조,맑음,단일로 - 기타,승합,남,55세,상해없음,,,,
2023051100100344,2023년 5월 11일 15시,목요일,강원도 춘천시 중앙로3가,경상사고,0,0,1,0,차대차 - 측면충돌,교차로운행방법위반,건조,맑음,교차로 - 교차로안,승용,여,60세,상해없음,승용,남,51세,경상
2023051100100345,2023년 5월 11일 15시,목요일,강원도 영월군 한반도면,중상사고,0,1,0,0,차대사람 - 차도통행중,안전운전불이행,건조,맑음,기타 - 기타,화물,남,57세,상해없음,보행자,여,85세,중상
2023051100100378,2023년 5월 11일 16시,목요일,강원도 춘천시 우두동,중상사고,0,1,0,0,차대차 - 기타,안전운전불이행,건조,맑음,단일로 - 기타,승합,남,54세,기타불명,자전거,남,71세,중상
2023051100100379,2023년 5월 11일 16시,목요일,강원도 강릉시 입암동,중상사고,0,1,0,0,차대사람 - 횡단중,안전운전불이행,건조,맑음,교차로 - 교차로횡단보도내,자전거,남,15세,상해없음,보행자,여,14세,중상
2023051100100380,2023년 5월 11일 16시,목요일,강원도 인제군 인제읍,중상사고,0,1,0,0,차대차 - 추돌,안전거리미확보,건조,맑음,단일로 - 기타,건설기계,남,55세,상해없음,화물,여,70세,중상
2023051100100381,2023년 5월 11일 16시,목요일,강원도 양구군 양구읍,중상사고,0,1,0,0,차량단독 - 전도전복 - 전도,안전운전불이행,건조,맑음,단일로 - 기타,화물,남,61세,상해없음,,,,
2023051100100382,2023년 5월 11일 16시,목요일,강원도 춘천시 남면,경상사고,0,0,2,0,차대차 - 추돌,안전운전불이행,건조,맑음,단일로 - 기타,승용,남,25세,상해없음,화물,남,50세,경상
2023051100100479,2023년 5월 11일 18시,목요일,강원도 인제군 인제읍,경상사고,0,0,1,0,차대차 - 측면충돌,안전운전불이행,건조,맑음,교차로 - 교차로안,승용,여,63세,상해없음,승용,남,42세,경상
2023051100100559,2023년 5월 11일 20시,목요일,강원도 춘천시 석사동,중상사고,0,1,0,0,차대차 - 기타,안전거리미확보,건조,기타,기타 - 기타,화물,남,26세,상해없음,이륜,남,31세,중상
2023051100100560,2023년 5월 11일 20시,목요일,강원도 강릉시 노암동,중상사고,0,1,0,0,차대차 - 측면충돌,신호위반,건조,맑음,교차로 - 교차로안,이륜,남,62세,상해없음,이륜,남,50세,중상
2023051100100561,2023년 5월 11일 20시,목요일,강원도 원주시 단구동,중상사고,0,1,0,0,차대사람 - 횡단중,보행자보호의무위반,건조,맑음,교차로 - 교차로횡단보도내,승용,남,41세,기타불명,보행자,남,65세,중상
2023051100100616,2023년 5월 11일 23시,목요일,강원도 강릉시 옥천동,경상사고,0,0,1,0,차대사람 - 기타,안전운전불이행,건조,맑음,기타 - 기타,이륜,남,27세,상해없음,보행자,여,21세,경상
2023051200100023,2023년 5월 12일 03시,금요일,강원도 원주시 단계동,경상사고,0,0,2,0,차대차 - 측면충돌,교차로운행방법위반,건조,맑음,단일로 - 기타,승용,남,79세,상해없음,승용,남,24세,경상
2023051200100064,2023년 5월 12일 07시,금요일,강원도 속초시 금호동,중상사고,0,1,1,0,차대차 - 추돌,안전운전불이행,건조,맑음,교차로 - 교차로안,화물,남,59세,상해없음,화물,남,56세,경상
2023051200100093,2023년 5월 12일 08시,금요일,강원도 원주시 귀래면,중상사고,0,1,0,0,차대차 - 측면충돌,안전운전불이행,건조,맑음,교차로 - 교차로안,승용,여,52세,상해없음,화물,남,38세,중상
2023051200100141,2023년 5월 12일 09시,금요일,강원도 동해시 천곡동,경상사고,0,0,1,0,차대차 - 측면충돌,교차로운행방법위반,건조,맑음,교차로 - 교차로안,승용,남,23세,상해없음,승용,남,39세,경상
2023051200100237,2023년 5월 12일 12시,금요일,강원도 강릉시 교동,경상사고,0,0,2,0,차대차 - 측면충돌,안전운전불이행,건조,맑음,단일로 - 기타,승용,여,66세,상해없음,승용,남,19세,경상
2023051200100238,2023년 5월 12일 12시,금요일,강원도 원주시 지정면,경상사고,0,0,1,0,차대차 - 측면충돌,안전운전불이행,건조,맑음,교차로 - 교차로부근,승용,여,30세,상해없음,이륜,남,53세,경상
2023051200100315,2023년 5월 12일 14시,금요일,강원도 동해시 초구동,경상사고,0,0,1,3,차대차 - 측면충돌,안전운전불이행,건조,맑음,단일로 - 기타,승용,여,40세,상해없음,특수,남,41세,경상
2023051200100356,2023년 5월 12일 15시,금요일,강원도 원주시 중앙동,경상사고,0,0,1,0,차대차 - 측면충돌,신호위반,건조,맑음,교차로 - 교차로안,승용,남,68세,상해없음,승용,여,28세,경상
2023051200100357,2023년 5월 12일 15시,금요일,강원도 삼척시 읍중동,경상사고,0,0,1,0,차대차 - 측면충돌,안전운전불이행,건조,맑음,교차로 - 교차로안,승용,남,67세,상해없음,승용,남,35세,경상
2023051200100358,2023년 5월 12일 15시,금요일,강원도 영월군 남면,경상사고,0,0,1,0,차대차 - 측면충돌,안전거리미확보,건조,맑음,단일로 - 기타,승용,여,71세,상해없음,건설기계,남,41세,상해없음
2023051200100391,2023년 5월 12일 16시,금요일,강원도 삼척시 오분동,경상사고,0,0,1,0,차대차 - 측면충돌,안전거리미확보,건조,맑음,단일로 - 기타,승용,남,40세,상해없음,화물,남,70세,경상
2023051200100438,2023년 5월 12일 17시,금요일,강원도 춘천시 조양동,경상사고,0,0,1,0,차대사람 - 기타,기타,건조,맑음,단일로 - 기타,승합,남,54세,상해없음,보행자,여,65세,경상
2023051200100439,2023년 5월 12일 17시,금요일,강원도 태백시 황지동,경상사고,0,0,2,0,차대차 - 추돌,안전거리미확보,건조,맑음,교차로 - 교차로부근,승용,여,42세,상해없음,승용,여,52세,경상
2023051200100491,2023년 5월 12일 18시,금요일,강원도 속초시 교동,중상사고,0,1,0,0,차대사람 - 횡단중,신호위반,건조,맑음,교차로 - 교차로안,화물,남,81세,상해없음,보행자,남,67세,중상
2023051200100492,2023년 5월 12일 18시,금요일,강원도 영월군 무릉도원면,중상사고,0,1,0,0,차량단독 - 도로외이탈 - 기타,안전운전불이행,건조,맑음,단일로 - 기타,화물,남,64세,상해없음,,,,
2023051200100565,2023년 5월 12일 20시,금요일,강원도 원주시 태장동,경상사고,0,0,2,0,차량단독 - 공작물충돌,안전운전불이행,건조,맑음,단일로 - 기타,승용,남,27세,상해없음,,,,
2023051200100613,2023년 5월 12일 22시,금요일,강원도 원주시 명륜동,경상사고,0,0,1,0,차대차 - 측면충돌,안전운전불이행,건조,흐림,교차로 - 교차로안,승용,여,20세,상해없음,승용,남,53세,경상
2023051300100069,2023년 5월 13일 07시,토요일,강원도 원주시 단계동,경상사고,0,0,1,0,차대차 - 기타,신호위반,건조,맑음,교차로 - 교차로안,승용,남,21세,상해없음,승용,여,27세,경상
2023051300100091,2023년 5월 13일 08시,토요일,강원도 삼척시 남양동,경상사고,0,0,1,0,차대사람 - 횡단중,안전운전불이행,기타,맑음,기타 - 기타,승합,남,64세,상해없음,보행자,여,32세,경상
2023051300100153,2023년 5월 13일 10시,토요일,강원도 원주시 우산동,중상사고,0,1,0,0,차대사람 - 기타,안전운전불이행,건조,맑음,단일로 - 기타,승합,남,60세,상해없음,보행자,여,75세,중상
2023051300100154,2023년 5월 13일 10시,토요일,강원도 삼척시 남양동,경상사고,0,0,1,0,차대사람 - 기타,안전운전불이행,기타,맑음,단일로 - 기타,승용,남,65세,상해없음,보행자,남,24세,경상
2023051300100155,2023년 5월 13일 10시,토요일,강원도 홍천군 내촌면,경상사고,0,0,6,3,차대차 - 추돌,안전거리미확보,건조,맑음,단일로 - 터널,승용,남,57세,부상신고,승용,남,49세,상해없음
2023051300100222,2023년 5월 13일 12시,토요일,강원도 강릉시 교동,경상사고,0,0,3,0,차대차 - 측면충돌,안전운전불이행,건조,맑음,교차로 - 교차로안,승용,여,64세,기타불명,승용,여,30세,경상
2023051300100223,2023년 5월 13일 12시,토요일,강원도 정선군 남면,중상사고,0,1,1,0,차대차 - 측면충돌,중앙선침범,건조,맑음,단일로 - 기타,화물,남,35세,경상,화물,남,56세,중상
2023051300100271,2023년 5월 13일 13시,토요일,강원도 원주시 태장동,경상사고,0,0,1,0,차대차 - 측면충돌,안전거리미확보,건조,맑음,기타 - 기타,승합,남,27세,상해없음,이륜,남,30세,경상
2023051300100312,2023년 5월 13일 14시,토요일,강원도 춘천시 온의동,경상사고,0,0,2,0,차대차 - 측면충돌,안전운전불이행,건조,맑음,교차로 - 교차로안,승용,남,60세,상해없음,승용,남,39세,경상
2023051300100313,2023년 5월 13일 14시,토요일,강원도 삼척시 도계읍,중상사고,0,1,0,0,차대차 - 정면충돌,안전운전불이행,젖음/습기,비,단일로 - 기타,승용,여,26세,상해없음,승용,남,63세,중상
2023051300100314,2023년 5월 13일 14시,토요일,강원도 인제군 기린면,경상사고,0,0,1,0,차대사람 - 차도통행중,안전운전불이행,건조,맑음,교차로 - 교차로부근,승용,여,57세,상해없음,보행자,여,13세,경상
2023051300100387,2023년 5월 13일 16시,토요일,강원도 춘천시 근화동,부상신고사고,0,0,0,1,차대차 - 기타,안전운전불이행,건조,맑음,단일로 - 기타,자전거,여,70세,부상신고,자전거,남,25세,상해없음
2023051300100461,2023년 5월 13일 18시,토요일,강원도 강릉시 주문진읍,중상사고,0,1,2,0,차대차 - 측면충돌,중앙선침범,건조,맑음,단일로 - 기타,승용,여,50세,기타불명,승용,남,51세,경상
2023051300100462,2023년 5월 13일 18시,토요일,강원도 원주시 명륜동,경상사고,0,0,2,0,차대차 - 측면충돌,안전운전불이행,건조,흐림,기타 - 기타,승용,남,59세,상해없음,승용,남,31세,경상
2023051300100508,2023년 5월 13일 20시,토요일,강원도 강릉시 내곡동,경상사고,0,0,1,0,차대차 - 후진중충돌,안전운전불이행,건조,맑음,단일로 - 기타,승용,남,47세,상해없음,승용,남,78세,경상
2023051300100534,2023년 5월 13일 21시,토요일,강원도 춘천시 후평동,중상사고,0,1,0,0,차대차 - 측면충돌,교차로운행방법위반,건조,맑음,교차로 - 교차로안,승용,남,52세,상해없음,원동기,남,33세,중상
2023051300100558,2023년 5월 13일 22시,토요일,강원도 원주시 명륜동,중상사고,0,1,0,0,차대사람 - 기타,기타,건조,맑음,기타 - 기타,승용,남,67세,상해없음,보행자,여,66세,중상
2023051400100004,2023년 5월 14일 00시,일요일,강원도 강릉시 입암동,경상사고,0,0,1,0,차대사람 - 기타,안전운전불이행,건조,맑음,단일로 - 기타,승용,남,44세,상해없음,보행자,남,33세,경상
2023051400100005,2023년 5월 14일 00시,일요일,강원도 정선군 고한읍,경상사고,0,0,2,0,차대차 - 측면충돌,안전거리미확보,건조,맑음,단일로 - 기타,화물,남,60세,상해없음,승용,남,45세,경상
2023051400100068,2023년 5월 14일 09시,일요일,강원도 춘천시 효자동,경상사고,0,0,1,0,차대차 - 측면충돌,안전운전불이행,건조,맑음,교차로 - 교차로안,승용,여,55세,상해없음,자전거,여,28세,경상
2023051400100069,2023년 5월 14일 09시,일요일,강원도 강릉시 노암동,경상사고,0,0,2,0,차대차 - 측면충돌,안전운전불이행,건조,맑음,기타 - 기타,승용,여,61세,경상,승용,남,67세,경상
2023051400100086,2023년 5월 14일 10시,일요일,강원도 원주시 무실동,경상사고,0,0,1,0,차대차 - 기타,안전운전불이행,건조,맑음,단일로 - 기타,승용,여,60세,상해없음,승용,남,54세,경상
2023051400100087,2023년 5월 14일 10시,일요일,강원도 동해시 발한동,경상사고,0,0,3,0,차대차 - 측면충돌,신호위반,건조,맑음,교차로 - 교차로안,화물,남,48세,상해없음,승용,여,74세,경상
2023051400100135,2023년 5월 14일 12시,일요일,강원도 원주시 일산동,중상사고,0,1,0,0,차대차 - 추돌,교차로운행방법위반,건조,맑음,교차로 - 교차로안,승용,남,46세,상해없음,이륜,남,54세,중상
2023051400100211,2023년 5월 14일 14시,일요일,강원도 춘천시 효자동,부상신고사고,0,0,0,1,차대차 - 기타,신호위반,건조,맑음,교차로 - 교차로안,이륜,남,45세,부상신고,승용,남,45세,상해없음
2023051400100212,2023년 5월 14일 14시,일요일,강원도 원주시 태장동,경상사고,0,0,2,0,차대차 - 측면충돌,신호위반,건조,맑음,교차로 - 교차로안,승용,남,24세,상해없음,승용,남,22세,경상
2023051400100213,2023년 5월 14일 14시,일요일,강원도 원주시 반곡동,경상사고,0,0,1,0,차대차 - 추돌,안전운전불이행,건조,맑음,교차로 - 교차로횡단보도내,화물,남,63세,상해없음,자전거,남,8세,경상
2023051400100214,2023년 5월 14일 14시,일요일,강원도 홍천군 내면,경상사고,0,0,3,0,차대차 - 측면충돌,안전운전불이행,건조,맑음,단일로 - 지하차도(도로)내,승용,남,76세,상해없음,승용,여,49세,경상
2023051400100285,2023년 5월 14일 16시,일요일,강원도 춘천시 근화동,경상사고,0,0,2,0,차대차 - 추돌,안전운전불이행,건조,맑음,교차로 - 교차로부근,승용,남,59세,상해없음,승용,남,30세,경상
2023051400100324,2023년 5월 14일 17시,일요일,강원도 춘천시 남산면,중상사고,0,1,3,0,차대차 - 측면충돌,직진우회전진행방해,건조,맑음,단일로 - 기타,사륜오토바이(ATV),남,91세,상해없음,승용,여,41세,경상
2023051400100325,2023년 5월 14일 17시,일요일,강원도 원주시 반곡동,경상사고,0,0,2,0,차대차 - 추돌,기타,건조,맑음,교차로 - 교차로안,화물,남,51세,경상,승용,여,33세,경상
2023051400100326,2023년 5월 14일 17시,일요일,강원도 정선군 정선읍,경상사고,0,0,1,0,차대차 - 기타,안전운전불이행,건조,맑음,교차로 - 교차로안,승용,남,63세,상해없음,자전거,여,61세,경상
2023051400100352,2023년 5월 14일 18시,일요일,강원도 영월군 영월읍,사망사고,1,0,0,0,차대차 - 추돌,안전운전불이행,건조,맑음,단일로 - 기타,화물,남,69세,사망,화물,남,54세,기타불명
2023051400100386,2023년 5월 14일 19시,일요일,강원도 춘천시 퇴계동,경상사고,0,0,2,0,차대차 - 측면충돌,안전운전불이행,건조,맑음,교차로 - 교차로안,승용,여,46세,경상,이륜,남,51세,경상
2023051400100387,2023년 5월 14일 19시,일요일,강원도 원주시 개운동,경상사고,0,0,1,0,차대차 - 측면충돌,차로위반,건조,맑음,교차로 - 교차로부근,승용,남,50세,상해없음,승용,남,28세,경상
2023051400100413,2023년 5월 14일 20시,일요일,강원도 삼척시 원덕읍,중상사고,0,1,0,0,차대차 - 추돌,안전운전불이행,건조,맑음,단일로 - 기타,승용,여,24세,중상,건설기계,남,61세,상해없음
2023051400100469,2023년 5월 14일 23시,일요일,강원도 정선군 남면,중상사고,0,1,0,0,차량단독 - 공작물충돌,안전운전불이행,건조,맑음,기타 - 기타,승용,남,63세,중상,,,,
2023051500100099,2023년 5월 15일 08시,월요일,강원도 춘천시 후평동,경상사고,0,0,1,0,차대차 - 기타,안전거리미확보,건조,맑음,단일로 - 기타,승합,남,51세,상해없음,이륜,남,52세,경상
2023051500100100,2023년 5월 15일 08시,월요일,강원도 강릉시 포남동,경상사고,0,0,1,0,차대차 - 후진중충돌,안전운전불이행,건조,맑음,교차로 - 교차로안,승용,여,63세,상해없음,승용,여,28세,경상
2023051500100101,2023년 5월 15일 08시,월요일,강원도 강릉시 내곡동,경상사고,0,0,1,0,차대차 - 추돌,안전운전불이행,건조,맑음,교차로 - 교차로부근,승용,여,37세,상해없음,승용,남,72세,경상
2023051500100205,2023년 5월 15일 11시,월요일,강원도 고성군 토성면,중상사고,0,1,0,0,차대차 - 측면충돌,안전거리미확보,건조,흐림,기타 - 기타,승용,여,45세,상해없음,승용,남,24세,중상
2023051500100236,2023년 5월 15일 12시,월요일,강원도 속초시 교동,경상사고,0,0,2,0,차대차 - 기타,안전거리미확보,건조,맑음,교차로 - 교차로안,승용,남,77세,상해없음,화물,남,31세,경상
2023051500100274,2023년 5월 15일 13시,월요일,강원도 춘천시 온의동,경상사고,0,0,1,0,차대차 - 측면충돌,교차로운행방법위반,건조,맑음,교차로 - 교차로안,승용,남,24세,상해없음,승용,여,56세,경상
2023051500100275,2023년 5월 15일 13시,월요일,강원도 강릉시 성내동,중상사고,0,1,0,0,차대차 - 측면충돌,신호위반,건조,맑음,교차로 - 교차로횡단보도내,승용,여,57세,상해없음,자전거,남,67세,중상
2023051500100307,2023년 5월 15일 14시,월요일,강원도 양구군 국토정중앙면,경상사고,0,0,1,0,차대차 - 측면충돌,직진우회전진행방해,건조,맑음,교차로 - 교차로안,화물,남,48세,상해없음,승용,남,60세,경상
2023051500100308,2023년 5월 15일 14시,월요일,강원도 동해시 구미동,경상사고,0,0,1,0,차대차 - 추돌,안전운전불이행,건조,맑음,단일로 - 기타,승용,남,75세,상해없음,승용,남,39세,경상
2023051500100424,2023년 5월 15일 17시,월요일,강원도 강릉시 명주동,경상사고,0,0,1,0,차량단독 - 기타,안전운전불이행,건조,맑음,단일로 - 기타,승합,남,57세,기타불명,,,,
2023051500100425,2023년 5월 15일 17시,월요일,강원도 강릉시 주문진읍,경상사고,0,0,2,0,차대차 - 추돌,안전운전불이행,건조,맑음,교차로 - 교차로부근,화물,남,72세,상해없음,화물,남,47세,경상
2023051500100472,2023년 5월 15일 18시,월요일,강원도 동해시 나안동,경상사고,0,0,2,0,차대차 - 측면충돌,안전운전불이행,건조,맑음,단일로 - 기타,승용,남,23세,기타불명,화물,남,74세,경상
2023051500100501,2023년 5월 15일 19시,월요일,강원도 춘천시 퇴계동,경상사고,0,0,1,1,차대차 - 추돌,안전운전불이행,건조,맑음,단일로 - 기타,승용,여,22세,상해없음,승용,남,30세,부상신고
2023051500100502,2023년 5월 15일 19시,월요일,강원도 강릉시 포남동,중상사고,0,1,0,0,차대차 - 기타,안전운전불이행,건조,맑음,기타 - 기타,이륜,남,63세,상해없음,자전거,남,51세,중상
2023051500100503,2023년 5월 15일 19시,월요일,강원도 원주시 단계동,중상사고,0,1,0,5,차대차 - 추돌,직진우회전진행방해,건조,맑음,교차로 - 교차로안,이륜,남,36세,중상,승용,남,40세,부상신고
2023051500100563,2023년 5월 15일 21시,월요일,강원도 원주시 관설동,중상사고,0,1,2,0,차대차 - 추돌,안전운전불이행,건조,맑음,교차로 - 교차로부근,승용,남,60세,기타불명,승용,여,50세,중상
2023051600100019,2023년 5월 16일 02시,화요일,강원도 원주시 단계동,경상사고,0,0,2,0,차대차 - 추돌,안전운전불이행,건조,맑음,단일로 - 기타,승용,남,28세,상해없음,승용,남,50세,경상
2023051600100089,2023년 5월 16일 08시,화요일,강원도 강릉시 교동,중상사고,0,1,5,0,차대차 - 추돌,안전운전불이행,건조,맑음,기타 - 기타,승용,남,71세,상해없음,승용,남,69세,중상
2023051600100090,2023년 5월 16일 08시,화요일,강원도 동해시 평릉동,경상사고,0,0,1,0,차대차 - 측면충돌,안전운전불이행,건조,맑음,단일로 - 기타,승용,여,27세,상해없음,승용,여,22세,경상
2023051600100180,2023년 5월 16일 10시,화요일,강원도 원주시 무실동,경상사고,0,0,4,0,차대차 - 측면충돌,신호위반,건조,맑음,교차로 - 교차로안,승합,남,43세,기타불명,승용,남,43세,경상
2023051600100243,2023년 5월 16일 12시,화요일,강원도 삼척시 교동,경상사고,0,0,1,0,차대차 - 측면충돌,안전운전불이행,건조,맑음,단일로 - 기타,승용,남,69세,상해없음,승용,남,41세,경상
2023051600100317,2023년 5월 16일 14시,화요일,강원도 강릉시 포남동,경상사고,0,0,1,0,차량단독 - 기타,안전운전불이행,건조,맑음,교차로 - 교차로부근,승용,남,74세,상해없음,,,,
2023051600100376,2023년 5월 16일 15시,화요일,강원도 원주시 학성동,경상사고,0,0,1,0,차대차 - 정면충돌,안전운전불이행,건조,맑음,교차로 - 교차로안,화물,남,44세,상해없음,승용,여,36세,경상
2023051600100477,2023년 5월 16일 17시,화요일,강원도 춘천시 후평동,중상사고,0,1,0,0,차대사람 - 차도통행중,안전운전불이행,건조,맑음,교차로 - 교차로안,승용,여,67세,상해없음,보행자,남,9세,중상