사고번호,사고일시,요일,시군구,사고내용,사망자수,중상자수,경상자수,부상신고자수,사고유형,법규위반,노면상태,기상상태,도로형태,가해운전자 차종,가해운전자 성별,가해운전자 연령,가해운전자 상해정도,피해운전자 차종,피해운전자 성별,피해운전자 연령,피해운전자 상해정도
2023051600100478,2023년 5월 16일 17시,화요일,강원도 춘천시 근화동,경상사고,0,0,1,0,차대차 - 기타,차로위반,건조,맑음,단일로 - 기타,승용,여,74세,상해없음,승용,여,60세,경상
2023051600100533,2023년 5월 16일 18시,화요일,강원도 춘천시 남산면,경상사고,0,0,1,0,차대차 - 정면충돌,안전운전불이행,건조,맑음,단일로 - 기타,승용,남,49세,상해없음,화물,남,44세,경상
2023051600100534,2023년 5월 16일 18시,화요일,강원도 태백시 황지동,경상사고,0,0,1,0,차대차 - 기타,직진우회전진행방해,건조,맑음,교차로 - 교차로안,승용,남,43세,상해없음,승용,남,36세,경상
2023051700100020,2023년 5월 17일 03시,수요일,강원도 강릉시 입암동,경상사고,0,0,2,0,차대차 - 추돌,안전운전불이행,건조,맑음,교차로 - 교차로부근,승용,남,39세,기타불명,승용,남,47세,경상
2023051700100021,2023년 5월 17일 03시,수요일,강원도 원주시 지정면,경상사고,0,0,1,0,차대사람 - 기타,안전운전불이행,건조,맑음,기타 - 기타,승용,여,29세,상해없음,보행자,남,39세,경상
2023051700100112,2023년 5월 17일 08시,수요일,강원도 강릉시 교동,중상사고,0,1,1,0,차대차 - 측면충돌,안전운전불이행,건조,맑음,단일로 - 기타,승용,여,26세,기타불명,이륜,남,20세,경상
2023051700100251,2023년 5월 17일 11시,수요일,강원도 원주시 개운동,경상사고,0,0,1,0,차대차 - 측면충돌,신호위반,건조,맑음,교차로 - 교차로안,승용,여,27세,상해없음,승용,여,52세,경상
2023051700100252,2023년 5월 17일 11시,수요일,강원도 원주시 소초면,경상사고,0,0,1,0,차대차 - 추돌,안전운전불이행,건조,맑음,단일로 - 기타,승용,남,59세,상해없음,승용,남,68세,경상
2023051700100281,2023년 5월 17일 12시,수요일,강원도 춘천시 온의동,부상신고사고,0,0,0,1,차대차 - 측면충돌,안전운전불이행,건조,맑음,단일로 - 기타,승용,남,84세,상해없음,승용,남,59세,상해없음
2023051700100282,2023년 5월 17일 12시,수요일,강원도 강릉시 노암동,경상사고,0,0,1,0,차대차 - 기타,안전운전불이행,건조,맑음,단일로 - 기타,승용,여,43세,상해없음,승용,여,39세,경상
2023051700100283,2023년 5월 17일 12시,수요일,강원도 홍천군 화촌면,경상사고,0,0,1,0,차대차 - 기타,안전운전불이행,건조,맑음,단일로 - 기타,승용,남,61세,상해없음,승합,남,67세,상해없음
2023051700100284,2023년 5월 17일 12시,수요일,강원도 동해시 평릉동,경상사고,0,0,1,0,차대차 - 기타,신호위반,건조,맑음,교차로 - 교차로횡단보도내,이륜,남,81세,상해없음,자전거,남,58세,경상
2023051700100332,2023년 5월 17일 13시,수요일,강원도 원주시 명륜동,경상사고,0,0,2,0,차대사람 - 기타,안전운전불이행,건조,맑음,단일로 - 기타,승합,남,34세,상해없음,보행자,여,56세,경상
2023051700100333,2023년 5월 17일 13시,수요일,강원도 태백시 통동,중상사고,0,1,0,0,차대차 - 측면충돌,안전운전불이행,건조,맑음,교차로 - 교차로안,승용,남,65세,상해없음,자전거,남,82세,중상
2023051700100376,2023년 5월 17일 14시,수요일,강원도 원주시 관설동,경상사고,0,0,1,0,차대사람 - 횡단중,안전운전불이행,건조,맑음,교차로 - 교차로횡단보도내,승용,남,74세,상해없음,보행자,여,76세,경상
2023051700100377,2023년 5월 17일 14시,수요일,강원도 평창군 대관령면,경상사고,0,0,2,0,차대차 - 측면충돌,안전운전불이행,건조,맑음,단일로 - 지하차도(도로)내,승용,남,51세,상해없음,승용,남,29세,경상
2023051700100421,2023년 5월 17일 15시,수요일,강원도 원주시 단계동,경상사고,0,0,2,1,차대차 - 추돌,직진우회전진행방해,건조,맑음,교차로 - 교차로안,이륜,남,16세,부상신고,승용,여,31세,경상
2023051700100422,2023년 5월 17일 15시,수요일,강원도 정선군 고한읍,경상사고,0,0,2,0,차대차 - 측면충돌,안전운전불이행,건조,맑음,단일로 - 기타,승용,여,62세,상해없음,승용,남,48세,경상
2023051700100459,2023년 5월 17일 16시,수요일,강원도 원주시 단구동,경상사고,0,0,2,0,차대차 - 측면충돌,안전운전불이행,건조,맑음,단일로 - 기타,승용,여,49세,상해없음,화물,남,41세,경상
2023051700100460,2023년 5월 17일 16시,수요일,강원도 태백시 황지동,경상사고,0,0,1,0,차대사람 - 기타,안전운전불이행,건조,맑음,기타 - 기타,승용,남,63세,상해없음,보행자,남,54세,경상
2023051700100506,2023년 5월 17일 17시,수요일,강원도 강릉시 남문동,경상사고,0,0,1,0,차대차 - 측면충돌,안전운전불이행,건조,맑음,교차로 - 교차로부근,승용,여,63세,상해없음,승용,남,31세,경상
2023051700100507,2023년 5월 17일 17시,수요일,강원도 강릉시 노암동,경상사고,0,0,1,0,차대차 - 추돌,안전운전불이행,건조,맑음,단일로 - 기타,승용,여,47세,상해없음,승용,여,35세,경상
2023051700100571,2023년 5월 17일 18시,수요일,강원도 홍천군 홍천읍,경상사고,0,0,1,0,차량단독 - 전도전복 - 전도,안전운전불이행,건조,맑음,단일로 - 기타,이륜,남,16세,경상,,,,
2023051700100572,2023년 5월 17일 18시,수요일,강원도 횡성군 횡성읍,경상사고,0,0,1,0,차대차 - 측면충돌,안전운전불이행,건조,맑음,교차로 - 교차로안,승합,남,67세,상해없음,승용,남,63세,경상
2023051700100615,2023년 5월 17일 19시,수요일,강원도 횡성군 횡성읍,부상신고사고,0,0,0,1,차대차 - 추돌,안전거리미확보,건조,맑음,단일로 - 기타,승용,남,26세,상해없음,이륜,남,23세,부상신고
2023051800100108,2023년 5월 18일 08시,목요일,강원도 화천군 화천읍,경상사고,0,0,1,0,차대차 - 추돌,안전운전불이행,건조,맑음,교차로 - 교차로안,승용,남,41세,상해없음,승용,남,41세,경상
2023051800100193,2023년 5월 18일 10시,목요일,강원도 삼척시 남양동,중상사고,0,1,0,0,차대차 - 정면충돌,안전운전불이행,기타,맑음,교차로 - 교차로안,자전거,남,69세,중상,승용,여,52세,상해없음
2023051800100251,2023년 5월 18일 12시,목요일,강원도 춘천시 중앙로2가,경상사고,0,0,2,0,차대차 - 측면충돌,직진우회전진행방해,건조,맑음,교차로 - 교차로부근,승용,남,80세,기타불명,승용,여,29세,경상
2023051800100281,2023년 5월 18일 13시,목요일,강원도 횡성군 횡성읍,경상사고,0,0,1,0,차대차 - 측면충돌,안전운전불이행,건조,맑음,교차로 - 교차로안,승용,남,65세,상해없음,화물,남,61세,경상
2023051800100315,2023년 5월 18일 14시,목요일,강원도 춘천시 퇴계동,부상신고사고,0,0,0,4,차대차 - 기타,안전거리미확보,건조,맑음,교차로 - 교차로부근,승용,남,54세,상해없음,승합,남,58세,부상신고
2023051800100316,2023년 5월 18일 14시,목요일,강원도 강릉시 왕산면,경상사고,0,0,1,0,차대차 - 정면충돌,중앙선침범,건조,맑음,단일로 - 기타,승용,여,49세,기타불명,화물,남,58세,경상
2023051800100317,2023년 5월 18일 14시,목요일,강원도 속초시 청학동,경상사고,0,0,1,0,차대차 - 측면충돌,안전운전불이행,건조,맑음,교차로 - 교차로안,승용,남,31세,상해없음,이륜,남,35세,경상
2023051800100318,2023년 5월 18일 14시,목요일,강원도 평창군 진부면,중상사고,0,1,1,0,차대차 - 정면충돌,안전운전불이행,건조,맑음,단일로 - 지하차도(도로)내,승용,여,40세,상해없음,승용,남,77세,경상
2023051800100356,2023년 5월 18일 15시,목요일,강원도 원주시 호저면,경상사고,0,0,1,0,차대차 - 측면충돌,신호위반,건조,맑음,교차로 - 교차로안,이륜,남,71세,경상,승용,남,34세,상해없음
2023051800100398,2023년 5월 18일 16시,목요일,강원도 춘천시 후평동,중상사고,0,1,0,0,차대사람 - 기타,안전운전불이행,건조,기타,기타 - 기타,승용,남,67세,상해없음,보행자,여,84세,중상
2023051800100399,2023년 5월 18일 16시,목요일,강원도 강릉시 주문진읍,경상사고,0,0,1,0,차대차 - 정면충돌,안전운전불이행,건조,맑음,교차로 - 교차로부근,사륜오토바이(ATV),남,70세,경상,승용,남,55세,상해없음
2023051800100400,2023년 5월 18일 16시,목요일,강원도 원주시 소초면,경상사고,0,0,1,0,차대차 - 기타,안전운전불이행,건조,맑음,교차로 - 교차로안,승용,여,43세,상해없음,승용,남,68세,경상
2023051800100441,2023년 5월 18일 17시,목요일,강원도 춘천시 우두동,중상사고,0,1,0,0,차량단독 - 기타,기타,건조,맑음,단일로 - 기타,승합,남,53세,상해없음,,,,
2023051800100442,2023년 5월 18일 17시,목요일,강원도 춘천시 후평동,경상사고,0,0,1,0,차대사람 - 기타,안전운전불이행,건조,맑음,기타 - 기타,개인형이동수단(PM),남,19세,상해없음,보행자,남,61세,경상
2023051800100443,2023년 5월 18일 17시,목요일,강원도 태백시 화전동,경상사고,0,0,1,0,차대차 - 측면충돌,안전운전불이행,건조,맑음,단일로 - 기타,승합,남,64세,상해없음,승용,여,57세,경상
2023051800100557,2023년 5월 18일 20시,목요일,강원도 삼척시 남양동,중상사고,0,1,0,0,차대사람 - 기타,안전운전불이행,기타,맑음,단일로 - 기타,승용,남,64세,상해없음,보행자,남,60세,중상
2023051800100580,2023년 5월 18일 21시,목요일,강원도 강릉시 주문진읍,경상사고,0,0,2,0,차대차 - 추돌,안전운전불이행,건조,맑음,교차로 - 교차로부근,승용,남,43세,상해없음,승용,여,40세,경상
2023051900100035,2023년 5월 19일 05시,금요일,강원도 강릉시 옥천동,중상사고,0,1,0,0,차대사람 - 기타,기타,건조,흐림,단일로 - 기타,승용,남,23세,상해없음,보행자,여,55세,중상
2023051900100036,2023년 5월 19일 05시,금요일,강원도 정선군 사북읍,경상사고,0,0,1,0,차대차 - 기타,안전거리미확보,젖음/습기,맑음,단일로 - 기타,승용,남,66세,상해없음,승용,남,54세,경상
2023051900100080,2023년 5월 19일 07시,금요일,강원도 고성군 간성읍,경상사고,0,0,2,0,차대차 - 추돌,안전운전불이행,건조,맑음,단일로 - 기타,승용,남,23세,상해없음,승용,남,27세,경상
2023051900100116,2023년 5월 19일 08시,금요일,강원도 강릉시 포남동,경상사고,0,0,1,0,차대사람 - 횡단중,보행자보호의무위반,젖음/습기,비,교차로 - 교차로횡단보도내,승용,남,22세,상해없음,보행자,남,42세,경상
2023051900100117,2023년 5월 19일 08시,금요일,강원도 강릉시 노암동,경상사고,0,0,1,0,차대차 - 측면충돌,안전운전불이행,건조,흐림,단일로 - 기타,승용,여,24세,상해없음,승용,여,56세,경상
2023051900100118,2023년 5월 19일 08시,금요일,강원도 원주시 일산동,경상사고,0,0,1,0,차대차 - 추돌,안전운전불이행,건조,맑음,교차로 - 교차로부근,승용,남,32세,상해없음,승용,남,71세,경상
2023051900100159,2023년 5월 19일 09시,금요일,강원도 강릉시 포남동,경상사고,0,0,1,0,차대차 - 측면충돌,안전운전불이행,젖음/습기,비,단일로 - 기타,승용,남,67세,상해없음,승용,남,42세,경상
2023051900100160,2023년 5월 19일 09시,금요일,강원도 영월군 영월읍,경상사고,0,0,1,0,차대차 - 기타,안전거리미확보,건조,맑음,단일로 - 기타,승용,남,73세,상해없음,화물,남,60세,경상
2023051900100161,2023년 5월 19일 09시,금요일,강원도 영월군 영월읍,중상사고,0,1,1,0,차대차 - 추돌,차로위반,건조,맑음,단일로 - 기타,승용,여,53세,상해없음,건설기계,남,48세,상해없음
2023051900100162,2023년 5월 19일 09시,금요일,강원도 양구군 국토정중앙면,중상사고,0,2,0,0,차대차 - 측면충돌,중앙선침범,건조,맑음,교차로 - 교차로안,승용,남,33세,중상,승용,남,78세,중상
2023051900100204,2023년 5월 19일 10시,금요일,강원도 원주시 단계동,경상사고,0,0,1,0,차대차 - 측면충돌,교차로운행방법위반,건조,맑음,교차로 - 교차로안,승용,여,59세,상해없음,승용,남,36세,경상
2023051900100245,2023년 5월 19일 11시,금요일,강원도 춘천시 후평동,부상신고사고,0,0,0,1,차대차 - 후진중충돌,안전운전불이행,건조,맑음,교차로 - 교차로부근,화물,남,61세,상해없음,화물,남,54세,부상신고
2023051900100246,2023년 5월 19일 11시,금요일,강원도 춘천시 석사동,경상사고,0,0,1,0,차대차 - 측면충돌,안전운전불이행,건조,맑음,단일로 - 기타,승용,여,44세,상해없음,자전거,남,43세,경상
2023051900100247,2023년 5월 19일 11시,금요일,강원도 양구군 국토정중앙면,중상사고,0,1,0,0,차대사람 - 길가장자리구역통행중,안전운전불이행,건조,맑음,단일로 - 기타,화물,남,69세,상해없음,보행자,남,22세,중상
2023051900100293,2023년 5월 19일 12시,금요일,강원도 원주시 문막읍,경상사고,0,0,1,0,차대차 - 추돌,안전운전불이행,건조,맑음,교차로 - 교차로부근,승용,남,39세,상해없음,승용,남,27세,경상
2023051900100294,2023년 5월 19일 12시,금요일,강원도 삼척시 근덕면,경상사고,0,0,2,0,차대차 - 측면충돌,교차로운행방법위반,건조,맑음,교차로 - 교차로안,화물,남,50세,상해없음,특수,남,55세,경상
2023051900100295,2023년 5월 19일 12시,금요일,강원도 철원군 근남면,경상사고,0,0,3,0,차대차 - 정면충돌,중앙선침범,건조,맑음,단일로 - 기타,승용,남,83세,상해없음,화물,남,51세,경상
2023051900100340,2023년 5월 19일 13시,금요일,강원도 춘천시 남산면,중상사고,0,1,1,0,차량단독 - 공작물충돌,안전운전불이행,건조,맑음,단일로 - 기타,승용,남,64세,경상,,,,
2023051900100341,2023년 5월 19일 13시,금요일,강원도 강릉시 포남동,경상사고,0,0,1,0,차대차 - 측면충돌,안전운전불이행,건조,맑음,교차로 - 교차로부근,승용,여,60세,기타불명,승용,여,49세,경상
2023051900100342,2023년 5월 19일 13시,금요일,강원도 평창군 진부면,중상사고,0,2,2,0,차대차 - 측면충돌,안전거리미확보,건조,맑음,단일로 - 기타,화물,남,53세,상해없음,승용,여,32세,중상
2023051900100454,2023년 5월 19일 16시,금요일,강원도 춘천시 신북읍,경상사고,0,0,1,0,차대차 - 기타,안전거리미확보,건조,맑음,단일로 - 기타,승용,남,27세,상해없음,승용,남,24세,경상
2023051900100455,2023년 5월 19일 16시,금요일,강원도 횡성군 횡성읍,경상사고,0,0,1,0,차대차 - 측면충돌,안전거리미확보,건조,맑음,단일로 - 기타,승용,여,44세,상해없음,승용,남,54세,경상
2023051900100501,2023년 5월 19일 17시,금요일,강원도 홍천군 영귀미면,경상사고,0,0,1,0,차대차 - 측면충돌,중앙선침범,건조,맑음,단일로 - 지하차도(도로)내,승용,남,57세,상해없음,화물,남,73세,경상
2023051900100556,2023년 5월 19일 18시,금요일,강원특별자치도 영월군 영월읍,경상사고,0,0,1,0,차대차 - 기타,안전운전불이행,건조,맑음,교차로 - 교차로부근,승용,남,65세,상해없음,이륜,남,31세,경상
2023051900100603,2023년 5월 19일 19시,금요일,강원도 강릉시 죽헌동,경상사고,0,0,2,0,차대차 - 측면충돌,신호위반,건조,맑음,교차로 - 교차로안,승용,남,61세,상해없음,승용,남,72세,경상
2023051900100604,2023년 5월 19일 19시,금요일,강원도 원주시 단계동,중상사고,0,1,1,0,차대차 - 측면충돌,안전거리미확보,건조,맑음,단일로 - 기타,화물,남,42세,상해없음,승합,남,66세,상해없음
2023051900100641,2023년 5월 19일 20시,금요일,강원도 춘천시 퇴계동,중상사고,0,1,0,0,차대차 - 기타,기타,건조,맑음,교차로 - 교차로부근,승용,남,69세,상해없음,이륜,남,49세,중상
2023051900100728,2023년 5월 19일 23시,금요일,강원도 원주시 무실동,사망사고,1,0,1,0,차대사람 - 횡단중,보행자보호의무위반,건조,맑음,교차로 - 교차로안,이륜,남,20세,상해없음,보행자,여,63세,사망
2023052000100005,2023년 5월 20일 00시,토요일,강원도 원주시 태장동,중상사고,0,1,0,0,차대차 - 기타,직진우회전진행방해,건조,맑음,교차로 - 교차로안,이륜,남,55세,중상,화물,남,71세,상해없음
2023052000100092,2023년 5월 20일 08시,토요일,강원도 속초시 교동,중상사고,0,1,0,0,차대차 - 측면충돌,교차로운행방법위반,건조,맑음,교차로 - 교차로안,승용,여,53세,기타불명,승용,여,48세,중상
2023052000100114,2023년 5월 20일 09시,토요일,강원도 춘천시 남산면,경상사고,0,0,1,0,차대차 - 기타,교차로운행방법위반,건조,맑음,교차로 - 교차로안,승용,남,38세,상해없음,화물,남,31세,경상
2023052000100115,2023년 5월 20일 09시,토요일,강원특별자치도 속초시 노학동,경상사고,0,0,1,0,차대차 - 추돌,안전운전불이행,건조,맑음,단일로 - 기타,승합,남,70세,기타불명,승용,남,39세,경상
2023052000100116,2023년 5월 20일 09시,토요일,강원도 원주시 가현동,중상사고,0,3,4,0,차대차 - 측면충돌,안전운전불이행,건조,맑음,단일로 - 기타,화물,남,59세,상해없음,승용,남,58세,중상
2023052000100152,2023년 5월 20일 10시,토요일,강원도 춘천시 동면,경상사고,0,0,1,0,차대차 - 측면충돌,안전운전불이행,건조,맑음,교차로 - 교차로안,승용,남,76세,상해없음,승용,남,34세,경상
2023052000100201,2023년 5월 20일 11시,토요일,강원도 원주시 평원동,경상사고,0,0,1,0,차대차 - 기타,신호위반,건조,맑음,교차로 - 교차로안,승용,남,74세,상해없음,승용,남,71세,경상
2023052000100202,2023년 5월 20일 11시,토요일,강원도 평창군 미탄면,경상사고,0,0,2,0,차대차 - 측면충돌,직진우회전진행방해,건조,맑음,교차로 - 교차로안,승용,남,73세,상해없음,승용,남,54세,경상
2023052000100243,2023년 5월 20일 12시,토요일,강원도 강릉시 사천면,경상사고,0,0,1,0,차대차 - 추돌,안전운전불이행,건조,맑음,단일로 - 기타,승용,남,57세,상해없음,승용,여,38세,경상
2023052000100293,2023년 5월 20일 13시,토요일,강원도 강릉시 포남동,경상사고,0,0,1,0,차대사람 - 기타,안전운전불이행,건조,맑음,단일로 - 기타,승용,남,21세,상해없음,보행자,남,6세,경상
2023052000100294,2023년 5월 20일 13시,토요일,강원도 속초시 조양동,경상사고,0,0,3,0,차대차 - 추돌,안전운전불이행,건조,맑음,단일로 - 기타,화물,남,47세,상해없음,승용,남,27세,경상
2023052000100295,2023년 5월 20일 13시,토요일,강원도 철원군 갈말읍,경상사고,0,0,3,0,차대차 - 측면충돌,안전운전불이행,건조,맑음,단일로 - 기타,화물,남,19세,상해없음,승용,여,36세,경상
2023052000100390,2023년 5월 20일 15시,토요일,강원도 태백시 장성동,경상사고,0,0,2,0,차대차 - 측면충돌,안전거리미확보,건조,맑음,단일로 - 기타,승용,남,67세,상해없음,화물,남,59세,경상
2023052000100429,2023년 5월 20일 16시,토요일,강원특별자치도 양양군 양양읍,경상사고,0,0,2,0,차대차 - 추돌,안전거리미확보,건조,맑음,교차로 - 교차로부근,승용,여,29세,상해없음,승용,여,55세,경상
2023052000100430,2023년 5월 20일 16시,토요일,강원도 홍천군 북방면,경상사고,0,0,1,1,차대차 - 측면충돌,직진우회전진행방해,건조,맑음,교차로 - 교차로안,승용,남,69세,부상신고,화물,남,59세,경상
2023052000100431,2023년 5월 20일 16시,토요일,강원도 횡성군 둔내면,중상사고,0,1,0,0,차량단독 - 도로외이탈 - 기타,안전운전불이행,건조,맑음,단일로 - 기타,승용,여,49세,상해없음,,,,
2023052000100466,2023년 5월 20일 17시,토요일,강원도 춘천시 동내면,사망사고,1,0,0,0,차량단독 - 전도전복 - 전도,안전운전불이행,건조,맑음,단일로 - 기타,이륜,남,38세,사망,,,,
2023052000100468,2023년 5월 20일 17시,토요일,강원도 원주시 행구동,경상사고,0,0,1,0,차대차 - 측면충돌,안전운전불이행,건조,맑음,기타 - 기타,승용,남,26세,상해없음,승용,여,29세,경상
2023052000100488,2023년 5월 20일 18시,토요일,강원도 홍천군 북방면,경상사고,0,0,1,0,차대사람 - 횡단중,안전운전불이행,건조,맑음,단일로 - 기타,승용,여,58세,상해없음,보행자,남,5세,경상
2023052000100489,2023년 5월 20일 18시,토요일,강원도 평창군 대관령면,중상사고,0,1,0,0,차대차 - 기타,안전운전불이행,건조,맑음,단일로 - 지하차도(도로)내,기타불명,남,35세,중상,승용,남,55세,상해없음
2023052000100521,2023년 5월 20일 19시,토요일,강원도 영월군 영월읍,부상신고사고,0,0,0,1,차대사람 - 차도통행중,안전운전불이행,건조,맑음,단일로 - 기타,승용,여,49세,상해없음,보행자,남,58세,부상신고
2023052000100586,2023년 5월 20일 21시,토요일,강원도 강릉시 입암동,중상사고,0,1,0,0,차대사람 - 차도통행중,안전운전불이행,건조,맑음,단일로 - 기타,승용,남,50세,상해없음,보행자,여,60세,중상
2023052000100587,2023년 5월 20일 21시,토요일,강원도 속초시 조양동,경상사고,0,0,2,0,차대차 - 측면충돌,직진우회전진행방해,건조,맑음,교차로 - 교차로안,이륜,남,16세,경상,승용,여,51세,경상
2023052000100606,2023년 5월 20일 22시,토요일,강원도 원주시 태장동,중상사고,0,1,0,0,차대사람 - 기타,안전운전불이행,건조,흐림,기타 - 기타,승용,여,63세,상해없음,보행자,남,59세,중상
2023052100100018,2023년 5월 21일 01시,일요일,강원도 춘천시 온의동,경상사고,0,0,2,0,차대차 - 측면충돌,신호위반,건조,맑음,교차로 - 교차로안,승용,여,47세,상해없음,승용,남,55세,경상
2023052100100052,2023년 5월 21일 07시,일요일,강원도 춘천시 효자동,중상사고,0,1,0,0,차대차 - 측면충돌,중앙선침범,건조,맑음,단일로 - 기타,화물,남,66세,상해없음,승용,남,59세,중상
2023052100100075,2023년 5월 21일 09시,일요일,강원도 춘천시 근화동,경상사고,0,0,1,0,차대차 - 기타,안전거리미확보,건조,맑음,단일로 - 기타,승용,남,28세,상해없음,승용,남,29세,경상
2023052100100095,2023년 5월 21일 10시,일요일,강원도 원주시 관설동,경상사고,0,0,1,0,차대차 - 측면충돌,안전운전불이행,건조,맑음,교차로 - 교차로안,승용,남,31세,상해없음,이륜,남,28세,경상
2023052100100117,2023년 5월 21일 11시,일요일,강원도 강릉시 주문진읍,경상사고,0,0,2,0,차대차 - 추돌,안전운전불이행,건조,맑음,단일로 - 기타,승용,여,63세,상해없음,승용,남,31세,경상
2023052100100148,2023년 5월 21일 12시,일요일,강원도 화천군 사내면,경상사고,0,0,1,0,차대차 - 기타,직진우회전진행방해,건조,맑음,교차로 - 교차로안,이륜,남,21세,경상,승용,남,41세,상해없음
2023052100100178,2023년 5월 21일 13시,일요일,강원도 원주시 소초면,경상사고,0,0,1,0,차대차 - 기타,교차로운행방법위반,건조,맑음,교차로 - 교차로안,화물,남,66세,상해없음,이륜,남,39세,경상
2023052100100209,2023년 5월 21일 14시,일요일,강원도 정선군 고한읍,경상사고,0,0,2,0,차대차 - 기타,중앙선침범,건조,맑음,단일로 - 기타,승용,여,62세,상해없음,승용,여,53세,경상
2023052100100383,2023년 5월 21일 20시,일요일,강원도 홍천군 두촌면,경상사고,0,0,1,0,차대사람 - 기타,안전운전불이행,건조,맑음,주차장 - 주차장,승용,남,65세,상해없음,보행자,남,42세,경상
2023052100100422,2023년 5월 21일 21시,일요일,강원도 양양군 강현면,경상사고,0,0,1,0,차대차 - 측면충돌,안전운전불이행,건조,맑음,단일로 - 기타,승용,남,24세,상해없음,승용,남,27세,경상
2023052100100451,2023년 5월 21일 22시,일요일,강원도 춘천시 후평동,경상사고,0,0,1,0,차대사람 - 기타,보행자보호의무위반,건조,맑음,단일로 - 기타,승용,남,32세,상해없음,보행자,남,55세,경상
2023052200100012,2023년 5월 22일 02시,월요일,강원도 강릉시 연곡면,사망사고,1,0,0,0,차량단독 - 공작물충돌,안전운전불이행,건조,맑음,기타 - 기타,승용,남,48세,사망,,,,
2023052200100043,2023년 5월 22일 07시,월요일,강원도 속초시 동명동,경상사고,0,0,1,0,차대차 - 기타,안전운전불이행,건조,맑음,단일로 - 기타,화물,남,52세,상해없음,승용,남,67세,경상
2023052200100073,2023년 5월 22일 08시,월요일,강원도 원주시 태장동,경상사고,0,0,1,0,차대차 - 정면충돌,중앙선침범,건조,맑음,단일로 - 기타,승용,남,71세,상해없음,승용,여,42세,경상
2023052200100074,2023년 5월 22일 08시,월요일,강원도 속초시 조양동,중상사고,0,1,0,0,차대차 - 측면충돌,교차로운행방법위반,건조,맑음,교차로 - 교차로안,화물,여,61세,기타불명,승용,남,78세,중상
2023052200100075,2023년 5월 22일 08시,월요일,강원도 속초시 청호동,중상사고,0,2,0,0,차대차 - 측면충돌,교차로운행방법위반,건조,맑음,교차로 - 교차로안,승용,여,34세,기타불명,승용,남,30세,중상
2023052200100180,2023년 5월 22일 11시,월요일,강원도 삼척시 자원동,중상사고,0,1,0,0,차대차 - 추돌,안전거리미확보,건조,맑음,교차로 - 교차로안,승용,남,68세,상해없음,승용,여,61세,중상
2023052200100208,2023년 5월 22일 12시,월요일,강원도 원주시 태장동,부상신고사고,0,0,0,1,차대차 - 측면충돌,안전운전불이행,건조,맑음,교차로 - 교차로안,승용,남,31세,상해없음,이륜,남,42세,부상신고
2023052200100209,2023년 5월 22일 12시,월요일,강원도 원주시 태장동,경상사고,0,0,1,0,차대차 - 기타,불법유턴,건조,맑음,단일로 - 기타,화물,남,65세,상해없음,승합,남,62세,상해없음
2023052200100210,2023년 5월 22일 12시,월요일,강원도 동해시 천곡동,경상사고,0,0,1,0,차대사람 - 횡단중,보행자보호의무위반,건조,맑음,교차로 - 교차로부근,화물,남,42세,상해없음,보행자,여,58세,경상
2023052200100243,2023년 5월 22일 13시,월요일,강원도 원주시 개운동,경상사고,0,0,1,0,차대차 - 추돌,안전운전불이행,건조,맑음,교차로 - 교차로부근,이륜,남,47세,경상,승용,여,48세,상해없음
2023052200100244,2023년 5월 22일 13시,월요일,강원도 원주시 관설동,경상사고,0,0,1,0,차대사람 - 횡단중,신호위반,건조,맑음,단일로 - 기타,승용,남,82세,상해없음,보행자,남,7세,경상
2023052200100245,2023년 5월 22일 13시,월요일,강원도 태백시 황지동,경상사고,0,0,1,0,차대사람 - 횡단중,안전운전불이행,건조,맑음,교차로 - 교차로안,승용,여,56세,상해없음,보행자,여,76세,경상
2023052200100281,2023년 5월 22일 14시,월요일,강원도 춘천시 후평동,경상사고,0,0,1,0,차대사람 - 기타,안전운전불이행,건조,맑음,단일로 - 기타,승합,남,58세,상해없음,보행자,여,61세,경상
2023052200100282,2023년 5월 22일 14시,월요일,강원도 원주시 개운동,경상사고,0,0,1,0,차대차 - 추돌,안전운전불이행,건조,맑음,단일로 - 기타,이륜,남,27세,기타불명,승용,남,55세,경상
2023052200100283,2023년 5월 22일 14시,월요일,강원도 영월군 주천면,경상사고,0,0,1,0,차대차 - 정면충돌,기타,건조,맑음,교차로 - 교차로안,승용,남,61세,상해없음,승용,여,63세,경상
2023052200100322,2023년 5월 22일 15시,월요일,강원도 춘천시 효자동,경상사고,0,0,1,0,차대사람 - 횡단중,보행자보호의무위반,건조,맑음,교차로 - 교차로횡단보도내,승용,남,57세,기타불명,보행자,여,67세,경상
2023052200100323,2023년 5월 22일 15시,월요일,강원도 강릉시 왕산면,경상사고,0,0,1,0,차대차 - 기타,중앙선침범,건조,맑음,기타 - 기타,승용,여,70세,상해없음,화물,남,61세,경상
2023052200100324,2023년 5월 22일 15시,월요일,강원도 홍천군 서석면,사망사고,1,0,0,0,차량단독 - 공작물충돌,안전운전불이행,건조,맑음,교차로 - 교차로안,이륜,남,26세,사망,,,,