사고번호,사고일시,요일,시군구,사고내용,사망자수,중상자수,경상자수,부상신고자수,사고유형,법규위반,노면상태,기상상태,도로형태,가해운전자 차종,가해운전자 성별,가해운전자 연령,가해운전자 상해정도,피해운전자 차종,피해운전자 성별,피해운전자 연령,피해운전자 상해정도
2023052200100368,2023년 5월 22일 16시,월요일,강원도 속초시 조양동,중상사고,0,1,0,0,차대차 - 측면충돌,교차로운행방법위반,건조,맑음,교차로 - 교차로안,승용,남,21세,상해없음,화물,남,60세,중상
2023052200100369,2023년 5월 22일 16시,월요일,강원도 속초시 조양동,중상사고,0,2,0,0,차대차 - 기타,교차로운행방법위반,건조,맑음,교차로 - 교차로안,승용,남,65세,상해없음,승용,여,50세,중상
2023052200100415,2023년 5월 22일 17시,월요일,강원도 춘천시 신북읍,경상사고,0,0,1,0,차대사람 - 길가장자리구역통행중,안전운전불이행,건조,맑음,교차로 - 교차로안,건설기계,남,63세,상해없음,보행자,남,84세,경상
2023052200100416,2023년 5월 22일 17시,월요일,강원도 동해시 이도동,경상사고,0,0,1,0,차대차 - 기타,안전운전불이행,건조,맑음,교차로 - 교차로부근,건설기계,남,67세,상해없음,승용,남,60세,경상
2023052200100557,2023년 5월 22일 21시,월요일,강원도 삼척시 남양동,경상사고,0,0,1,0,차대사람 - 횡단중,보행자보호의무위반,건조,맑음,교차로 - 교차로안,승용,남,62세,상해없음,보행자,남,24세,경상
2023052200100609,2023년 5월 22일 23시,월요일,강원도 원주시 신림면,경상사고,0,0,1,0,차량단독 - 기타,안전운전불이행,건조,맑음,단일로 - 기타,이륜,남,41세,경상,,,,
2023052300100006,2023년 5월 23일 00시,화요일,강원도 춘천시 효자동,경상사고,0,0,1,0,차대차 - 기타,안전운전불이행,건조,맑음,교차로 - 교차로부근,승용,남,52세,상해없음,이륜,남,28세,경상
2023052300100011,2023년 5월 23일 01시,화요일,강원특별자치도 양구군 국토정중앙면,부상신고사고,0,0,0,1,차량단독 - 공작물충돌,안전운전불이행,건조,맑음,단일로 - 기타,승용,남,60세,부상신고,,,,
2023052300100085,2023년 5월 23일 08시,화요일,강원도 원주시 명륜동,중상사고,0,1,0,0,차대사람 - 기타,안전운전불이행,건조,맑음,교차로 - 교차로안,승용,여,26세,상해없음,보행자,남,51세,중상
2023052300100086,2023년 5월 23일 08시,화요일,강원도 원주시 무실동,경상사고,0,0,1,0,차대차 - 기타,교차로운행방법위반,건조,맑음,교차로 - 교차로부근,승용,남,39세,상해없음,자전거,남,13세,경상
2023052300100087,2023년 5월 23일 08시,화요일,강원도 양양군 양양읍,경상사고,0,0,1,0,차대차 - 측면충돌,직진우회전진행방해,건조,맑음,교차로 - 교차로안,승용,여,53세,상해없음,승용,여,62세,경상
2023052300100088,2023년 5월 23일 08시,화요일,강원도 화천군 하남면,경상사고,0,0,2,0,차대차 - 추돌,안전운전불이행,건조,맑음,교차로 - 교차로부근,승용,남,82세,경상,승용,남,36세,경상
2023052300100145,2023년 5월 23일 09시,화요일,강원도 원주시 명륜동,경상사고,0,0,1,0,차대차 - 측면충돌,안전운전불이행,건조,맑음,단일로 - 기타,승용,여,44세,상해없음,승용,여,32세,경상
2023052300100186,2023년 5월 23일 10시,화요일,강원도 강릉시 입암동,중상사고,0,1,0,0,차대사람 - 기타,안전운전불이행,건조,맑음,기타 - 기타,승용,남,34세,상해없음,보행자,여,64세,중상
2023052300100187,2023년 5월 23일 10시,화요일,강원도 횡성군 우천면,경상사고,0,0,1,0,차대차 - 측면충돌,불법유턴,건조,맑음,단일로 - 기타,승용,남,47세,상해없음,화물,여,53세,경상
2023052300100225,2023년 5월 23일 11시,화요일,강원도 동해시 구미동,중상사고,0,1,0,1,차대차 - 기타,안전운전불이행,건조,맑음,단일로 - 기타,승용,여,66세,부상신고,화물,남,43세,기타불명
2023052300100297,2023년 5월 23일 13시,화요일,강원도 강릉시 입암동,경상사고,0,0,1,0,차대차 - 기타,안전운전불이행,건조,맑음,교차로 - 교차로안,승용,여,40세,상해없음,승용,남,31세,경상
2023052300100298,2023년 5월 23일 13시,화요일,강원도 강릉시 옥천동,경상사고,0,0,1,0,차대차 - 측면충돌,안전운전불이행,건조,맑음,교차로 - 교차로안,승용,남,23세,기타불명,승용,여,43세,경상
2023052300100299,2023년 5월 23일 13시,화요일,강원도 인제군 인제읍,중상사고,0,2,0,0,차대차 - 정면충돌,중앙선침범,건조,맑음,단일로 - 기타,승용,남,63세,상해없음,승용,여,71세,중상
2023052300100336,2023년 5월 23일 14시,화요일,강원도 강릉시 성산면,중상사고,0,1,0,0,차대차 - 기타,안전운전불이행,건조,맑음,단일로 - 기타,승용,남,63세,상해없음,화물,남,66세,중상
2023052300100337,2023년 5월 23일 14시,화요일,강원도 동해시 천곡동,경상사고,0,0,1,0,차대차 - 기타,중앙선침범,건조,맑음,단일로 - 기타,승용,여,25세,상해없음,승용,여,33세,경상
2023052300100376,2023년 5월 23일 15시,화요일,강원도 삼척시 남양동,중상사고,0,1,0,0,차대사람 - 기타,안전운전불이행,기타,맑음,단일로 - 기타,승용,남,84세,상해없음,보행자,여,81세,중상
2023052300100422,2023년 5월 23일 16시,화요일,강원도 원주시 단계동,경상사고,0,0,1,0,차대차 - 추돌,신호위반,건조,맑음,교차로 - 교차로안,승용,남,64세,상해없음,화물,남,52세,경상
2023052300100423,2023년 5월 23일 16시,화요일,강원특별자치도 속초시 교동,경상사고,0,0,1,0,차대차 - 추돌,안전운전불이행,건조,맑음,교차로 - 교차로부근,승용,남,63세,상해없음,승용,남,31세,경상
2023052300100473,2023년 5월 23일 17시,화요일,강원도 홍천군 영귀미면,경상사고,0,0,1,0,차대사람 - 기타,안전운전불이행,건조,맑음,단일로 - 지하차도(도로)내,승용,남,61세,상해없음,보행자,남,36세,경상
2023052300100474,2023년 5월 23일 17시,화요일,강원특별자치도 횡성군 둔내면,사망사고,1,0,0,1,차대차 - 기타,안전운전불이행,건조,맑음,교차로 - 교차로안,사륜오토바이(ATV),남,84세,사망,승합,남,71세,부상신고
2023052300100475,2023년 5월 23일 17시,화요일,강원도 횡성군 청일면,경상사고,0,0,1,0,차대차 - 측면충돌,안전운전불이행,건조,맑음,단일로 - 기타,승용,여,80세,상해없음,승용,남,40세,경상
2023052300100526,2023년 5월 23일 18시,화요일,강원도 춘천시 근화동,경상사고,0,0,1,0,차대차 - 측면충돌,안전운전불이행,건조,맑음,단일로 - 기타,승용,남,63세,상해없음,자전거,남,49세,경상
2023052300100527,2023년 5월 23일 18시,화요일,강원도 춘천시 동면,경상사고,0,0,1,1,차대차 - 측면충돌,교차로운행방법위반,건조,맑음,교차로 - 교차로안,승용,남,44세,부상신고,승용,여,69세,경상
2023052300100528,2023년 5월 23일 18시,화요일,강원도 원주시 태장동,경상사고,0,0,1,0,차대차 - 기타,안전운전불이행,건조,맑음,교차로 - 교차로안,이륜,남,17세,경상,승용,남,63세,상해없음
2023052300100529,2023년 5월 23일 18시,화요일,강원도 원주시 명륜동,중상사고,0,1,0,0,차대사람 - 횡단중,보행자보호의무위반,건조,맑음,교차로 - 교차로횡단보도내,승용,남,61세,상해없음,보행자,남,63세,중상
2023052300100530,2023년 5월 23일 18시,화요일,강원도 인제군 인제읍,중상사고,0,1,0,0,차량단독 - 도로외이탈 - 추락,안전운전불이행,건조,맑음,단일로 - 기타,승용,남,67세,중상,,,,
2023052300100573,2023년 5월 23일 19시,화요일,강원도 원주시 명륜동,경상사고,0,0,1,0,차대차 - 기타,신호위반,건조,맑음,교차로 - 교차로안,승용,남,67세,상해없음,승용,남,58세,경상
2023052300100595,2023년 5월 23일 20시,화요일,강원도 춘천시 남면,중상사고,0,1,0,0,차대차 - 측면충돌,안전운전불이행,건조,맑음,단일로 - 기타,승용,남,56세,상해없음,승용,남,42세,상해없음
2023052300100618,2023년 5월 23일 21시,화요일,강원도 강릉시 옥천동,경상사고,0,0,1,0,차대차 - 추돌,안전운전불이행,건조,맑음,교차로 - 교차로안,승용,남,61세,상해없음,이륜,남,34세,경상
2023052400100047,2023년 5월 24일 06시,수요일,강원도 춘천시 퇴계동,경상사고,0,0,1,0,차대차 - 측면충돌,신호위반,건조,맑음,교차로 - 교차로안,승용,여,60세,상해없음,승용,여,62세,경상
2023052400100048,2023년 5월 24일 06시,수요일,강원도 삼척시 사직동,경상사고,0,0,1,0,차대차 - 기타,안전운전불이행,기타,맑음,단일로 - 기타,화물,남,64세,상해없음,승용,남,75세,상해없음
2023052400100109,2023년 5월 24일 08시,수요일,강원특별자치도 춘천시 사농동,중상사고,0,1,1,1,차대차 - 기타,신호위반,건조,맑음,교차로 - 교차로안,승용,여,49세,부상신고,승용,남,80세,경상
2023052400100165,2023년 5월 24일 09시,수요일,강원도 평창군 용평면,경상사고,0,0,1,0,차대차 - 추돌,안전운전불이행,건조,맑음,단일로 - 지하차도(도로)내,승용,남,31세,상해없음,승용,여,63세,경상
2023052400100229,2023년 5월 24일 11시,수요일,강원도 평창군 용평면,경상사고,0,0,2,0,차대차 - 추돌,안전운전불이행,건조,맑음,단일로 - 지하차도(도로)내,승용,여,73세,경상,화물,남,59세,경상
2023052400100316,2023년 5월 24일 14시,수요일,강원도 춘천시 동내면,경상사고,0,0,1,0,차대차 - 측면충돌,신호위반,건조,맑음,교차로 - 교차로안,승용,여,69세,상해없음,화물,남,28세,경상
2023052400100351,2023년 5월 24일 15시,수요일,강원도 춘천시 온의동,부상신고사고,0,0,0,1,차대사람 - 기타,안전운전불이행,건조,맑음,단일로 - 기타,승용,남,60세,상해없음,보행자,남,38세,부상신고
2023052400100434,2023년 5월 24일 17시,수요일,강원도 원주시 명륜동,경상사고,0,0,1,0,차대사람 - 횡단중,보행자보호의무위반,건조,맑음,교차로 - 교차로횡단보도내,승용,여,60세,상해없음,보행자,남,10세,경상
2023052400100435,2023년 5월 24일 17시,수요일,강원도 태백시 황지동,부상신고사고,0,0,0,1,차대차 - 측면충돌,안전운전불이행,건조,맑음,교차로 - 교차로부근,승용,여,43세,상해없음,자전거,남,13세,부상신고
2023052400100511,2023년 5월 24일 19시,수요일,강원도 춘천시 교동,중상사고,0,1,0,0,차대사람 - 차도통행중,안전운전불이행,건조,맑음,교차로 - 교차로안,승용,여,23세,상해없음,보행자,여,5세,중상
2023052400100582,2023년 5월 24일 22시,수요일,강원도 동해시 부곡동,경상사고,0,0,1,0,차대차 - 후진중충돌,안전운전불이행,건조,맑음,단일로 - 기타,승용,남,31세,상해없음,승용,남,39세,상해없음
2023052400100593,2023년 5월 24일 23시,수요일,강원도 강릉시 입암동,경상사고,0,0,1,0,차대차 - 측면충돌,신호위반,건조,맑음,교차로 - 교차로안,승용,남,67세,상해없음,승용,여,47세,경상
2023052500100013,2023년 5월 25일 01시,목요일,강원특별자치도 원주시 지정면,경상사고,0,0,2,0,차대차 - 측면충돌,안전거리미확보,건조,맑음,단일로 - 기타,승용,남,67세,상해없음,화물,기타불명,미분류,기타불명
2023052500100024,2023년 5월 25일 03시,목요일,강원도 원주시 단계동,경상사고,0,0,2,0,차대차 - 추돌,안전운전불이행,건조,맑음,교차로 - 교차로부근,승용,여,60세,기타불명,승용,남,65세,경상
2023052500100096,2023년 5월 25일 08시,목요일,강원도 강릉시 옥천동,중상사고,0,1,0,0,차대사람 - 횡단중,보행자보호의무위반,건조,맑음,단일로 - 기타,승용,여,44세,상해없음,보행자,여,87세,중상
2023052500100138,2023년 5월 25일 09시,목요일,강원도 평창군 용평면,중상사고,0,1,0,0,차대사람 - 기타,안전운전불이행,건조,맑음,주차장 - 주차장,화물,남,68세,상해없음,보행자,여,80세,중상
2023052500100207,2023년 5월 25일 11시,목요일,강원도 원주시 태장동,경상사고,0,0,1,0,차대차 - 측면충돌,안전운전불이행,건조,맑음,교차로 - 교차로안,승용,여,60세,상해없음,승용,여,75세,경상
2023052500100238,2023년 5월 25일 12시,목요일,강원도 강릉시 포남동,경상사고,0,0,1,0,차대차 - 기타,안전운전불이행,건조,맑음,단일로 - 기타,승용,여,58세,기타불명,승용,남,55세,경상
2023052500100239,2023년 5월 25일 12시,목요일,강원도 고성군 토성면,중상사고,0,1,0,0,차대차 - 측면충돌,안전운전불이행,건조,맑음,교차로 - 교차로안,화물,남,76세,상해없음,화물,남,55세,상해없음
2023052500100267,2023년 5월 25일 13시,목요일,강원도 삼척시 정상동,중상사고,0,2,0,0,차량단독 - 공작물충돌,안전운전불이행,건조,맑음,교차로 - 교차로안,승용,남,57세,중상,,,,
2023052500100339,2023년 5월 25일 15시,목요일,강원도 춘천시 소양로2가,경상사고,0,0,2,0,차대차 - 측면충돌,안전운전불이행,건조,맑음,교차로 - 교차로안,승용,남,75세,경상,승용,여,40세,경상
2023052500100340,2023년 5월 25일 15시,목요일,강원도 강릉시 주문진읍,중상사고,0,1,0,0,차대사람 - 횡단중,보행자보호의무위반,건조,맑음,단일로 - 기타,승용,여,56세,상해없음,보행자,여,7세,중상
2023052500100341,2023년 5월 25일 15시,목요일,강원도 평창군 대관령면,경상사고,0,0,1,0,차대차 - 추돌,안전운전불이행,건조,맑음,교차로 - 교차로안,승용,남,72세,상해없음,승용,남,32세,경상
2023052500100425,2023년 5월 25일 17시,목요일,강원도 강릉시 노암동,경상사고,0,0,1,0,차대사람 - 횡단중,안전운전불이행,건조,맑음,단일로 - 기타,승용,여,33세,상해없음,보행자,남,10세,경상
2023052500100426,2023년 5월 25일 17시,목요일,강원도 동해시 동회동,경상사고,0,0,1,0,차대차 - 기타,안전운전불이행,건조,맑음,단일로 - 기타,승용,여,37세,상해없음,자전거,남,62세,경상
2023052500100509,2023년 5월 25일 19시,목요일,강원도 원주시 단구동,경상사고,0,0,1,0,차대차 - 추돌,안전운전불이행,건조,맑음,교차로 - 교차로부근,승용,여,21세,상해없음,승용,여,51세,경상
2023052500100617,2023년 5월 25일 23시,목요일,강원도 원주시 우산동,경상사고,0,0,3,0,차대차 - 추돌,안전거리미확보,건조,맑음,교차로 - 교차로부근,승용,남,52세,상해없음,승용,여,59세,경상
2023052600100004,2023년 5월 26일 00시,금요일,강원도 춘천시 동내면,경상사고,0,0,1,1,차대차 - 기타,교차로운행방법위반,건조,맑음,교차로 - 교차로안,승용,여,25세,부상신고,승용,남,33세,경상
2023052600100019,2023년 5월 26일 01시,금요일,강원도 춘천시 석사동,경상사고,0,0,1,0,차대차 - 측면충돌,중앙선침범,건조,기타,단일로 - 기타,승용,남,38세,상해없음,승용,남,39세,경상
2023052600100109,2023년 5월 26일 08시,금요일,강원도 원주시 평원동,중상사고,0,1,0,0,차대차 - 측면충돌,직진우회전진행방해,건조,맑음,교차로 - 교차로안,승용,여,25세,상해없음,자전거,남,75세,중상
2023052600100110,2023년 5월 26일 08시,금요일,강원도 원주시 명륜동,경상사고,0,0,2,0,차대차 - 측면충돌,안전운전불이행,건조,맑음,교차로 - 교차로안,승용,남,24세,경상,승용,남,37세,경상
2023052600100111,2023년 5월 26일 08시,금요일,강원도 삼척시 교동,경상사고,0,0,2,0,차대차 - 측면충돌,안전거리미확보,건조,맑음,단일로 - 지하차도(도로)내,승용,남,27세,상해없음,승용,남,65세,경상
2023052600100145,2023년 5월 26일 09시,금요일,강원도 고성군 죽왕면,경상사고,0,0,1,0,차대차 - 측면충돌,안전거리미확보,건조,맑음,단일로 - 기타,승용,남,41세,상해없음,승용,남,49세,경상
2023052600100183,2023년 5월 26일 10시,금요일,강원도 영월군 영월읍,경상사고,0,0,3,0,차대차 - 측면충돌,직진우회전진행방해,건조,맑음,교차로 - 교차로안,화물,남,68세,경상,화물,남,87세,경상
2023052600100184,2023년 5월 26일 10시,금요일,강원도 태백시 황지동,경상사고,0,0,1,0,차대차 - 측면충돌,교차로운행방법위반,건조,맑음,교차로 - 교차로안,승용,남,48세,상해없음,승용,여,66세,상해없음
2023052600100226,2023년 5월 26일 11시,금요일,강원도 영월군 영월읍,중상사고,0,1,0,0,차대차 - 측면충돌,안전운전불이행,건조,맑음,교차로 - 교차로안,승용,남,73세,상해없음,승용,여,61세,중상
2023052600100227,2023년 5월 26일 11시,금요일,강원특별자치도 영월군 남면,경상사고,0,0,1,0,차대차 - 측면충돌,안전거리미확보,건조,맑음,단일로 - 기타,화물,남,67세,상해없음,승용,남,70세,경상
2023052600100261,2023년 5월 26일 12시,금요일,강원도 동해시 망상동,중상사고,0,2,1,0,차대차 - 측면충돌,안전거리미확보,건조,맑음,단일로 - 기타,승용,남,76세,상해없음,승용,남,39세,중상
2023052600100300,2023년 5월 26일 13시,금요일,강원도 양구군 국토정중앙면,경상사고,0,0,1,0,차대차 - 측면충돌,안전운전불이행,건조,맑음,교차로 - 교차로안,화물,남,64세,상해없음,승용,여,31세,경상
2023052600100337,2023년 5월 26일 14시,금요일,강원도 고성군 토성면,중상사고,0,1,2,0,차대차 - 추돌,안전거리미확보,건조,맑음,단일로 - 기타,화물,남,68세,상해없음,승용,남,67세,중상
2023052600100375,2023년 5월 26일 15시,금요일,강원도 원주시 명륜동,경상사고,0,0,1,1,차대차 - 측면충돌,안전운전불이행,건조,맑음,단일로 - 기타,승용,남,56세,상해없음,승용,남,39세,경상
2023052600100376,2023년 5월 26일 15시,금요일,강원도 정선군 정선읍,중상사고,0,1,0,0,차대사람 - 기타,안전운전불이행,건조,맑음,단일로 - 기타,승용,남,67세,상해없음,보행자,여,61세,중상
2023052600100416,2023년 5월 26일 16시,금요일,강원도 양구군 양구읍,중상사고,0,2,2,0,차대차 - 정면충돌,중앙선침범,건조,맑음,단일로 - 기타,화물,여,60세,경상,화물,남,67세,중상
2023052600100474,2023년 5월 26일 17시,금요일,강원도 강릉시 사천면,중상사고,0,1,0,0,차대차 - 추돌,안전운전불이행,건조,맑음,교차로 - 교차로부근,승용,남,51세,상해없음,승용,여,41세,중상
2023052600100475,2023년 5월 26일 17시,금요일,강원도 원주시 봉산동,경상사고,0,0,1,0,차대차 - 측면충돌,교차로운행방법위반,건조,맑음,교차로 - 교차로부근,승용,남,31세,상해없음,승용,남,65세,경상
2023052600100536,2023년 5월 26일 18시,금요일,강원도 철원군 동송읍,부상신고사고,0,0,0,1,차대사람 - 기타,안전운전불이행,건조,맑음,단일로 - 기타,이륜,남,48세,상해없음,보행자,남,83세,부상신고
2023052600100647,2023년 5월 26일 21시,금요일,강원도 춘천시 후평동,중상사고,0,1,1,0,차대차 - 기타,교차로운행방법위반,건조,맑음,교차로 - 교차로안,승용,남,62세,상해없음,이륜,남,16세,경상
2023052600100667,2023년 5월 26일 22시,금요일,강원도 원주시 태장동,경상사고,0,0,1,0,차대차 - 측면충돌,신호위반,건조,맑음,교차로 - 교차로안,승용,여,54세,상해없음,승용,남,27세,경상
2023052700100025,2023년 5월 27일 02시,토요일,강원도 춘천시 효자동,경상사고,0,0,2,0,차대사람 - 기타,안전운전불이행,건조,맑음,교차로 - 교차로부근,승용,남,36세,상해없음,보행자,남,23세,경상
2023052700100106,2023년 5월 27일 09시,토요일,강원도 강릉시 주문진읍,중상사고,0,1,0,0,차대차 - 기타,중앙선침범,건조,맑음,단일로 - 기타,승용,여,64세,상해없음,이륜,남,74세,중상
2023052700100132,2023년 5월 27일 10시,토요일,강원도 강릉시 사천면,경상사고,0,0,1,0,차대차 - 측면충돌,안전운전불이행,건조,맑음,단일로 - 기타,승용,남,49세,상해없음,자전거,남,48세,경상
2023052700100133,2023년 5월 27일 10시,토요일,강원도 양구군 양구읍,중상사고,0,1,0,0,차대차 - 측면충돌,안전운전불이행,건조,맑음,교차로 - 교차로안,승용,여,58세,상해없음,자전거,여,65세,중상
2023052700100165,2023년 5월 27일 11시,토요일,강원도 홍천군 서면,경상사고,0,0,1,0,차대차 - 측면충돌,교차로운행방법위반,건조,맑음,교차로 - 교차로안,승용,남,43세,상해없음,화물,남,19세,경상
2023052700100166,2023년 5월 27일 11시,토요일,강원도 고성군 죽왕면,중상사고,0,1,0,0,차대차 - 정면충돌,안전운전불이행,건조,맑음,교차로 - 교차로안,자전거,남,64세,중상,승용,남,26세,상해없음
2023052700100257,2023년 5월 27일 13시,토요일,강원도 홍천군 서면,경상사고,0,0,5,0,차대차 - 추돌,안전운전불이행,젖음/습기,비,단일로 - 기타,화물,남,57세,상해없음,승용,남,46세,경상
2023052700100287,2023년 5월 27일 14시,토요일,강원도 강릉시 안현동,경상사고,0,0,1,0,차대차 - 측면충돌,안전운전불이행,건조,맑음,교차로 - 교차로안,화물,남,64세,상해없음,화물,남,67세,경상
2023052700100361,2023년 5월 27일 16시,토요일,강원도 강릉시 성산면,경상사고,0,0,2,0,차대차 - 측면충돌,중앙선침범,젖음/습기,비,단일로 - 기타,승용,남,62세,상해없음,승용,남,65세,경상
2023052700100362,2023년 5월 27일 16시,토요일,강원도 강릉시 강동면,경상사고,0,0,4,0,차대차 - 측면충돌,중앙선침범,젖음/습기,비,단일로 - 기타,승용,남,41세,상해없음,승용,남,56세,경상
2023052700100397,2023년 5월 27일 17시,토요일,강원도 강릉시 홍제동,경상사고,0,0,1,0,차대차 - 기타,안전운전불이행,건조,맑음,교차로 - 교차로안,승용,남,26세,기타불명,승용,남,66세,상해없음
2023052700100398,2023년 5월 27일 17시,토요일,강원도 양양군 양양읍,경상사고,0,0,1,0,차대차 - 측면충돌,신호위반,젖음/습기,비,교차로 - 교차로안,승용,남,24세,기타불명,승용,남,71세,경상
2023052700100430,2023년 5월 27일 18시,토요일,강원도 원주시 지정면,경상사고,0,0,1,0,차대차 - 기타,신호위반,젖음/습기,비,교차로 - 교차로안,승용,남,29세,기타불명,승용,여,32세,경상
2023052700100431,2023년 5월 27일 18시,토요일,강원도 홍천군 홍천읍,경상사고,0,0,1,0,차대차 - 측면충돌,교차로운행방법위반,젖음/습기,비,교차로 - 교차로안,승용,남,64세,상해없음,이륜,남,21세,경상
2023052700100461,2023년 5월 27일 19시,토요일,강원도 춘천시 퇴계동,중상사고,0,1,3,0,차대차 - 측면충돌,안전운전불이행,젖음/습기,비,단일로 - 기타,승용,남,41세,상해없음,승용,남,69세,경상
2023052700100547,2023년 5월 27일 21시,토요일,강원도 원주시 단계동,경상사고,0,0,2,0,차대사람 - 횡단중,보행자보호의무위반,젖음/습기,비,기타 - 기타,승용,남,23세,상해없음,보행자,여,31세,경상
2023052700100575,2023년 5월 27일 22시,토요일,강원도 강릉시 사천면,중상사고,0,1,0,0,차대사람 - 기타,안전운전불이행,젖음/습기,비,단일로 - 기타,승용,남,58세,상해없음,보행자,남,51세,중상
2023052700100576,2023년 5월 27일 22시,토요일,강원도 원주시 단구동,중상사고,0,1,0,0,차대사람 - 횡단중,신호위반,젖음/습기,비,교차로 - 교차로횡단보도내,승용,여,65세,상해없음,보행자,남,41세,중상
2023052700100591,2023년 5월 27일 23시,토요일,강원도 동해시 나안동,경상사고,0,0,3,0,차대차 - 추돌,안전운전불이행,건조,맑음,단일로 - 기타,승용,남,37세,상해없음,승용,남,65세,경상
2023052800100011,2023년 5월 28일 00시,일요일,강원도 정선군 고한읍,중상사고,0,1,3,0,차대차 - 추돌,안전운전불이행,젖음/습기,비,단일로 - 기타,승용,남,32세,상해없음,승용,남,43세,중상
2023052800100056,2023년 5월 28일 05시,일요일,강원도 속초시 조양동,중상사고,0,2,0,0,차대차 - 측면충돌,중앙선침범,건조,맑음,단일로 - 기타,승용,남,80세,상해없음,승용,여,63세,중상
2023052800100077,2023년 5월 28일 08시,일요일,강원도 춘천시 효자동,부상신고사고,0,0,0,1,차대사람 - 기타,안전운전불이행,건조,맑음,단일로 - 기타,승용,남,60세,상해없음,보행자,남,55세,부상신고
2023052800100078,2023년 5월 28일 08시,일요일,강원도 춘천시 중앙로2가,부상신고사고,0,0,0,1,차량단독 - 기타,안전운전불이행,건조,맑음,단일로 - 기타,승합,남,58세,상해없음,,,,
2023052800100095,2023년 5월 28일 09시,일요일,강원도 원주시 단구동,중상사고,0,4,2,0,차대차 - 정면충돌,신호위반,젖음/습기,비,교차로 - 교차로안,승용,남,61세,중상,승용,남,53세,중상
2023052800100110,2023년 5월 28일 10시,일요일,강원도 강릉시 사천면,경상사고,0,0,3,0,차대차 - 추돌,안전운전불이행,건조,맑음,단일로 - 기타,승용,남,51세,상해없음,승용,남,46세,경상
2023052800100129,2023년 5월 28일 11시,일요일,강원도 정선군 고한읍,경상사고,0,0,4,0,차대차 - 후진중충돌,불법유턴,젖음/습기,비,단일로 - 기타,승용,남,60세,상해없음,승용,남,45세,경상
2023052800100130,2023년 5월 28일 11시,일요일,강원도 인제군 북면,경상사고,0,0,2,0,차대차 - 정면충돌,중앙선침범,젖음/습기,비,단일로 - 기타,화물,남,61세,상해없음,승용,남,64세,경상
2023052800100153,2023년 5월 28일 12시,일요일,강원도 횡성군 둔내면,부상신고사고,0,0,0,2,차대차 - 추돌,안전운전불이행,젖음/습기,비,단일로 - 기타,승용,남,32세,상해없음,승용,남,30세,부상신고
2023052800100244,2023년 5월 28일 15시,일요일,강원도 춘천시 석사동,경상사고,0,0,4,0,차대차 - 기타,안전운전불이행,젖음/습기,비,교차로 - 교차로부근,승용,남,44세,상해없음,승용,여,39세,경상
2023052800100320,2023년 5월 28일 18시,일요일,강원도 춘천시 남면,경상사고,0,0,2,0,차대차 - 추돌,안전운전불이행,젖음/습기,비,교차로 - 교차로부근,승용,남,58세,상해없음,승용,남,77세,경상
2023052800100340,2023년 5월 28일 19시,일요일,강원도 원주시 태장동,경상사고,0,0,1,0,차대사람 - 횡단중,신호위반,건조,흐림,교차로 - 교차로횡단보도내,승용,남,48세,상해없음,보행자,여,62세,경상
2023052800100341,2023년 5월 28일 19시,일요일,강원도 평창군 대화면,경상사고,0,0,4,0,차대차 - 정면충돌,직진우회전진행방해,젖음/습기,맑음,교차로 - 교차로안,승용,여,43세,경상,화물,남,56세,상해없음
2023052800100374,2023년 5월 28일 20시,일요일,강원도 춘천시 근화동,경상사고,0,0,1,0,차량단독 - 기타,안전운전불이행,젖음/습기,비,교차로 - 교차로안,승합,남,47세,상해없음,,,,
2023052800100375,2023년 5월 28일 20시,일요일,강원도 원주시 단계동,중상사고,0,1,2,0,차대차 - 기타,안전운전불이행,젖음/습기,비,교차로 - 교차로부근,승용,남,29세,경상,승용,남,58세,중상
2023052800100413,2023년 5월 28일 21시,일요일,강원도 속초시 조양동,중상사고,0,1,0,0,차대차 - 추돌,기타,젖음/습기,비,교차로 - 교차로부근,화물,남,19세,상해없음,이륜,남,17세,중상
2023052800100458,2023년 5월 28일 23시,일요일,강원도 춘천시 후평동,경상사고,0,0,1,0,차대사람 - 횡단중,안전운전불이행,젖음/습기,비,단일로 - 기타,이륜,남,35세,상해없음,보행자,남,57세,경상
2023052800100459,2023년 5월 28일 23시,일요일,강원도 원주시 단구동,경상사고,0,0,1,0,차대차 - 추돌,직진우회전진행방해,젖음/습기,비,교차로 - 교차로안,승용,남,31세,기타불명,이륜,남,43세,경상
2023052800100460,2023년 5월 28일 23시,일요일,강원도 속초시 조양동,중상사고,0,1,0,0,차대차 - 추돌,기타,젖음/습기,비,단일로 - 기타,승용,남,56세,상해없음,승용,남,37세,중상
2023052900100045,2023년 5월 29일 05시,월요일,강원도 강릉시 성남동,경상사고,0,0,1,0,차대차 - 측면충돌,신호위반,젖음/습기,비,교차로 - 교차로안,승용,여,66세,기타불명,승용,남,21세,경상
2023052900100089,2023년 5월 29일 09시,월요일,강원도 강릉시 임당동,경상사고,0,0,1,0,차대차 - 기타,안전운전불이행,젖음/습기,흐림,교차로 - 교차로횡단보도내,승용,남,57세,상해없음,자전거,남,83세,경상