사고번호,사고일시,요일,시군구,사고내용,사망자수,중상자수,경상자수,부상신고자수,사고유형,법규위반,노면상태,기상상태,도로형태,가해운전자 차종,가해운전자 성별,가해운전자 연령,가해운전자 상해정도,피해운전자 차종,피해운전자 성별,피해운전자 연령,피해운전자 상해정도
2023052900100125,2023년 5월 29일 11시,월요일,강원도 원주시 무실동,경상사고,0,0,3,0,차대차 - 기타,안전운전불이행,건조,맑음,교차로 - 교차로부근,이륜,남,38세,경상,승용,여,26세,경상
2023052900100147,2023년 5월 29일 12시,월요일,강원도 원주시 반곡동,경상사고,0,0,3,0,차대차 - 측면충돌,안전운전불이행,건조,맑음,교차로 - 교차로안,승용,남,68세,상해없음,승용,여,32세,경상
2023052900100201,2023년 5월 29일 14시,월요일,강원도 춘천시 퇴계동,부상신고사고,0,0,0,1,차대차 - 기타,안전운전불이행,건조,맑음,기타 - 기타,화물,남,61세,상해없음,자전거,남,14세,부상신고
2023052900100202,2023년 5월 29일 14시,월요일,강원특별자치도 영월군 영월읍,경상사고,0,0,1,0,차대차 - 측면충돌,안전거리미확보,젖음/습기,흐림,교차로 - 교차로부근,승용,여,47세,상해없음,승용,남,72세,경상
2023052900100247,2023년 5월 29일 15시,월요일,강원도 원주시 흥업면,경상사고,0,0,2,0,차대차 - 추돌,안전운전불이행,건조,맑음,교차로 - 교차로안,승용,여,36세,기타불명,승용,여,24세,경상
2023052900100248,2023년 5월 29일 15시,월요일,강원도 원주시 지정면,경상사고,0,0,1,0,차대차 - 기타,안전운전불이행,건조,맑음,교차로 - 교차로안,화물,남,53세,상해없음,화물,남,43세,경상
2023052900100249,2023년 5월 29일 15시,월요일,강원도 속초시 동명동,중상사고,0,2,0,0,차대차 - 측면충돌,신호위반,건조,맑음,교차로 - 교차로안,승용,여,53세,상해없음,승용,여,56세,중상
2023052900100312,2023년 5월 29일 17시,월요일,강원도 강릉시 주문진읍,경상사고,0,0,1,0,차대차 - 측면충돌,안전운전불이행,건조,맑음,교차로 - 교차로안,화물,남,60세,상해없음,승용,여,52세,경상
2023052900100356,2023년 5월 29일 18시,월요일,강원도 속초시 조양동,경상사고,0,0,4,0,차대차 - 측면충돌,신호위반,건조,맑음,교차로 - 교차로안,승용,여,22세,상해없음,승용,남,62세,경상
2023052900100434,2023년 5월 29일 21시,월요일,강원도 원주시 단계동,경상사고,0,0,1,0,차대차 - 측면충돌,안전운전불이행,건조,흐림,교차로 - 교차로안,승용,남,42세,상해없음,승용,남,46세,경상
2023053000100046,2023년 5월 30일 07시,화요일,강원도 춘천시 효자동,경상사고,0,0,1,0,차대차 - 기타,안전운전불이행,건조,맑음,교차로 - 교차로안,승용,남,43세,상해없음,자전거,남,52세,경상
2023053000100047,2023년 5월 30일 07시,화요일,강원특별자치도 강릉시 사천면,경상사고,0,0,1,0,차대차 - 추돌,안전운전불이행,건조,맑음,단일로 - 기타,승용,남,46세,상해없음,승용,남,69세,경상
2023053000100082,2023년 5월 30일 08시,화요일,강원도 속초시 동명동,경상사고,0,0,1,0,차대사람 - 차도통행중,안전운전불이행,건조,맑음,단일로 - 기타,승용,남,48세,상해없음,보행자,여,62세,경상
2023053000100136,2023년 5월 30일 09시,화요일,강원도 원주시 우산동,부상신고사고,0,0,0,1,차대사람 - 횡단중,안전운전불이행,건조,맑음,교차로 - 교차로안,승용,남,58세,상해없음,보행자,남,86세,부상신고
2023053000100137,2023년 5월 30일 09시,화요일,강원도 원주시 원동,중상사고,0,2,1,1,차대차 - 추돌,안전운전불이행,건조,맑음,단일로 - 기타,승용,여,52세,상해없음,승용,여,34세,경상
2023053000100201,2023년 5월 30일 11시,화요일,강원특별자치도 강릉시 안현동,경상사고,0,0,1,0,차대차 - 측면충돌,신호위반,건조,맑음,단일로 - 고가도로위,승용,여,58세,상해없음,승용,남,41세,경상
2023053000100202,2023년 5월 30일 11시,화요일,강원도 원주시 귀래면,경상사고,0,0,1,0,차대차 - 측면충돌,중앙선침범,건조,맑음,단일로 - 기타,승용,남,27세,상해없음,승용,여,64세,경상
2023053000100203,2023년 5월 30일 11시,화요일,강원도 양구군 양구읍,중상사고,0,1,0,0,차대사람 - 횡단중,안전운전불이행,건조,맑음,교차로 - 교차로안,승용,여,44세,상해없음,보행자,여,76세,중상
2023053000100242,2023년 5월 30일 12시,화요일,강원도 춘천시 효자동,중상사고,0,1,0,0,차대사람 - 횡단중,신호위반,건조,맑음,교차로 - 교차로횡단보도내,승용,남,58세,상해없음,보행자,남,19세,중상
2023053000100243,2023년 5월 30일 12시,화요일,강원도 강릉시 교동,경상사고,0,0,1,0,차대차 - 후진중충돌,안전운전불이행,건조,맑음,기타 - 기타,승용,남,36세,상해없음,승용,여,35세,상해없음
2023053000100244,2023년 5월 30일 12시,화요일,강원도 원주시 학성동,경상사고,0,0,1,0,차대차 - 후진중충돌,안전운전불이행,건조,맑음,기타 - 기타,승용,남,70세,상해없음,승용,남,65세,경상
2023053000100276,2023년 5월 30일 13시,화요일,강원도 강릉시 교동,경상사고,0,0,1,0,차대차 - 측면충돌,안전운전불이행,건조,맑음,교차로 - 교차로부근,승용,여,24세,상해없음,승용,여,30세,경상
2023053000100277,2023년 5월 30일 13시,화요일,강원도 원주시 반곡동,경상사고,0,0,1,0,차대차 - 측면충돌,안전운전불이행,건조,맑음,단일로 - 기타,승용,여,46세,상해없음,이륜,남,19세,경상
2023053000100278,2023년 5월 30일 13시,화요일,강원도 속초시 교동,중상사고,0,1,0,0,차대차 - 추돌,안전운전불이행,건조,맑음,교차로 - 교차로안,이륜,남,80세,상해없음,승용,여,69세,중상
2023053000100317,2023년 5월 30일 14시,화요일,강원도 춘천시 석사동,부상신고사고,0,0,0,1,차대차 - 측면충돌,안전운전불이행,건조,맑음,단일로 - 기타,승용,여,28세,상해없음,승용,여,53세,부상신고
2023053000100391,2023년 5월 30일 16시,화요일,강원도 원주시 문막읍,경상사고,0,0,2,0,차대차 - 추돌,안전거리미확보,건조,맑음,기타 - 기타,승용,여,55세,기타불명,승용,여,56세,경상
2023053000100432,2023년 5월 30일 17시,화요일,강원도 인제군 서화면,중상사고,0,1,1,0,차대차 - 추돌,안전거리미확보,건조,맑음,교차로 - 교차로안,승용,여,41세,상해없음,승용,여,41세,중상
2023053000100537,2023년 5월 30일 20시,화요일,강원도 속초시 조양동,경상사고,0,0,3,0,차대차 - 측면충돌,중앙선침범,건조,맑음,단일로 - 지하차도(도로)내,승용,여,45세,상해없음,승용,남,60세,경상
2023053000100538,2023년 5월 30일 20시,화요일,강원도 삼척시 당저동,부상신고사고,0,0,0,1,차대사람 - 횡단중,안전운전불이행,건조,맑음,단일로 - 지하차도(도로)내,개인형이동수단(PM),남,18세,상해없음,보행자,여,62세,부상신고
2023053000100553,2023년 5월 30일 21시,화요일,강원도 강릉시 주문진읍,경상사고,0,0,1,0,차대차 - 정면충돌,중앙선침범,건조,맑음,교차로 - 교차로부근,자전거,남,80세,경상,이륜,남,17세,기타불명
2023053000100554,2023년 5월 30일 21시,화요일,강원도 강릉시 교동,경상사고,0,0,2,0,차대차 - 측면충돌,안전운전불이행,건조,맑음,교차로 - 교차로안,승용,남,24세,상해없음,승용,여,49세,경상
2023053100100053,2023년 5월 31일 07시,수요일,강원도 삼척시 사직동,경상사고,0,0,2,0,차대차 - 추돌,안전운전불이행,건조,맑음,단일로 - 지하차도(도로)내,건설기계,남,57세,상해없음,승용,남,51세,경상
2023053100100054,2023년 5월 31일 07시,수요일,강원도 태백시 황지동,경상사고,0,0,2,0,차대차 - 측면충돌,교차로운행방법위반,건조,맑음,교차로 - 교차로안,승용,남,75세,경상,승용,남,60세,경상
2023053100100084,2023년 5월 31일 08시,수요일,강원도 춘천시 후평동,경상사고,0,0,1,0,차대사람 - 횡단중,보행자보호의무위반,건조,맑음,교차로 - 교차로횡단보도내,화물,남,58세,상해없음,보행자,남,6세,경상
2023053100100085,2023년 5월 31일 08시,수요일,강원도 원주시 반곡동,경상사고,0,0,2,0,차대차 - 측면충돌,교차로운행방법위반,건조,맑음,교차로 - 교차로부근,승용,여,28세,상해없음,승용,남,21세,경상
2023053100100086,2023년 5월 31일 08시,수요일,강원도 태백시 황지동,경상사고,0,0,2,0,차대차 - 기타,기타,건조,맑음,교차로 - 교차로안,승용,남,32세,상해없음,승용,여,70세,상해없음
2023053100100124,2023년 5월 31일 09시,수요일,강원도 춘천시 온의동,경상사고,0,0,1,0,차대사람 - 기타,안전운전불이행,건조,맑음,단일로 - 기타,승합,남,57세,상해없음,보행자,여,57세,상해없음
2023053100100155,2023년 5월 31일 10시,수요일,강원도 원주시 행구동,중상사고,0,1,0,0,차대차 - 측면충돌,안전거리미확보,건조,맑음,단일로 - 기타,승용,남,65세,상해없음,승용,남,24세,중상
2023053100100180,2023년 5월 31일 11시,수요일,강원도 춘천시 소양로3가,부상신고사고,0,0,0,1,차대차 - 측면충돌,안전거리미확보,건조,맑음,단일로 - 기타,승용,남,72세,상해없음,이륜,남,56세,부상신고
2023053100100181,2023년 5월 31일 11시,수요일,강원도 춘천시 후평동,경상사고,0,0,2,0,차대차 - 기타,안전운전불이행,건조,맑음,단일로 - 기타,승용,여,75세,상해없음,승용,여,32세,기타불명
2023053100100182,2023년 5월 31일 11시,수요일,강원도 원주시 평원동,중상사고,0,1,0,0,차대차 - 측면충돌,안전운전불이행,건조,맑음,단일로 - 기타,승용,남,70세,상해없음,자전거,남,69세,중상
2023053100100183,2023년 5월 31일 11시,수요일,강원도 원주시 원동,부상신고사고,0,0,0,1,차대차 - 기타,직진우회전진행방해,건조,맑음,교차로 - 교차로부근,승용,남,67세,상해없음,개인형이동수단(PM),남,67세,부상신고
2023053100100184,2023년 5월 31일 11시,수요일,강원도 고성군 거진읍,경상사고,0,0,1,0,차대차 - 기타,교차로운행방법위반,건조,맑음,교차로 - 교차로부근,승용,여,55세,상해없음,승용,남,42세,경상
2023053100100279,2023년 5월 31일 14시,수요일,강원도 원주시 학성동,경상사고,0,0,1,0,차대차 - 기타,차로위반,건조,맑음,단일로 - 기타,승용,여,50세,상해없음,승용,남,48세,상해없음
2023053100100323,2023년 5월 31일 15시,수요일,강원도 춘천시 근화동,중상사고,0,1,0,0,차대차 - 측면충돌,신호위반,건조,맑음,교차로 - 교차로안,화물,여,48세,상해없음,승용,여,75세,중상
2023053100100324,2023년 5월 31일 15시,수요일,강원도 태백시 장성동,중상사고,0,1,1,0,차대차 - 측면충돌,신호위반,건조,맑음,교차로 - 교차로안,승용,여,58세,경상,승용,여,52세,중상
2023053100100364,2023년 5월 31일 16시,수요일,강원도 춘천시 동면,경상사고,0,0,3,1,차대차 - 기타,안전운전불이행,건조,맑음,단일로 - 기타,승용,여,66세,부상신고,화물,남,42세,경상
2023053100100365,2023년 5월 31일 16시,수요일,강원도 원주시 단계동,경상사고,0,0,3,0,차대차 - 추돌,안전거리미확보,건조,맑음,기타 - 기타,승용,남,64세,경상,승용,남,62세,경상
2023053100100415,2023년 5월 31일 17시,수요일,강원도 강릉시 강동면,경상사고,0,0,4,0,차대차 - 기타,안전운전불이행,건조,맑음,단일로 - 기타,승용,남,37세,기타불명,승용,남,38세,경상
2023053100100416,2023년 5월 31일 17시,수요일,강원특별자치도 태백시 동점동,경상사고,0,0,1,0,차대차 - 기타,중앙선침범,건조,맑음,단일로 - 기타,승용,남,73세,상해없음,승용,여,44세,경상
2023053100100457,2023년 5월 31일 18시,수요일,강원도 강릉시 홍제동,경상사고,0,0,2,0,차대차 - 측면충돌,안전운전불이행,건조,맑음,교차로 - 교차로안,승용,여,67세,상해없음,승용,남,23세,경상
2023053100100552,2023년 5월 31일 21시,수요일,강원도 춘천시 온의동,경상사고,0,0,1,0,차대차 - 기타,교차로운행방법위반,건조,맑음,교차로 - 교차로안,승용,여,30세,상해없음,이륜,남,45세,경상
2023053100100553,2023년 5월 31일 21시,수요일,강원도 양양군 양양읍,경상사고,0,0,3,0,차대차 - 추돌,안전운전불이행,건조,흐림,교차로 - 교차로부근,승용,남,24세,상해없음,승용,여,54세,경상
2023053100100554,2023년 5월 31일 21시,수요일,강원도 속초시 교동,경상사고,0,0,1,0,차대차 - 기타,중앙선침범,건조,맑음,단일로 - 기타,승용,남,71세,상해없음,이륜,남,45세,경상
2023060100100013,2023년 6월 1일 01시,목요일,강원특별자치도 원주시 단계동,경상사고,0,0,1,0,차대사람 - 횡단중,신호위반,건조,맑음,교차로 - 교차로안,이륜,남,34세,상해없음,보행자,여,63세,경상
2023060100100021,2023년 6월 1일 02시,목요일,강원특별자치도 영월군 북면,중상사고,0,1,0,0,차량단독 - 공작물충돌,안전운전불이행,건조,맑음,단일로 - 터널,승용,남,55세,중상,,,,
2023060100100022,2023년 6월 1일 02시,목요일,강원도 태백시 동점동,경상사고,0,0,1,0,차대차 - 측면충돌,안전운전불이행,건조,맑음,단일로 - 기타,건설기계,남,53세,상해없음,화물,남,43세,기타불명
2023060100100216,2023년 6월 1일 13시,목요일,강원도 원주시 우산동,중상사고,0,1,0,0,차대차 - 측면충돌,안전운전불이행,건조,맑음,단일로 - 기타,승용,남,34세,상해없음,개인형이동수단(PM),남,23세,중상
2023060100100274,2023년 6월 1일 15시,목요일,강원도 강릉시 입암동,경상사고,0,0,2,0,차대차 - 정면충돌,안전운전불이행,건조,맑음,교차로 - 교차로안,승용,여,27세,기타불명,화물,남,71세,경상
2023060100100275,2023년 6월 1일 15시,목요일,강원도 영월군 영월읍,경상사고,0,0,1,1,차대차 - 측면충돌,직진우회전진행방해,건조,맑음,교차로 - 교차로안,승용,여,58세,경상,승용,남,60세,부상신고
2023060100100312,2023년 6월 1일 16시,목요일,강원도 원주시 소초면,경상사고,0,0,1,0,차대차 - 측면충돌,교차로운행방법위반,건조,맑음,교차로 - 교차로안,승용,남,76세,상해없음,승용,남,34세,경상
2023060100100313,2023년 6월 1일 16시,목요일,강원도 속초시 교동,중상사고,0,1,0,0,차대차 - 측면충돌,안전거리미확보,건조,맑음,교차로 - 교차로부근,화물,남,53세,상해없음,이륜,남,46세,중상
2023060100100314,2023년 6월 1일 16시,목요일,강원도 양양군 양양읍,경상사고,0,0,2,0,차대차 - 후진중충돌,안전운전불이행,건조,맑음,단일로 - 기타,승용,남,56세,기타불명,승용,남,70세,기타불명
2023060100100315,2023년 6월 1일 16시,목요일,강원도 평창군 봉평면,경상사고,0,0,1,0,차대사람 - 차도통행중,안전운전불이행,건조,맑음,단일로 - 지하차도(도로)내,화물,남,54세,상해없음,보행자,여,85세,경상
2023060100100316,2023년 6월 1일 16시,목요일,강원특별자치도 동해시 동회동,중상사고,0,1,0,0,차대사람 - 횡단중,보행자보호의무위반,건조,맑음,교차로 - 교차로안,승용,여,31세,상해없음,보행자,남,60세,중상
2023060100100352,2023년 6월 1일 17시,목요일,강원도 속초시 조양동,경상사고,0,0,1,0,차대차 - 측면충돌,직진우회전진행방해,건조,맑음,교차로 - 교차로부근,승용,남,77세,상해없음,승용,여,47세,경상
2023060100100353,2023년 6월 1일 17시,목요일,강원도 태백시 황지동,중상사고,0,1,0,0,차대사람 - 차도통행중,안전운전불이행,건조,맑음,교차로 - 교차로안,승용,남,53세,상해없음,보행자,여,59세,중상
2023060100100354,2023년 6월 1일 17시,목요일,강원특별자치도 태백시 황지동,경상사고,0,0,2,0,차대차 - 정면충돌,중앙선침범,건조,맑음,교차로 - 교차로부근,승용,여,69세,상해없음,승용,여,59세,경상
2023060100100396,2023년 6월 1일 18시,목요일,강원도 춘천시 후평동,경상사고,0,0,2,0,차대차 - 측면충돌,안전운전불이행,건조,맑음,단일로 - 기타,승용,남,61세,상해없음,승용,여,55세,경상
2023060100100397,2023년 6월 1일 18시,목요일,강원도 강릉시 지변동,경상사고,0,0,2,0,차대차 - 기타,안전운전불이행,건조,맑음,교차로 - 교차로안,승용,남,21세,상해없음,승용,남,41세,경상
2023060100100425,2023년 6월 1일 19시,목요일,강원특별자치도 강릉시 교동,경상사고,0,0,2,0,차대차 - 측면충돌,안전운전불이행,건조,맑음,교차로 - 교차로안,승용,여,65세,상해없음,승용,남,40세,경상
2023060100100444,2023년 6월 1일 20시,목요일,강원도 원주시 우산동,중상사고,0,1,0,0,차대사람 - 횡단중,보행자보호의무위반,건조,맑음,단일로 - 기타,승용,남,61세,상해없음,보행자,여,62세,중상
2023060100100472,2023년 6월 1일 21시,목요일,강원도 원주시 우산동,경상사고,0,0,2,0,차대차 - 추돌,안전운전불이행,건조,흐림,교차로 - 교차로부근,승용,여,57세,상해없음,승용,여,58세,경상
2023060100100473,2023년 6월 1일 21시,목요일,강원도 동해시 천곡동,경상사고,0,0,1,0,차대차 - 기타,안전운전불이행,건조,맑음,교차로 - 교차로안,승용,남,54세,상해없음,승용,남,30세,경상
2023060100100520,2023년 6월 1일 23시,목요일,강원도 춘천시 효자동,경상사고,0,0,1,0,차대차 - 기타,안전운전불이행,건조,맑음,교차로 - 교차로횡단보도내,승용,남,44세,상해없음,개인형이동수단(PM),여,18세,경상
2023060200100045,2023년 6월 2일 06시,금요일,강원도 동해시 평릉동,경상사고,0,0,2,0,차대차 - 측면충돌,안전운전불이행,건조,맑음,교차로 - 교차로안,승용,남,30세,상해없음,승용,남,32세,경상
2023060200100096,2023년 6월 2일 08시,금요일,강원도 원주시 단구동,경상사고,0,0,2,0,차대사람 - 횡단중,안전운전불이행,건조,맑음,교차로 - 교차로횡단보도내,승용,여,61세,기타불명,보행자,여,15세,경상
2023060200100097,2023년 6월 2일 08시,금요일,강원도 정선군 임계면,경상사고,0,0,1,0,차대차 - 기타,안전운전불이행,건조,맑음,단일로 - 기타,화물,남,67세,상해없음,화물,남,61세,경상
2023060200100165,2023년 6월 2일 10시,금요일,강원도 춘천시 효자동,경상사고,0,0,1,0,차대차 - 기타,기타,건조,맑음,교차로 - 교차로부근,승용,남,31세,경상,기타불명,기타불명,미분류,기타불명
2023060200100166,2023년 6월 2일 10시,금요일,강원도 강릉시 포남동,중상사고,0,1,2,0,차대차 - 정면충돌,안전운전불이행,건조,맑음,교차로 - 교차로안,승용,여,59세,상해없음,승용,남,41세,경상
2023060200100227,2023년 6월 2일 12시,금요일,강원도 춘천시 효자동,부상신고사고,0,0,0,1,차대차 - 기타,안전운전불이행,건조,맑음,단일로 - 기타,화물,남,36세,상해없음,자전거,남,63세,부상신고
2023060200100228,2023년 6월 2일 12시,금요일,강원도 속초시 교동,경상사고,0,0,1,0,차대차 - 기타,안전거리미확보,건조,맑음,교차로 - 교차로부근,승용,여,37세,상해없음,이륜,남,22세,경상
2023060200100229,2023년 6월 2일 12시,금요일,강원특별자치도 원주시 지정면,중상사고,0,1,0,0,차대차 - 추돌,안전운전불이행,건조,맑음,단일로 - 터널,화물,남,68세,상해없음,승용,여,49세,중상
2023060200100297,2023년 6월 2일 14시,금요일,강원도 정선군 사북읍,경상사고,0,0,1,0,차대차 - 측면충돌,안전운전불이행,건조,맑음,단일로 - 기타,농기계,남,80세,경상,승용,남,60세,상해없음
2023060200100340,2023년 6월 2일 15시,금요일,강원도 화천군 상서면,경상사고,0,0,1,0,차대차 - 측면충돌,중앙선침범,건조,맑음,단일로 - 기타,승용,남,84세,상해없음,승용,남,49세,경상
2023060200100383,2023년 6월 2일 16시,금요일,강원도 강릉시 주문진읍,경상사고,0,0,1,0,차대차 - 기타,안전운전불이행,건조,맑음,단일로 - 기타,특수,남,46세,상해없음,원동기,남,34세,경상
2023060200100384,2023년 6월 2일 16시,금요일,강원도 원주시 단계동,경상사고,0,0,1,0,차대차 - 측면충돌,안전운전불이행,건조,맑음,단일로 - 기타,승용,여,76세,상해없음,이륜,남,40세,경상
2023060200100445,2023년 6월 2일 17시,금요일,강원도 동해시 대구동,경상사고,0,0,1,0,차대차 - 측면충돌,안전운전불이행,건조,맑음,단일로 - 기타,승합,남,62세,상해없음,승용,남,59세,경상
2023060200100501,2023년 6월 2일 18시,금요일,강원도 삼척시 도계읍,경상사고,0,0,1,0,차대사람 - 차도통행중,안전운전불이행,건조,맑음,단일로 - 기타,승용,남,57세,상해없음,보행자,남,84세,경상
2023060200100581,2023년 6월 2일 20시,금요일,강원도 양구군 양구읍,중상사고,0,1,0,0,차대차 - 측면충돌,교차로운행방법위반,건조,맑음,교차로 - 교차로안,승용,여,43세,기타불명,승용,남,37세,중상
2023060200100634,2023년 6월 2일 22시,금요일,강원도 춘천시 퇴계동,경상사고,0,0,1,0,차대사람 - 기타,안전운전불이행,건조,맑음,단일로 - 기타,개인형이동수단(PM),남,50세,상해없음,보행자,여,43세,경상
2023060200100655,2023년 6월 2일 23시,금요일,강원도 강릉시 홍제동,경상사고,0,0,2,0,차대차 - 측면충돌,안전운전불이행,건조,맑음,단일로 - 기타,승용,여,35세,상해없음,승용,남,44세,경상
2023060300100055,2023년 6월 3일 06시,토요일,강원도 춘천시 온의동,경상사고,0,0,1,0,차대차 - 기타,안전운전불이행,건조,맑음,기타 - 기타,승용,남,66세,상해없음,자전거,남,65세,경상
2023060300100062,2023년 6월 3일 07시,토요일,강원도 춘천시 사북면,중상사고,0,1,0,0,차대차 - 측면충돌,기타,건조,맑음,교차로 - 교차로안,승용,남,50세,상해없음,농기계,남,70세,중상
2023060300100079,2023년 6월 3일 08시,토요일,강원도 춘천시 근화동,경상사고,0,0,1,0,차대차 - 기타,신호위반,건조,맑음,교차로 - 교차로안,승용,남,60세,상해없음,승용,남,39세,경상
2023060300100127,2023년 6월 3일 10시,토요일,강원도 춘천시 동내면,중상사고,0,1,0,1,차대사람 - 기타,안전운전불이행,건조,맑음,단일로 - 기타,자전거,남,48세,부상신고,보행자,남,70세,중상
2023060300100159,2023년 6월 3일 11시,토요일,강원도 홍천군 서면,중상사고,0,1,0,0,차량단독 - 공작물충돌,안전운전불이행,건조,맑음,단일로 - 지하차도(도로)내,이륜,남,69세,중상,,,,
2023060300100160,2023년 6월 3일 11시,토요일,강원도 고성군 죽왕면,중상사고,0,1,0,0,차대차 - 정면충돌,교차로운행방법위반,건조,맑음,교차로 - 교차로안,이륜,남,38세,상해없음,승용,여,74세,중상
2023060300100161,2023년 6월 3일 11시,토요일,강원도 동해시 망상동,중상사고,0,2,1,0,차대차 - 정면충돌,안전운전불이행,건조,맑음,단일로 - 기타,화물,남,48세,상해없음,승용,여,33세,경상
2023060300100251,2023년 6월 3일 13시,토요일,강원특별자치도 춘천시 온의동,경상사고,0,0,1,0,차대차 - 측면충돌,안전거리미확보,건조,맑음,교차로 - 교차로안,승용,남,39세,상해없음,승용,여,68세,경상
2023060300100252,2023년 6월 3일 13시,토요일,강원도 정선군 남면,경상사고,0,0,1,0,차대차 - 정면충돌,중앙선침범,건조,맑음,단일로 - 기타,승용,남,68세,상해없음,승용,남,58세,경상
2023060300100286,2023년 6월 3일 14시,토요일,강원도 태백시 황지동,경상사고,0,0,2,0,차대차 - 기타,직진우회전진행방해,건조,맑음,교차로 - 교차로안,승용,남,19세,상해없음,승용,남,32세,경상
2023060300100363,2023년 6월 3일 16시,토요일,강원도 강릉시 교동,경상사고,0,0,1,0,차대차 - 측면충돌,안전운전불이행,건조,맑음,교차로 - 교차로안,승용,여,60세,상해없음,승용,남,29세,경상
2023060300100364,2023년 6월 3일 16시,토요일,강원도 양양군 양양읍,경상사고,0,0,1,0,차대차 - 측면충돌,신호위반,건조,맑음,교차로 - 교차로안,승용,남,45세,상해없음,화물,남,58세,경상
2023060300100365,2023년 6월 3일 16시,토요일,강원도 속초시 조양동,경상사고,0,0,2,0,차대차 - 측면충돌,신호위반,건조,맑음,교차로 - 교차로안,승용,남,68세,상해없음,승용,남,66세,경상
2023060300100396,2023년 6월 3일 17시,토요일,강원특별자치도 속초시 조양동,경상사고,0,0,4,0,차대차 - 측면충돌,직진우회전진행방해,건조,맑음,교차로 - 교차로안,승용,여,45세,상해없음,승용,여,36세,경상
2023060300100437,2023년 6월 3일 18시,토요일,강원특별자치도 원주시 태장동,경상사고,0,0,4,0,차대차 - 측면충돌,안전운전불이행,건조,맑음,단일로 - 기타,승용,여,40세,상해없음,승용,남,46세,경상
2023060300100472,2023년 6월 3일 19시,토요일,강원도 영월군 영월읍,중상사고,0,1,0,0,차대사람 - 횡단중,안전운전불이행,건조,맑음,단일로 - 기타,승합,남,42세,상해없음,보행자,남,63세,중상
2023060300100494,2023년 6월 3일 20시,토요일,강원특별자치도 원주시 우산동,경상사고,0,0,1,0,차대사람 - 기타,기타,건조,맑음,단일로 - 기타,승용,남,60세,기타불명,보행자,남,23세,경상
2023060300100520,2023년 6월 3일 21시,토요일,강원도 양양군 강현면,중상사고,0,2,1,0,차대차 - 기타,신호위반,건조,맑음,교차로 - 교차로안,승용,남,65세,상해없음,승용,남,57세,중상
2023060400100005,2023년 6월 4일 00시,일요일,강원도 춘천시 효자동,중상사고,0,1,0,0,차대사람 - 기타,보행자보호의무위반,건조,맑음,단일로 - 기타,승용,남,23세,상해없음,보행자,남,55세,중상
2023060400100069,2023년 6월 4일 08시,일요일,강원도 평창군 방림면,중상사고,0,1,0,0,차량단독 - 도로외이탈 - 추락,안전운전불이행,건조,맑음,단일로 - 지하차도(도로)내,화물,여,51세,중상,,,,
2023060400100084,2023년 6월 4일 09시,일요일,강원특별자치도 횡성군 우천면,경상사고,0,0,2,0,차대차 - 추돌,안전운전불이행,건조,맑음,교차로 - 교차로부근,승용,여,54세,상해없음,승용,남,56세,경상
2023060400100112,2023년 6월 4일 10시,일요일,강원도 강릉시 견소동,경상사고,0,0,1,0,차대사람 - 차도통행중,안전운전불이행,건조,맑음,단일로 - 기타,승용,남,48세,상해없음,보행자,남,5세,경상
2023060400100113,2023년 6월 4일 10시,일요일,강원도 홍천군 남면,중상사고,0,1,0,0,차대차 - 후진중충돌,안전운전불이행,건조,맑음,단일로 - 기타,건설기계,남,57세,상해없음,화물,남,69세,중상
2023060400100114,2023년 6월 4일 10시,일요일,강원도 철원군 서면,경상사고,0,0,3,0,차대차 - 측면충돌,교차로운행방법위반,건조,맑음,교차로 - 교차로안,승용,남,70세,상해없음,승용,여,45세,경상
2023060400100136,2023년 6월 4일 11시,일요일,강원도 강릉시 주문진읍,경상사고,0,0,2,0,차대차 - 추돌,안전운전불이행,건조,맑음,단일로 - 교량,승용,남,55세,상해없음,승용,여,57세,경상
2023060400100137,2023년 6월 4일 11시,일요일,강원도 강릉시 교동,경상사고,0,0,2,0,차대차 - 측면충돌,안전운전불이행,건조,맑음,교차로 - 교차로부근,승용,남,51세,기타불명,승용,남,30세,경상
2023060400100160,2023년 6월 4일 12시,일요일,강원도 강릉시 홍제동,경상사고,0,0,1,0,차대차 - 측면충돌,안전운전불이행,건조,맑음,교차로 - 교차로안,승용,남,76세,기타불명,승용,여,30세,경상
2023060400100161,2023년 6월 4일 12시,일요일,강원도 원주시 흥업면,경상사고,0,0,3,0,차대차 - 측면충돌,안전거리미확보,건조,맑음,단일로 - 기타,승용,여,57세,기타불명,승용,남,33세,경상
2023060400100238,2023년 6월 4일 14시,일요일,강원도 속초시 교동,경상사고,0,0,1,0,차대차 - 기타,신호위반,건조,맑음,교차로 - 교차로부근,승용,여,47세,상해없음,이륜,남,27세,경상
2023060400100270,2023년 6월 4일 15시,일요일,강원도 춘천시 신북읍,경상사고,0,0,2,2,차대차 - 측면충돌,안전운전불이행,건조,맑음,교차로 - 교차로안,승합,남,61세,부상신고,승용,남,29세,경상
2023060400100271,2023년 6월 4일 15시,일요일,강원도 강릉시 주문진읍,경상사고,0,0,1,0,차대차 - 기타,안전운전불이행,건조,맑음,교차로 - 교차로안,승용,여,32세,기타불명,자전거,남,56세,경상