사고번호,사고일시,요일,시군구,사고내용,사망자수,중상자수,경상자수,부상신고자수,사고유형,법규위반,노면상태,기상상태,도로형태,가해운전자 차종,가해운전자 성별,가해운전자 연령,가해운전자 상해정도,피해운전자 차종,피해운전자 성별,피해운전자 연령,피해운전자 상해정도
2023060400100305,2023년 6월 4일 16시,일요일,강원도 태백시 혈동,중상사고,0,1,2,0,차대차 - 정면충돌,중앙선침범,건조,맑음,단일로 - 기타,이륜,남,66세,중상,승용,남,63세,경상
2023060400100344,2023년 6월 4일 17시,일요일,강원도 태백시 장성동,경상사고,0,0,4,0,차대차 - 측면충돌,차로위반,건조,맑음,단일로 - 기타,승용,남,44세,상해없음,승용,남,43세,경상
2023060400100345,2023년 6월 4일 17시,일요일,강원도 동해시 망상동,경상사고,0,0,4,0,차대차 - 측면충돌,직진우회전진행방해,건조,맑음,교차로 - 교차로안,승용,남,49세,상해없음,승용,남,40세,경상
2023060400100346,2023년 6월 4일 17시,일요일,강원도 횡성군 안흥면,경상사고,0,0,2,0,차대차 - 측면충돌,안전운전불이행,건조,맑음,주차장 - 주차장,특수,남,47세,상해없음,승용,남,30세,경상
2023060400100440,2023년 6월 4일 21시,일요일,강원도 속초시 동명동,중상사고,0,2,0,0,차대차 - 후진중충돌,안전운전불이행,건조,맑음,교차로 - 교차로부근,승용,여,44세,상해없음,승용,남,27세,중상
2023060500100038,2023년 6월 5일 06시,월요일,강원도 원주시 흥업면,사망사고,1,2,0,0,차대차 - 측면충돌,신호위반,건조,맑음,교차로 - 교차로안,승용,여,63세,중상,화물,여,37세,중상
2023060500100039,2023년 6월 5일 06시,월요일,강원도 태백시 황지동,경상사고,0,0,2,0,차대차 - 추돌,안전운전불이행,건조,맑음,교차로 - 교차로부근,화물,남,53세,상해없음,승용,여,63세,경상
2023060500100081,2023년 6월 5일 08시,월요일,강원특별자치도 원주시 소초면,경상사고,0,0,2,0,차대차 - 측면충돌,안전운전불이행,건조,맑음,단일로 - 기타,승용,여,28세,경상,승용,남,42세,경상
2023060500100082,2023년 6월 5일 08시,월요일,강원도 화천군 상서면,경상사고,0,0,1,0,차대차 - 추돌,안전운전불이행,건조,맑음,교차로 - 교차로부근,건설기계,남,54세,상해없음,승용,여,42세,경상
2023060500100083,2023년 6월 5일 08시,월요일,강원도 인제군 인제읍,경상사고,0,0,3,0,차대차 - 기타,중앙선침범,건조,맑음,기타 - 기타,승용,남,77세,상해없음,승용,여,40세,경상
2023060500100137,2023년 6월 5일 10시,월요일,강원도 강릉시 포남동,경상사고,0,0,2,0,차대차 - 측면충돌,안전운전불이행,건조,맑음,기타 - 기타,화물,남,35세,상해없음,승용,남,31세,경상
2023060500100138,2023년 6월 5일 10시,월요일,강원도 원주시 태장동,경상사고,0,0,2,0,차대차 - 측면충돌,중앙선침범,건조,맑음,기타 - 기타,승용,남,70세,상해없음,승용,여,53세,경상
2023060500100181,2023년 6월 5일 11시,월요일,강원특별자치도 강릉시 교동,경상사고,0,0,4,0,차대차 - 추돌,안전운전불이행,건조,맑음,단일로 - 기타,승용,여,58세,상해없음,승용,남,37세,경상
2023060500100246,2023년 6월 5일 13시,월요일,강원도 강릉시 연곡면,중상사고,0,1,3,0,차대차 - 기타,안전운전불이행,건조,맑음,교차로 - 교차로부근,승합,남,81세,상해없음,화물,남,68세,경상
2023060500100247,2023년 6월 5일 13시,월요일,강원도 정선군 사북읍,중상사고,0,1,0,0,차대차 - 측면충돌,중앙선침범,건조,맑음,기타 - 기타,승용,여,49세,상해없음,이륜,남,57세,중상
2023060500100248,2023년 6월 5일 13시,월요일,강원도 정선군 남면,중상사고,0,1,1,0,차대차 - 기타,안전거리미확보,건조,맑음,교차로 - 교차로부근,건설기계,남,37세,상해없음,승합,남,54세,경상
2023060500100249,2023년 6월 5일 13시,월요일,강원도 횡성군 횡성읍,경상사고,0,0,1,1,차대차 - 측면충돌,중앙선침범,건조,맑음,단일로 - 기타,화물,남,81세,상해없음,화물,남,41세,경상
2023060500100250,2023년 6월 5일 13시,월요일,강원특별자치도 고성군 죽왕면,경상사고,0,0,1,0,차대차 - 측면충돌,교차로운행방법위반,건조,맑음,교차로 - 교차로안,승용,남,25세,상해없음,승용,남,61세,경상
2023060500100326,2023년 6월 5일 15시,월요일,강원도 춘천시 후평동,중상사고,0,1,0,0,차대사람 - 기타,안전운전불이행,건조,맑음,교차로 - 교차로안,화물,남,47세,상해없음,보행자,여,84세,중상
2023060500100327,2023년 6월 5일 15시,월요일,강원도 원주시 학성동,경상사고,0,0,3,0,차대차 - 측면충돌,기타,건조,맑음,교차로 - 교차로안,승용,여,59세,상해없음,승용,남,36세,경상
2023060500100328,2023년 6월 5일 15시,월요일,강원도 삼척시 도계읍,중상사고,0,1,2,0,차대차 - 측면충돌,중앙선침범,건조,맑음,단일로 - 기타,승용,여,56세,경상,승용,남,54세,경상
2023060500100374,2023년 6월 5일 16시,월요일,강원도 강릉시 강문동,경상사고,0,0,2,0,차대차 - 측면충돌,안전운전불이행,건조,맑음,주차장 - 주차장,승용,여,39세,상해없음,승용,남,64세,경상
2023060500100375,2023년 6월 5일 16시,월요일,강원도 고성군 죽왕면,경상사고,0,0,3,0,차대차 - 측면충돌,교차로운행방법위반,건조,맑음,단일로 - 기타,승용,여,58세,상해없음,승용,여,31세,경상
2023060500100413,2023년 6월 5일 17시,월요일,강원도 춘천시 동면,중상사고,0,1,0,6,차대차 - 추돌,안전운전불이행,건조,맑음,단일로 - 기타,화물,남,27세,상해없음,승용,여,48세,부상신고
2023060500100414,2023년 6월 5일 17시,월요일,강원도 삼척시 가곡면,중상사고,0,1,1,0,차대차 - 기타,중앙선침범,건조,맑음,단일로 - 기타,승용,남,56세,상해없음,승용,남,56세,경상
2023060500100464,2023년 6월 5일 18시,월요일,강원도 양구군 양구읍,중상사고,0,1,0,0,차대사람 - 차도통행중,안전운전불이행,건조,맑음,기타 - 기타,승용,남,40세,상해없음,보행자,여,88세,중상
2023060500100510,2023년 6월 5일 19시,월요일,강원특별자치도 춘천시 북산면,중상사고,0,1,0,0,차대차 - 기타,중앙선침범,건조,맑음,단일로 - 기타,승용,남,34세,상해없음,승용,남,74세,상해없음
2023060500100511,2023년 6월 5일 19시,월요일,강원도 원주시 단구동,경상사고,0,0,1,0,차대차 - 후진중충돌,교차로운행방법위반,건조,맑음,교차로 - 교차로횡단보도내,승용,남,58세,상해없음,이륜,남,44세,경상
2023060500100533,2023년 6월 5일 20시,월요일,강원도 철원군 동송읍,중상사고,0,1,2,1,차대사람 - 보도통행중,기타,건조,맑음,단일로 - 기타,승용,여,51세,부상신고,보행자,남,27세,중상
2023060600100007,2023년 6월 6일 00시,화요일,강원도 원주시 문막읍,중상사고,0,1,0,0,차대차 - 추돌,교차로운행방법위반,건조,맑음,교차로 - 교차로안,승용,남,62세,상해없음,승용,남,56세,중상
2023060600100033,2023년 6월 6일 04시,화요일,강원도 강릉시 홍제동,중상사고,0,1,0,0,차량단독 - 공작물충돌,안전운전불이행,건조,맑음,단일로 - 기타,화물,남,69세,중상,,,,
2023060600100034,2023년 6월 6일 04시,화요일,강원도 영월군 남면,경상사고,0,0,1,0,차대차 - 추돌,안전운전불이행,건조,맑음,단일로 - 기타,승용,남,37세,상해없음,승용,남,44세,경상
2023060600100071,2023년 6월 6일 08시,화요일,강원도 강릉시 포남동,경상사고,0,0,1,0,차대차 - 측면충돌,안전운전불이행,건조,맑음,교차로 - 교차로안,승용,남,58세,상해없음,승용,여,29세,경상
2023060600100088,2023년 6월 6일 09시,화요일,강원도 양구군 양구읍,중상사고,0,1,0,0,차대사람 - 길가장자리구역통행중,안전운전불이행,건조,맑음,단일로 - 기타,승용,남,79세,상해없음,보행자,남,74세,중상
2023060600100148,2023년 6월 6일 11시,화요일,강원도 원주시 행구동,중상사고,0,1,0,0,차대차 - 측면충돌,안전운전불이행,건조,맑음,교차로 - 교차로안,승용,여,38세,상해없음,이륜,남,35세,중상
2023060600100149,2023년 6월 6일 11시,화요일,강원도 속초시 조양동,경상사고,0,0,1,0,차대차 - 후진중충돌,안전운전불이행,건조,맑음,교차로 - 교차로안,승용,남,66세,상해없음,승용,남,33세,경상
2023060600100176,2023년 6월 6일 12시,화요일,강원도 원주시 단구동,경상사고,0,0,1,0,차대사람 - 기타,안전운전불이행,건조,맑음,교차로 - 교차로부근,이륜,남,24세,상해없음,보행자,여,33세,경상
2023060600100212,2023년 6월 6일 13시,화요일,강원도 동해시 천곡동,경상사고,0,0,1,0,차대차 - 측면충돌,중앙선침범,건조,맑음,교차로 - 교차로안,승용,여,42세,상해없음,승용,남,44세,경상
2023060600100244,2023년 6월 6일 14시,화요일,강원도 강릉시 주문진읍,중상사고,0,1,0,0,차대차 - 기타,안전운전불이행,건조,맑음,단일로 - 기타,승용,남,76세,상해없음,이륜,남,55세,중상
2023060600100267,2023년 6월 6일 15시,화요일,강원도 고성군 간성읍,중상사고,0,1,0,0,차대차 - 측면충돌,중앙선침범,젖음/습기,비,단일로 - 기타,승용,여,50세,상해없음,화물,남,62세,중상
2023060600100268,2023년 6월 6일 15시,화요일,강원도 철원군 근남면,중상사고,0,1,0,0,차대차 - 측면충돌,안전운전불이행,건조,흐림,단일로 - 기타,이륜,여,35세,상해없음,이륜,남,34세,중상
2023060600100302,2023년 6월 6일 16시,화요일,강원도 화천군 하남면,경상사고,0,0,1,0,차대사람 - 길가장자리구역통행중,안전운전불이행,건조,맑음,단일로 - 기타,승용,남,66세,상해없음,보행자,남,62세,경상
2023060600100453,2023년 6월 6일 21시,화요일,강원도 춘천시 동내면,부상신고사고,0,0,0,2,차대차 - 기타,안전운전불이행,건조,맑음,교차로 - 교차로안,기타불명,기타불명,미분류,기타불명,승용,여,57세,부상신고
2023060600100475,2023년 6월 6일 22시,화요일,강원도 원주시 태장동,경상사고,0,0,2,0,차대차 - 추돌,안전운전불이행,건조,맑음,교차로 - 교차로부근,승용,남,51세,상해없음,화물,남,49세,경상
2023060700100006,2023년 6월 7일 00시,수요일,강원도 동해시 천곡동,경상사고,0,0,1,0,차대차 - 측면충돌,신호위반,건조,맑음,교차로 - 교차로안,승용,남,74세,상해없음,승용,남,20세,경상
2023060700100051,2023년 6월 7일 07시,수요일,강원도 동해시 이도동,중상사고,0,1,0,0,차대차 - 추돌,안전운전불이행,건조,맑음,교차로 - 교차로안,화물,남,83세,상해없음,승용,여,57세,중상
2023060700100080,2023년 6월 7일 08시,수요일,강원도 강릉시 교동,경상사고,0,0,1,0,차대사람 - 기타,신호위반,건조,맑음,교차로 - 교차로안,승용,남,56세,상해없음,보행자,남,51세,경상
2023060700100081,2023년 6월 7일 08시,수요일,강원도 원주시 단계동,경상사고,0,0,1,0,차대차 - 측면충돌,안전거리미확보,건조,맑음,기타 - 기타,승용,남,58세,상해없음,승용,여,37세,경상
2023060700100082,2023년 6월 7일 08시,수요일,강원도 원주시 관설동,경상사고,0,0,1,0,차대차 - 측면충돌,교차로운행방법위반,건조,맑음,교차로 - 교차로안,승용,여,45세,상해없음,승용,남,30세,경상
2023060700100130,2023년 6월 7일 09시,수요일,강원도 강릉시 주문진읍,경상사고,0,0,1,0,차대차 - 측면충돌,안전운전불이행,건조,맑음,기타 - 기타,승용,여,63세,상해없음,자전거,남,33세,경상
2023060700100131,2023년 6월 7일 09시,수요일,강원도 영월군 김삿갓면,중상사고,0,3,0,0,차량단독 - 전도전복 - 전도,안전운전불이행,건조,흐림,단일로 - 기타,화물,남,67세,상해없음,,,,
2023060700100170,2023년 6월 7일 10시,수요일,강원도 양양군 현북면,경상사고,0,0,1,0,차대차 - 추돌,안전운전불이행,건조,맑음,단일로 - 기타,승용,남,39세,상해없음,승용,남,36세,경상
2023060700100208,2023년 6월 7일 11시,수요일,강원도 춘천시 효자동,중상사고,0,1,0,0,차대차 - 측면충돌,신호위반,건조,맑음,교차로 - 교차로횡단보도내,화물,남,77세,상해없음,자전거,여,38세,중상
2023060700100209,2023년 6월 7일 11시,수요일,강원도 강릉시 교동,중상사고,0,1,0,0,차대사람 - 횡단중,안전운전불이행,건조,맑음,교차로 - 교차로부근,승용,남,37세,상해없음,보행자,여,73세,중상
2023060700100269,2023년 6월 7일 13시,수요일,강원도 정선군 정선읍,경상사고,0,0,3,0,차대차 - 측면충돌,안전운전불이행,건조,맑음,기타 - 기타,승용,남,41세,경상,승용,남,70세,경상
2023060700100302,2023년 6월 7일 14시,수요일,강원도 영월군 남면,중상사고,0,1,2,0,차대차 - 추돌,안전운전불이행,건조,맑음,단일로 - 기타,승합,남,58세,상해없음,승용,남,63세,중상
2023060700100381,2023년 6월 7일 16시,수요일,강원도 춘천시 신동면,경상사고,0,0,2,1,차대차 - 기타,차로위반,건조,맑음,단일로 - 기타,승용,여,66세,부상신고,건설기계,남,51세,상해없음
2023060700100382,2023년 6월 7일 16시,수요일,강원특별자치도 춘천시 퇴계동,경상사고,0,0,1,0,차량단독 - 기타,교차로운행방법위반,건조,맑음,교차로 - 교차로안,승합,남,46세,상해없음,,,,
2023060700100383,2023년 6월 7일 16시,수요일,강원도 강릉시 명주동,중상사고,0,1,0,0,차대사람 - 횡단중,보행자보호의무위반,건조,맑음,기타 - 기타,승용,여,39세,상해없음,보행자,여,63세,중상
2023060700100384,2023년 6월 7일 16시,수요일,강원도 원주시 관설동,중상사고,0,1,1,0,차대차 - 추돌,안전거리미확보,건조,맑음,교차로 - 교차로부근,승용,여,49세,상해없음,승용,여,66세,중상
2023060700100385,2023년 6월 7일 16시,수요일,강원도 삼척시 정상동,중상사고,0,1,0,0,차대차 - 기타,안전운전불이행,기타,맑음,단일로 - 기타,이륜,남,68세,중상,승용,여,58세,상해없음
2023060700100429,2023년 6월 7일 17시,수요일,강원도 강릉시 사천면,사망사고,1,0,0,0,차량단독 - 전도전복 - 전복,안전운전불이행,건조,맑음,기타 - 기타,농기계,남,78세,사망,,,,
2023060700100430,2023년 6월 7일 17시,수요일,강원도 화천군 사내면,경상사고,0,0,2,0,차대차 - 측면충돌,중앙선침범,건조,맑음,단일로 - 기타,이륜,남,45세,상해없음,승용,여,50세,경상
2023060700100468,2023년 6월 7일 18시,수요일,강원도 원주시 무실동,경상사고,0,0,1,0,차대차 - 측면충돌,교차로운행방법위반,건조,맑음,단일로 - 기타,승용,여,38세,상해없음,이륜,남,26세,경상
2023060700100469,2023년 6월 7일 18시,수요일,강원도 홍천군 북방면,경상사고,0,0,2,0,차대차 - 측면충돌,직진우회전진행방해,건조,맑음,교차로 - 교차로안,승용,남,73세,경상,승용,남,26세,경상
2023060700100562,2023년 6월 7일 21시,수요일,강원도 속초시 영랑동,경상사고,0,0,1,0,차대차 - 기타,안전운전불이행,건조,맑음,교차로 - 교차로안,승용,여,34세,상해없음,이륜,남,38세,경상
2023060700100563,2023년 6월 7일 21시,수요일,강원도 영월군 영월읍,중상사고,0,1,0,0,차대사람 - 차도통행중,보행자보호의무위반,건조,맑음,교차로 - 교차로안,승용,여,43세,상해없음,보행자,남,53세,중상
2023060700100610,2023년 6월 7일 23시,수요일,강원도 원주시 중앙동,경상사고,0,0,1,0,차대사람 - 기타,안전운전불이행,건조,맑음,단일로 - 기타,승용,남,57세,상해없음,보행자,남,62세,경상
2023060800100008,2023년 6월 8일 00시,목요일,강원도 동해시 천곡동,경상사고,0,0,3,0,차대차 - 기타,신호위반,건조,맑음,교차로 - 교차로안,승용,남,34세,경상,승용,여,22세,경상
2023060800100027,2023년 6월 8일 03시,목요일,강원도 횡성군 둔내면,중상사고,0,1,1,0,차대차 - 추돌,안전운전불이행,건조,맑음,단일로 - 기타,화물,남,33세,경상,화물,남,62세,중상
2023060800100071,2023년 6월 8일 07시,목요일,강원도 양양군 손양면,경상사고,0,0,2,0,차대차 - 추돌,안전운전불이행,건조,맑음,교차로 - 교차로부근,승용,남,61세,상해없음,화물,남,79세,경상
2023060800100099,2023년 6월 8일 08시,목요일,강원도 고성군 토성면,중상사고,0,1,0,0,차대사람 - 기타,안전운전불이행,건조,맑음,단일로 - 기타,승용,남,44세,상해없음,보행자,여,67세,중상
2023060800100100,2023년 6월 8일 08시,목요일,강원도 동해시 송정동,경상사고,0,0,1,0,차대차 - 측면충돌,불법유턴,건조,맑음,교차로 - 교차로안,승용,남,62세,상해없음,이륜,남,80세,경상
2023060800100133,2023년 6월 8일 09시,목요일,강원도 태백시 문곡동,경상사고,0,0,1,0,차대차 - 측면충돌,안전운전불이행,건조,맑음,단일로 - 기타,건설기계,남,46세,상해없음,승용,여,44세,경상
2023060800100175,2023년 6월 8일 10시,목요일,강원특별자치도 횡성군 둔내면,경상사고,0,0,2,1,차대차 - 측면충돌,차로위반,건조,맑음,단일로 - 기타,승용,남,43세,상해없음,승합,남,56세,부상신고
2023060800100201,2023년 6월 8일 11시,목요일,강원도 속초시 교동,경상사고,0,0,1,0,차대차 - 측면충돌,안전거리미확보,건조,맑음,교차로 - 교차로부근,화물,남,53세,상해없음,승용,남,45세,상해없음
2023060800100202,2023년 6월 8일 11시,목요일,강원도 속초시 중앙동,중상사고,0,1,0,0,차대사람 - 길가장자리구역통행중,안전운전불이행,건조,맑음,단일로 - 기타,승용,남,76세,기타불명,보행자,여,65세,중상
2023060800100221,2023년 6월 8일 12시,목요일,강원도 양양군 양양읍,경상사고,0,0,3,0,차대차 - 측면충돌,신호위반,건조,맑음,교차로 - 교차로안,승용,여,32세,상해없음,화물,남,71세,경상
2023060800100253,2023년 6월 8일 13시,목요일,강원도 강릉시 왕산면,중상사고,0,1,0,0,차량단독 - 공작물충돌,안전운전불이행,건조,맑음,단일로 - 기타,화물,여,65세,상해없음,,,,
2023060800100254,2023년 6월 8일 13시,목요일,강원도 동해시 용정동,경상사고,0,0,2,0,차대차 - 측면충돌,교차로운행방법위반,건조,맑음,교차로 - 교차로안,승합,남,58세,상해없음,화물,남,40세,경상
2023060800100280,2023년 6월 8일 14시,목요일,강원도 삼척시 남양동,경상사고,0,0,1,0,차대차 - 측면충돌,교차로운행방법위반,건조,맑음,교차로 - 교차로안,화물,남,58세,상해없음,승합,남,48세,경상
2023060800100312,2023년 6월 8일 15시,목요일,강원도 춘천시 삼천동,경상사고,0,0,1,0,차대차 - 기타,안전운전불이행,건조,흐림,교차로 - 교차로안,기타불명,기타불명,미분류,기타불명,자전거,남,61세,경상
2023060800100346,2023년 6월 8일 16시,목요일,강원도 춘천시 중앙로3가,경상사고,0,0,1,0,차대차 - 측면충돌,안전운전불이행,건조,맑음,단일로 - 기타,승용,남,83세,상해없음,승합,남,52세,상해없음
2023060800100381,2023년 6월 8일 17시,목요일,강원도 춘천시 신북읍,부상신고사고,0,0,0,1,차대차 - 측면충돌,차로위반,건조,맑음,단일로 - 기타,승용,남,24세,상해없음,승용,남,53세,부상신고
2023060800100382,2023년 6월 8일 17시,목요일,강원도 강릉시 유천동,경상사고,0,0,1,0,차대차 - 측면충돌,신호위반,건조,맑음,교차로 - 교차로안,승용,여,32세,상해없음,승합,남,62세,경상
2023060800100383,2023년 6월 8일 17시,목요일,강원특별자치도 원주시 단계동,경상사고,0,0,1,0,차대차 - 추돌,신호위반,건조,맑음,단일로 - 지하차도(도로)내,승용,남,22세,상해없음,승용,여,34세,경상
2023060800100384,2023년 6월 8일 17시,목요일,강원도 홍천군 서석면,사망사고,1,0,0,0,차대차 - 정면충돌,중앙선침범,건조,맑음,단일로 - 지하차도(도로)내,화물,남,76세,사망,건설기계,남,63세,상해없음
2023060800100453,2023년 6월 8일 19시,목요일,강원도 태백시 황지동,경상사고,0,0,1,0,차대사람 - 차도통행중,안전운전불이행,건조,맑음,교차로 - 교차로안,승용,여,55세,상해없음,보행자,남,60세,경상
2023060800100568,2023년 6월 8일 23시,목요일,강원도 삼척시 교동,경상사고,0,0,2,0,차대차 - 정면충돌,직진우회전진행방해,젖음/습기,흐림,교차로 - 교차로안,승용,남,30세,경상,승용,남,46세,경상
2023060900100088,2023년 6월 9일 08시,금요일,강원도 원주시 단계동,경상사고,0,0,1,0,차대차 - 측면충돌,안전운전불이행,건조,맑음,교차로 - 교차로안,승용,남,45세,상해없음,승용,여,45세,경상
2023060900100089,2023년 6월 9일 08시,금요일,강원도 동해시 효가동,경상사고,0,0,1,0,차대차 - 측면충돌,안전거리미확보,건조,맑음,단일로 - 기타,자전거,남,74세,경상,화물,남,65세,상해없음
2023060900100129,2023년 6월 9일 09시,금요일,강원도 원주시 우산동,경상사고,0,0,2,0,차대차 - 추돌,안전거리미확보,건조,맑음,단일로 - 기타,승용,여,28세,기타불명,승용,여,54세,경상
2023060900100130,2023년 6월 9일 09시,금요일,강원도 원주시 중앙동,경상사고,0,0,1,0,차대차 - 측면충돌,안전운전불이행,건조,맑음,단일로 - 기타,승용,여,67세,상해없음,승용,남,48세,경상
2023060900100131,2023년 6월 9일 09시,금요일,강원도 홍천군 홍천읍,중상사고,0,1,0,0,차대차 - 측면충돌,기타,건조,맑음,교차로 - 교차로안,승용,남,49세,상해없음,자전거,남,36세,중상
2023060900100244,2023년 6월 9일 12시,금요일,강원특별자치도 춘천시 온의동,중상사고,0,2,1,0,차대차 - 측면충돌,안전운전불이행,건조,맑음,단일로 - 기타,승용,남,77세,상해없음,승용,남,62세,중상
2023060900100245,2023년 6월 9일 12시,금요일,강원도 강릉시 주문진읍,경상사고,0,0,1,0,차대사람 - 횡단중,중앙선침범,건조,맑음,단일로 - 기타,승용,남,49세,상해없음,보행자,남,50세,경상
2023060900100246,2023년 6월 9일 12시,금요일,강원특별자치도 삼척시 미로면,경상사고,0,0,2,0,차대차 - 측면충돌,직진우회전진행방해,건조,맑음,교차로 - 교차로안,건설기계,남,53세,상해없음,승용,남,60세,경상
2023060900100270,2023년 6월 9일 13시,금요일,강원도 동해시 부곡동,중상사고,0,1,0,0,차대사람 - 차도통행중,안전운전불이행,건조,맑음,단일로 - 기타,화물,남,74세,상해없음,보행자,여,73세,중상
2023060900100497,2023년 6월 9일 18시,금요일,강원도 춘천시 후평동,경상사고,0,0,1,0,차대차 - 기타,안전운전불이행,건조,맑음,단일로 - 기타,승용,여,64세,상해없음,이륜,남,34세,경상
2023060900100498,2023년 6월 9일 18시,금요일,강원도 원주시 단구동,경상사고,0,0,1,0,차대차 - 측면충돌,교차로운행방법위반,건조,맑음,교차로 - 교차로안,승용,남,72세,상해없음,승용,여,57세,경상
2023060900100572,2023년 6월 9일 20시,금요일,강원도 춘천시 후평동,부상신고사고,0,0,0,1,차대차 - 기타,안전거리미확보,건조,맑음,교차로 - 교차로부근,승용,남,49세,상해없음,승용,남,57세,부상신고
2023060900100573,2023년 6월 9일 20시,금요일,강원도 원주시 단계동,중상사고,0,1,0,0,차대차 - 추돌,신호위반,건조,맑음,교차로 - 교차로안,화물,남,23세,상해없음,승합,남,71세,중상
2023060900100574,2023년 6월 9일 20시,금요일,강원도 양양군 양양읍,경상사고,0,0,1,0,차대사람 - 기타,안전운전불이행,건조,맑음,교차로 - 교차로안,승용,남,47세,상해없음,보행자,남,71세,경상
2023060900100575,2023년 6월 9일 20시,금요일,강원특별자치도 인제군 인제읍,경상사고,0,0,1,0,차대차 - 측면충돌,안전운전불이행,건조,맑음,단일로 - 기타,승용,여,43세,상해없음,승용,남,21세,경상
2023060900100600,2023년 6월 9일 21시,금요일,강원도 속초시 조양동,중상사고,0,1,0,0,차대차 - 측면충돌,신호위반,건조,맑음,교차로 - 교차로안,승용,남,55세,상해없음,이륜,남,19세,중상
2023061000100026,2023년 6월 10일 01시,토요일,강원도 원주시 지정면,중상사고,0,1,2,0,차대차 - 측면충돌,신호위반,건조,흐림,교차로 - 교차로안,승용,남,26세,상해없음,승용,남,62세,중상
2023061000100080,2023년 6월 10일 08시,토요일,강원도 고성군 토성면,중상사고,0,1,0,0,차대차 - 측면충돌,신호위반,건조,맑음,교차로 - 교차로안,승용,남,49세,상해없음,승용,남,77세,중상
2023061000100099,2023년 6월 10일 09시,토요일,강원도 춘천시 온의동,중상사고,0,1,0,0,차대차 - 기타,안전운전불이행,건조,맑음,교차로 - 교차로횡단보도내,승용,여,54세,상해없음,자전거,여,25세,중상
2023061000100157,2023년 6월 10일 11시,토요일,강원특별자치도 원주시 소초면,경상사고,0,0,1,0,차대차 - 추돌,안전운전불이행,건조,맑음,기타 - 기타,화물,여,63세,상해없음,승용,여,58세,경상
2023061000100158,2023년 6월 10일 11시,토요일,강원도 원주시 단구동,중상사고,0,1,0,0,차대사람 - 차도통행중,안전운전불이행,건조,맑음,단일로 - 기타,이륜,남,29세,상해없음,보행자,여,68세,중상
2023061000100159,2023년 6월 10일 11시,토요일,강원도 평창군 평창읍,경상사고,0,0,1,0,차대사람 - 차도통행중,안전운전불이행,건조,맑음,교차로 - 교차로안,승용,남,59세,상해없음,보행자,여,8세,경상
2023061000100160,2023년 6월 10일 11시,토요일,강원특별자치도 화천군 사내면,경상사고,0,0,2,0,차대차 - 측면충돌,중앙선침범,건조,맑음,단일로 - 기타,승용,남,26세,상해없음,승용,여,63세,경상
2023061000100195,2023년 6월 10일 12시,토요일,강원특별자치도 동해시 평릉동,부상신고사고,0,0,0,1,차대차 - 기타,안전운전불이행,건조,맑음,단일로 - 기타,기타불명,기타불명,미분류,기타불명,자전거,남,48세,부상신고
2023061000100233,2023년 6월 10일 13시,토요일,강원도 강릉시 교동,경상사고,0,0,2,0,차대차 - 기타,신호위반,건조,맑음,교차로 - 교차로안,승용,남,30세,상해없음,승용,남,38세,경상
2023061000100270,2023년 6월 10일 14시,토요일,강원도 양양군 양양읍,중상사고,0,1,0,0,차대사람 - 횡단중,보행자보호의무위반,건조,맑음,교차로 - 교차로횡단보도내,승용,여,69세,상해없음,보행자,여,75세,중상
2023061000100271,2023년 6월 10일 14시,토요일,강원도 동해시 효가동,경상사고,0,0,1,0,차대차 - 측면충돌,안전거리미확보,건조,맑음,단일로 - 기타,승용,남,31세,상해없음,승용,여,32세,경상
2023061000100310,2023년 6월 10일 15시,토요일,강원특별자치도 속초시 동명동,중상사고,0,1,0,0,차대차 - 측면충돌,안전운전불이행,건조,맑음,단일로 - 기타,승용,남,52세,상해없음,승용,여,64세,중상
2023061000100376,2023년 6월 10일 17시,토요일,강원도 영월군 영월읍,부상신고사고,0,0,0,1,차대사람 - 차도통행중,안전운전불이행,건조,맑음,단일로 - 기타,승용,남,63세,상해없음,보행자,남,16세,부상신고
2023061000100407,2023년 6월 10일 18시,토요일,강원도 춘천시 퇴계동,경상사고,0,0,1,0,차대차 - 측면충돌,신호위반,건조,맑음,교차로 - 교차로안,승용,남,24세,상해없음,이륜,남,46세,경상
2023061000100408,2023년 6월 10일 18시,토요일,강원도 강릉시 연곡면,중상사고,0,1,1,0,차대차 - 측면충돌,중앙선침범,건조,맑음,단일로 - 기타,승용,여,53세,상해없음,승용,남,33세,중상
2023061000100437,2023년 6월 10일 19시,토요일,강원특별자치도 동해시 용정동,경상사고,0,0,6,0,차대차 - 기타,안전운전불이행,젖음/습기,비,교차로 - 교차로안,승용,여,45세,경상,승용,남,36세,경상
2023061000100464,2023년 6월 10일 20시,토요일,강원도 강릉시 내곡동,중상사고,0,1,0,0,차대차 - 기타,안전운전불이행,건조,맑음,기타 - 기타,승용,남,49세,상해없음,이륜,남,24세,중상
2023061000100486,2023년 6월 10일 21시,토요일,강원도 춘천시 남산면,경상사고,0,0,2,0,차대차 - 측면충돌,중앙선침범,건조,맑음,단일로 - 기타,승용,여,55세,상해없음,승용,남,53세,경상