사고번호,사고일시,요일,시군구,사고내용,사망자수,중상자수,경상자수,부상신고자수,사고유형,법규위반,노면상태,기상상태,도로형태,가해운전자 차종,가해운전자 성별,가해운전자 연령,가해운전자 상해정도,피해운전자 차종,피해운전자 성별,피해운전자 연령,피해운전자 상해정도
2023061700100300,2023년 6월 17일 13시,토요일,강원특별자치도 춘천시 신북읍,경상사고,0,0,2,0,차대차 - 후진중충돌,안전운전불이행,건조,맑음,주차장 - 주차장,화물,남,70세,상해없음,승용,여,37세,경상
2023061700100301,2023년 6월 17일 13시,토요일,강원특별자치도 춘천시 퇴계동,중상사고,0,1,0,0,차대차 - 측면충돌,안전운전불이행,건조,맑음,단일로 - 기타,이륜,남,17세,중상,승합,남,55세,상해없음
2023061700100349,2023년 6월 17일 14시,토요일,강원특별자치도 강릉시 주문진읍,중상사고,0,1,0,0,차대사람 - 횡단중,안전운전불이행,건조,맑음,교차로 - 교차로부근,승용,남,65세,상해없음,보행자,여,83세,중상
2023061700100350,2023년 6월 17일 14시,토요일,강원도 강릉시 교동,경상사고,0,0,2,0,차대차 - 추돌,안전운전불이행,건조,맑음,교차로 - 교차로부근,승용,여,63세,상해없음,승용,여,66세,경상
2023061700100426,2023년 6월 17일 16시,토요일,강원특별자치도 춘천시 서면,경상사고,0,0,2,0,차대차 - 기타,중앙선침범,건조,맑음,단일로 - 기타,승용,남,64세,상해없음,승용,여,43세,경상
2023061700100468,2023년 6월 17일 17시,토요일,강원특별자치도 춘천시 후평동,경상사고,0,0,1,1,차대차 - 기타,교차로운행방법위반,건조,맑음,교차로 - 교차로부근,이륜,남,22세,부상신고,승용,여,30세,경상
2023061700100469,2023년 6월 17일 17시,토요일,강원특별자치도 원주시 개운동,경상사고,0,0,2,1,차대차 - 측면충돌,직진우회전진행방해,건조,맑음,교차로 - 교차로안,이륜,남,55세,부상신고,승용,여,70세,경상
2023061700100470,2023년 6월 17일 17시,토요일,강원특별자치도 홍천군 홍천읍,경상사고,0,0,4,0,차대차 - 추돌,안전거리미확보,건조,맑음,단일로 - 기타,승용,여,55세,상해없음,승용,남,35세,경상
2023061700100498,2023년 6월 17일 18시,토요일,강원특별자치도 춘천시 동면,경상사고,0,0,2,1,차대차 - 기타,신호위반,건조,맑음,교차로 - 교차로안,승용,여,44세,부상신고,승용,남,18세,경상
2023061700100532,2023년 6월 17일 19시,토요일,강원도 강릉시 입암동,중상사고,0,1,0,0,차대차 - 기타,안전운전불이행,건조,맑음,단일로 - 기타,승용,남,47세,상해없음,자전거,남,67세,중상
2023061700100533,2023년 6월 17일 19시,토요일,강원도 태백시 황지동,경상사고,0,0,4,0,차대차 - 측면충돌,교차로운행방법위반,건조,맑음,교차로 - 교차로안,승용,남,58세,경상,승용,남,70세,상해없음
2023061700100577,2023년 6월 17일 21시,토요일,강원도 원주시 중앙동,중상사고,0,2,0,0,차대사람 - 차도통행중,기타,건조,흐림,기타 - 기타,승용,여,55세,상해없음,보행자,여,60세,중상
2023061800100008,2023년 6월 18일 00시,일요일,강원특별자치도 양구군 국토정중앙면,중상사고,0,1,0,0,차량단독 - 전도전복 - 전도,안전운전불이행,건조,맑음,단일로 - 기타,이륜,남,53세,중상,,,,
2023061800100046,2023년 6월 18일 04시,일요일,강원특별자치도 홍천군 남면,경상사고,0,0,1,0,차량단독 - 전도전복 - 전도,안전운전불이행,건조,맑음,단일로 - 고가도로위,승용,남,21세,상해없음,,,,
2023061800100053,2023년 6월 18일 05시,일요일,강원도 강릉시 사천면,경상사고,0,0,2,0,차대차 - 추돌,안전운전불이행,건조,맑음,교차로 - 교차로부근,승용,남,48세,상해없음,승용,남,56세,경상
2023061800100127,2023년 6월 18일 11시,일요일,강원특별자치도 강릉시 포남동,경상사고,0,0,1,0,차대차 - 추돌,안전운전불이행,건조,맑음,교차로 - 교차로안,승용,남,38세,상해없음,승용,여,55세,경상
2023061800100186,2023년 6월 18일 13시,일요일,강원도 인제군 기린면,중상사고,0,1,0,0,차대차 - 측면충돌,안전운전불이행,건조,맑음,단일로 - 기타,승용,여,30세,상해없음,이륜,남,78세,중상
2023061800100219,2023년 6월 18일 14시,일요일,강원도 원주시 태장동,중상사고,0,1,0,0,차대차 - 측면충돌,기타,건조,맑음,단일로 - 기타,승용,남,33세,상해없음,자전거,남,82세,중상
2023061800100392,2023년 6월 18일 20시,일요일,강원도 양양군 현북면,중상사고,0,1,0,0,차대사람 - 기타,안전운전불이행,건조,맑음,단일로 - 기타,승용,남,23세,상해없음,보행자,남,73세,중상
2023061800100393,2023년 6월 18일 20시,일요일,강원도 정선군 남면,경상사고,0,0,1,0,차대차 - 기타,안전운전불이행,건조,맑음,교차로 - 교차로안,승용,여,43세,경상,승용,남,65세,상해없음
2023061800100417,2023년 6월 18일 21시,일요일,강원특별자치도 춘천시 소양로1가,경상사고,0,0,1,0,차대차 - 추돌,안전운전불이행,건조,맑음,교차로 - 교차로부근,승용,남,43세,상해없음,승용,남,52세,경상
2023061900100042,2023년 6월 19일 06시,월요일,강원도 춘천시 남산면,사망사고,1,0,0,0,차대차 - 정면충돌,중앙선침범,건조,맑음,교차로 - 교차로안,승용,여,51세,상해없음,자전거,남,74세,사망
2023061900100067,2023년 6월 19일 07시,월요일,강원특별자치도 춘천시 요선동,경상사고,0,0,1,0,차대차 - 측면충돌,안전거리미확보,건조,맑음,교차로 - 교차로부근,승용,남,73세,상해없음,승용,남,70세,경상
2023061900100106,2023년 6월 19일 08시,월요일,강원도 원주시 태장동,중상사고,0,1,0,0,차대차 - 기타,안전운전불이행,건조,맑음,단일로 - 기타,승용,남,30세,상해없음,이륜,남,17세,중상
2023061900100107,2023년 6월 19일 08시,월요일,강원도 원주시 문막읍,경상사고,0,0,1,0,차대차 - 측면충돌,안전운전불이행,건조,맑음,단일로 - 기타,이륜,남,85세,경상,화물,남,34세,상해없음
2023061900100156,2023년 6월 19일 09시,월요일,강원특별자치도 춘천시 송암동,사망사고,1,0,0,0,차량단독 - 전도전복 - 전복,안전운전불이행,건조,맑음,단일로 - 기타,승용,남,79세,사망,,,,
2023061900100195,2023년 6월 19일 10시,월요일,강원도 정선군 고한읍,경상사고,0,0,1,0,차대차 - 기타,안전거리미확보,건조,맑음,단일로 - 기타,승용,남,66세,상해없음,승용,남,51세,경상
2023061900100196,2023년 6월 19일 10시,월요일,강원특별자치도 양구군 양구읍,중상사고,0,2,6,0,차대차 - 추돌,안전거리미확보,건조,맑음,단일로 - 터널,화물,남,46세,경상,승용,남,64세,경상
2023061900100229,2023년 6월 19일 11시,월요일,강원특별자치도 춘천시 후평동,부상신고사고,0,0,0,2,차대차 - 측면충돌,안전운전불이행,건조,맑음,교차로 - 교차로안,승용,여,64세,상해없음,승용,여,41세,부상신고
2023061900100230,2023년 6월 19일 11시,월요일,강원도 동해시 천곡동,경상사고,0,0,1,0,차대사람 - 기타,보행자보호의무위반,건조,맑음,단일로 - 기타,승용,남,79세,상해없음,보행자,여,67세,경상
2023061900100271,2023년 6월 19일 12시,월요일,강원특별자치도 춘천시 효자동,중상사고,0,1,0,0,차대차 - 측면충돌,교차로운행방법위반,건조,맑음,교차로 - 교차로안,승용,남,37세,상해없음,이륜,남,41세,중상
2023061900100272,2023년 6월 19일 12시,월요일,강원도 속초시 조양동,중상사고,0,1,0,0,차대사람 - 차도통행중,안전운전불이행,건조,맑음,기타 - 기타,승용,남,43세,기타불명,보행자,남,80세,중상
2023061900100273,2023년 6월 19일 12시,월요일,강원도 횡성군 횡성읍,중상사고,0,2,0,0,차대차 - 측면충돌,안전운전불이행,건조,맑음,단일로 - 기타,승합,남,34세,상해없음,이륜,남,71세,중상
2023061900100309,2023년 6월 19일 13시,월요일,강원특별자치도 강릉시 옥천동,경상사고,0,0,2,0,차대차 - 추돌,안전운전불이행,건조,맑음,기타 - 기타,승용,남,76세,상해없음,승용,여,46세,경상
2023061900100348,2023년 6월 19일 14시,월요일,강원특별자치도 춘천시 소양로1가,부상신고사고,0,0,0,1,차대차 - 기타,교차로운행방법위반,건조,맑음,교차로 - 교차로안,승용,여,51세,상해없음,승용,여,38세,부상신고
2023061900100392,2023년 6월 19일 15시,월요일,강원도 양양군 현북면,경상사고,0,0,1,0,차대차 - 정면충돌,교차로운행방법위반,건조,맑음,교차로 - 교차로안,승용,남,72세,상해없음,승용,남,32세,경상
2023061900100393,2023년 6월 19일 15시,월요일,강원특별자치도 삼척시 도계읍,경상사고,0,0,2,0,차대차 - 후진중충돌,안전운전불이행,건조,맑음,교차로 - 교차로부근,승용,여,62세,상해없음,승용,남,57세,경상
2023061900100534,2023년 6월 19일 18시,월요일,강원도 원주시 우산동,경상사고,0,0,1,0,차대차 - 추돌,안전거리미확보,건조,맑음,단일로 - 기타,승용,남,49세,상해없음,승용,남,27세,경상
2023061900100535,2023년 6월 19일 18시,월요일,강원도 원주시 무실동,경상사고,0,0,2,0,차대차 - 추돌,안전운전불이행,건조,맑음,단일로 - 기타,승용,남,59세,상해없음,승용,여,53세,경상
2023061900100573,2023년 6월 19일 19시,월요일,강원도 삼척시 교동,중상사고,0,1,0,0,차대차 - 측면충돌,안전거리미확보,건조,맑음,단일로 - 지하차도(도로)내,건설기계,남,62세,상해없음,승용,남,22세,중상
2023061900100607,2023년 6월 19일 20시,월요일,강원특별자치도 동해시 천곡동,경상사고,0,0,1,0,차대사람 - 차도통행중,안전운전불이행,젖음/습기,흐림,단일로 - 기타,승용,여,59세,상해없음,보행자,여,51세,경상
2023062000100079,2023년 6월 20일 08시,화요일,강원도 양양군 양양읍,경상사고,0,0,1,0,차대사람 - 차도통행중,안전운전불이행,건조,흐림,단일로 - 기타,승용,남,56세,상해없음,보행자,남,29세,경상
2023062000100080,2023년 6월 20일 08시,화요일,강원도 태백시 문곡동,경상사고,0,0,1,0,차대차 - 추돌,신호위반,건조,맑음,교차로 - 교차로안,승용,여,62세,상해없음,승용,여,45세,경상
2023062000100081,2023년 6월 20일 08시,화요일,강원도 원주시 태장동,중상사고,0,2,3,0,차량단독 - 공작물충돌,안전운전불이행,건조,맑음,단일로 - 기타,승합,남,54세,중상,,,,
2023062000100124,2023년 6월 20일 09시,화요일,강원도 강릉시 교동,경상사고,0,0,1,0,차대사람 - 횡단중,보행자보호의무위반,건조,맑음,단일로 - 기타,승용,여,48세,상해없음,보행자,여,55세,경상
2023062000100125,2023년 6월 20일 09시,화요일,강원특별자치도 원주시 문막읍,경상사고,0,0,2,0,차대차 - 기타,직진우회전진행방해,건조,맑음,교차로 - 교차로안,화물,남,64세,상해없음,승용,남,60세,경상
2023062000100157,2023년 6월 20일 10시,화요일,강원도 강릉시 교동,경상사고,0,0,1,0,차대차 - 측면충돌,직진우회전진행방해,건조,맑음,교차로 - 교차로안,이륜,남,43세,상해없음,승용,남,32세,경상
2023062000100219,2023년 6월 20일 12시,화요일,강원도 강릉시 주문진읍,중상사고,0,1,0,0,차대사람 - 기타,안전운전불이행,건조,맑음,주차장 - 주차장,승용,남,55세,상해없음,보행자,여,90세,중상
2023062000100258,2023년 6월 20일 13시,화요일,강원도 강릉시 성산면,중상사고,0,1,0,0,차대사람 - 기타,안전운전불이행,건조,맑음,기타 - 기타,화물,남,58세,기타불명,보행자,여,54세,중상
2023062000100259,2023년 6월 20일 13시,화요일,강원도 영월군 김삿갓면,부상신고사고,0,0,0,1,차량단독 - 전도전복 - 전도,안전운전불이행,건조,맑음,단일로 - 기타,승용,남,70세,상해없음,,,,
2023062000100289,2023년 6월 20일 14시,화요일,강원특별자치도 춘천시 신북읍,사망사고,1,0,1,0,차량단독 - 기타,안전운전불이행,건조,맑음,단일로 - 기타,승합,남,67세,사망,,,,
2023062000100290,2023년 6월 20일 14시,화요일,강원특별자치도 원주시 무실동,경상사고,0,0,1,0,차대차 - 기타,신호위반,건조,맑음,교차로 - 교차로안,승용,남,44세,상해없음,승용,남,45세,경상
2023062000100364,2023년 6월 20일 16시,화요일,강원특별자치도 춘천시 북산면,부상신고사고,0,0,0,1,차대차 - 추돌,안전거리미확보,건조,맑음,단일로 - 기타,승용,남,58세,상해없음,승용,여,75세,부상신고
2023062000100408,2023년 6월 20일 17시,화요일,강원도 원주시 개운동,경상사고,0,0,1,0,차대차 - 기타,교차로운행방법위반,건조,맑음,교차로 - 교차로안,승용,남,65세,기타불명,승용,여,50세,경상
2023062000100452,2023년 6월 20일 18시,화요일,강원특별자치도 춘천시 교동,부상신고사고,0,0,0,1,차대차 - 측면충돌,기타,건조,맑음,교차로 - 교차로안,승용,남,37세,상해없음,자전거,남,10세,부상신고
2023062000100453,2023년 6월 20일 18시,화요일,강원도 강릉시 주문진읍,중상사고,0,1,0,0,차대사람 - 차도통행중,안전운전불이행,건조,맑음,단일로 - 기타,승용,남,79세,상해없음,보행자,남,36세,중상
2023062100100103,2023년 6월 21일 08시,수요일,강원도 정선군 고한읍,경상사고,0,0,1,0,차대차 - 기타,안전거리미확보,젖음/습기,비,단일로 - 기타,승용,남,66세,상해없음,특수,남,53세,경상
2023062100100148,2023년 6월 21일 09시,수요일,강원특별자치도 원주시 소초면,경상사고,0,0,1,0,차대차 - 기타,안전운전불이행,젖음/습기,흐림,단일로 - 기타,승용,남,55세,상해없음,승용,여,55세,경상
2023062100100194,2023년 6월 21일 11시,수요일,강원도 강릉시 옥천동,중상사고,0,1,0,0,차대사람 - 횡단중,보행자보호의무위반,젖음/습기,비,교차로 - 교차로횡단보도내,승용,남,63세,상해없음,보행자,여,70세,중상
2023062100100285,2023년 6월 21일 14시,수요일,강원도 횡성군 서원면,경상사고,0,0,1,0,차대차 - 측면충돌,중앙선침범,젖음/습기,비,단일로 - 기타,화물,남,67세,상해없음,승용,여,59세,경상
2023062100100317,2023년 6월 21일 15시,수요일,강원특별자치도 춘천시 동면,부상신고사고,0,0,0,2,차대차 - 기타,안전운전불이행,젖음/습기,흐림,단일로 - 기타,화물,남,76세,상해없음,승용,남,67세,부상신고
2023062100100318,2023년 6월 21일 15시,수요일,강원특별자치도 원주시 반곡동,경상사고,0,0,1,0,차대사람 - 기타,기타,건조,맑음,교차로 - 교차로부근,원동기,여,51세,상해없음,보행자,여,31세,경상
2023062100100351,2023년 6월 21일 16시,수요일,강원특별자치도 강릉시 홍제동,경상사고,0,0,1,0,차대차 - 기타,신호위반,건조,맑음,교차로 - 교차로안,화물,남,54세,상해없음,승용,여,48세,경상
2023062100100352,2023년 6월 21일 16시,수요일,강원특별자치도 속초시 조양동,중상사고,0,1,0,0,차대차 - 추돌,안전운전불이행,건조,맑음,교차로 - 교차로부근,승용,남,79세,상해없음,승용,남,65세,중상
2023062100100353,2023년 6월 21일 16시,수요일,강원도 인제군 북면,경상사고,0,0,1,0,차대차 - 측면충돌,안전운전불이행,건조,맑음,단일로 - 기타,승용,여,61세,상해없음,승용,남,56세,경상
2023062100100373,2023년 6월 21일 17시,수요일,강원도 강릉시 교동,중상사고,0,1,0,0,차대차 - 추돌,안전운전불이행,건조,맑음,교차로 - 교차로안,승용,여,25세,상해없음,이륜,남,38세,중상
2023062100100374,2023년 6월 21일 17시,수요일,강원도 원주시 단계동,경상사고,0,0,1,0,차대차 - 추돌,교차로운행방법위반,건조,맑음,교차로 - 교차로안,승용,여,43세,상해없음,승용,남,63세,상해없음
2023062100100424,2023년 6월 21일 18시,수요일,강원특별자치도 동해시 귀운동,경상사고,0,0,1,0,차량단독 - 기타,안전운전불이행,건조,맑음,단일로 - 터널,승용,여,50세,경상,,,,
2023062100100453,2023년 6월 21일 19시,수요일,강원특별자치도 춘천시 동산면,경상사고,0,0,1,0,차대차 - 정면충돌,중앙선침범,젖음/습기,비,단일로 - 기타,승용,남,26세,상해없음,승용,남,56세,경상
2023062100100501,2023년 6월 21일 21시,수요일,강원도 원주시 단계동,중상사고,0,1,0,0,차대차 - 정면충돌,안전운전불이행,건조,맑음,단일로 - 기타,기타불명,기타불명,미분류,기타불명,이륜,남,17세,중상
2023062100100524,2023년 6월 21일 22시,수요일,강원도 정선군 고한읍,경상사고,0,0,1,0,차대차 - 추돌,안전운전불이행,젖음/습기,맑음,단일로 - 기타,건설기계,남,62세,상해없음,건설기계,남,67세,경상
2023062200100047,2023년 6월 22일 06시,목요일,강원도 태백시 철암동,경상사고,0,0,1,0,차대차 - 기타,직진우회전진행방해,건조,맑음,교차로 - 교차로안,화물,남,67세,상해없음,화물,남,55세,경상
2023062200100065,2023년 6월 22일 07시,목요일,강원특별자치도 춘천시 서면,경상사고,0,0,1,0,차대차 - 측면충돌,안전운전불이행,건조,맑음,교차로 - 교차로안,화물,남,75세,상해없음,화물,남,60세,경상
2023062200100066,2023년 6월 22일 07시,목요일,강원도 동해시 효가동,중상사고,0,1,0,0,차대차 - 추돌,안전운전불이행,건조,맑음,교차로 - 교차로안,승용,여,70세,상해없음,승용,여,49세,중상
2023062200100101,2023년 6월 22일 08시,목요일,강원도 원주시 지정면,중상사고,0,1,6,0,차대차 - 추돌,안전운전불이행,건조,맑음,단일로 - 기타,승용,여,30세,상해없음,승합,여,43세,경상
2023062200100145,2023년 6월 22일 09시,목요일,강원특별자치도 원주시 흥업면,중상사고,0,1,2,1,차대차 - 추돌,직진우회전진행방해,건조,맑음,교차로 - 교차로안,승용,여,50세,부상신고,승용,여,42세,중상
2023062200100198,2023년 6월 22일 11시,목요일,강원특별자치도 춘천시 효자동,경상사고,0,0,1,0,차대차 - 기타,안전거리미확보,건조,맑음,단일로 - 기타,승용,여,61세,상해없음,승용,여,49세,경상
2023062200100199,2023년 6월 22일 11시,목요일,강원도 동해시 발한동,경상사고,0,0,1,0,차대사람 - 차도통행중,안전운전불이행,건조,맑음,단일로 - 기타,화물,남,69세,상해없음,보행자,남,49세,경상
2023062200100200,2023년 6월 22일 11시,목요일,강원도 홍천군 내촌면,경상사고,0,0,1,0,차대차 - 추돌,안전거리미확보,건조,맑음,단일로 - 기타,승용,남,33세,상해없음,승용,남,69세,상해없음
2023062200100236,2023년 6월 22일 12시,목요일,강원도 강릉시 교동,경상사고,0,0,2,0,차대차 - 추돌,안전운전불이행,건조,맑음,단일로 - 기타,승용,남,57세,상해없음,승용,여,58세,경상
2023062200100257,2023년 6월 22일 13시,목요일,강원도 강릉시 홍제동,경상사고,0,0,2,0,차대차 - 기타,안전운전불이행,건조,맑음,교차로 - 교차로안,승용,남,52세,상해없음,승용,남,34세,경상
2023062200100289,2023년 6월 22일 14시,목요일,강원특별자치도 춘천시 운교동,중상사고,0,1,0,0,차대차 - 기타,안전운전불이행,건조,맑음,교차로 - 교차로안,이륜,남,23세,중상,승용,남,66세,상해없음
2023062200100290,2023년 6월 22일 14시,목요일,강원도 원주시 무실동,경상사고,0,0,1,0,차대차 - 측면충돌,신호위반,건조,맑음,교차로 - 교차로안,승용,여,68세,상해없음,화물,남,49세,경상
2023062200100357,2023년 6월 22일 16시,목요일,강원도 원주시 단구동,경상사고,0,0,1,0,차대차 - 측면충돌,안전운전불이행,건조,맑음,교차로 - 교차로안,승용,여,62세,상해없음,승용,남,80세,경상
2023062200100455,2023년 6월 22일 18시,목요일,강원도 강릉시 노암동,경상사고,0,0,1,0,차대사람 - 기타,안전운전불이행,건조,맑음,단일로 - 기타,승용,남,39세,상해없음,보행자,남,23세,경상
2023062200100524,2023년 6월 22일 20시,목요일,강원도 강릉시 견소동,경상사고,0,0,1,0,차대사람 - 횡단중,안전운전불이행,건조,맑음,교차로 - 교차로안,화물,남,47세,상해없음,보행자,남,51세,경상
2023062200100596,2023년 6월 22일 23시,목요일,강원도 원주시 우산동,경상사고,0,0,1,0,차대차 - 후진중충돌,안전운전불이행,건조,맑음,기타 - 기타,승용,남,44세,상해없음,승용,남,29세,경상
2023062300100040,2023년 6월 23일 06시,금요일,강원특별자치도 춘천시 동내면,중상사고,0,1,0,0,차량단독 - 전도전복 - 전도,안전운전불이행,건조,맑음,단일로 - 기타,원동기,남,16세,상해없음,,,,
2023062300100041,2023년 6월 23일 06시,금요일,강원도 평창군 대관령면,경상사고,0,0,2,0,차대차 - 측면충돌,안전운전불이행,건조,맑음,단일로 - 지하차도(도로)내,화물,남,46세,경상,승용,남,69세,경상
2023062300100042,2023년 6월 23일 06시,금요일,강원특별자치도 태백시 황지동,경상사고,0,0,1,0,차대차 - 측면충돌,직진우회전진행방해,건조,맑음,교차로 - 교차로안,화물,남,54세,상해없음,승용,남,36세,경상
2023062300100056,2023년 6월 23일 07시,금요일,강원도 원주시 학성동,사망사고,1,0,0,0,차량단독 - 공작물충돌,안전운전불이행,건조,맑음,단일로 - 기타,이륜,남,65세,사망,,,,
2023062300100134,2023년 6월 23일 09시,금요일,강원특별자치도 화천군 간동면,경상사고,0,0,1,0,차대차 - 기타,중앙선침범,건조,맑음,단일로 - 기타,승합,남,59세,상해없음,승용,남,60세,상해없음
2023062300100170,2023년 6월 23일 10시,금요일,강원도 강릉시 포남동,경상사고,0,0,1,0,차대차 - 측면충돌,안전운전불이행,건조,맑음,교차로 - 교차로안,화물,남,24세,상해없음,승용,남,22세,경상
2023062300100280,2023년 6월 23일 13시,금요일,강원도 원주시 관설동,경상사고,0,0,2,0,차대차 - 추돌,안전거리미확보,건조,맑음,단일로 - 기타,이륜,남,58세,상해없음,승용,남,27세,경상
2023062300100318,2023년 6월 23일 14시,금요일,강원특별자치도 원주시 단계동,경상사고,0,0,1,0,차대차 - 정면충돌,직진우회전진행방해,건조,맑음,교차로 - 교차로부근,이륜,남,16세,기타불명,승용,남,28세,경상
2023062300100358,2023년 6월 23일 15시,금요일,강원도 원주시 명륜동,경상사고,0,0,1,0,차대사람 - 보도통행중,신호위반,건조,맑음,교차로 - 교차로안,승용,남,77세,상해없음,보행자,여,68세,경상
2023062300100400,2023년 6월 23일 16시,금요일,강원특별자치도 강릉시 노암동,경상사고,0,0,1,0,차대차 - 측면충돌,안전운전불이행,건조,맑음,교차로 - 교차로부근,승용,남,69세,상해없음,승용,남,31세,경상
2023062300100443,2023년 6월 23일 17시,금요일,강원도 원주시 태장동,경상사고,0,0,1,0,차대사람 - 차도통행중,안전운전불이행,건조,맑음,단일로 - 기타,승용,남,57세,상해없음,보행자,여,75세,경상
2023062300100444,2023년 6월 23일 17시,금요일,강원특별자치도 속초시 교동,경상사고,0,0,2,0,차대차 - 측면충돌,안전운전불이행,건조,맑음,교차로 - 교차로부근,승용,남,35세,상해없음,승용,여,32세,경상
2023062300100506,2023년 6월 23일 18시,금요일,강원특별자치도 춘천시 사북면,경상사고,0,0,1,0,차대차 - 기타,안전운전불이행,건조,맑음,단일로 - 기타,승용,남,74세,상해없음,승용,여,48세,경상
2023062300100507,2023년 6월 23일 18시,금요일,강원도 강릉시 포남동,경상사고,0,0,1,0,차대사람 - 기타,안전운전불이행,젖음/습기,비,단일로 - 기타,승용,남,75세,상해없음,보행자,남,65세,경상
2023062300100508,2023년 6월 23일 18시,금요일,강원도 원주시 관설동,경상사고,0,0,1,0,차대차 - 기타,신호위반,건조,맑음,교차로 - 교차로안,승용,여,54세,상해없음,승용,남,40세,경상
2023062300100594,2023년 6월 23일 20시,금요일,강원도 정선군 신동읍,경상사고,0,0,1,0,차대차 - 기타,안전거리미확보,건조,맑음,기타 - 기타,승용,남,61세,상해없음,승용,남,25세,경상
2023062300100624,2023년 6월 23일 21시,금요일,강원도 원주시 문막읍,경상사고,0,0,1,0,차대차 - 추돌,안전운전불이행,건조,맑음,단일로 - 기타,승용,남,32세,상해없음,원동기,남,33세,경상
2023062300100665,2023년 6월 23일 23시,금요일,강원도 원주시 관설동,경상사고,0,0,2,0,차대차 - 측면충돌,신호위반,젖음/습기,흐림,교차로 - 교차로안,승용,남,68세,상해없음,승용,남,61세,경상
2023062400100051,2023년 6월 24일 06시,토요일,강원도 춘천시 남산면,부상신고사고,0,0,0,1,차대차 - 추돌,안전운전불이행,건조,맑음,교차로 - 교차로부근,승용,남,36세,기타불명,승용,여,52세,부상신고
2023062400100052,2023년 6월 24일 06시,토요일,강원특별자치도 철원군 동송읍,중상사고,0,1,0,0,차대차 - 측면충돌,교차로운행방법위반,건조,맑음,교차로 - 교차로안,승용,여,78세,상해없음,원동기,여,73세,중상
2023062400100065,2023년 6월 24일 07시,토요일,강원특별자치도 춘천시 동면,경상사고,0,0,1,0,차대차 - 기타,신호위반,건조,맑음,교차로 - 교차로안,승용,남,55세,상해없음,승용,남,48세,경상
2023062400100066,2023년 6월 24일 07시,토요일,강원도 원주시 문막읍,경상사고,0,0,1,0,차대차 - 추돌,안전운전불이행,건조,맑음,교차로 - 교차로부근,화물,남,64세,상해없음,승용,남,54세,경상
2023062400100067,2023년 6월 24일 07시,토요일,강원특별자치도 동해시 구미동,경상사고,0,0,1,0,차대차 - 측면충돌,안전운전불이행,건조,맑음,교차로 - 교차로안,승용,남,68세,상해없음,승용,남,32세,경상
2023062400100098,2023년 6월 24일 09시,토요일,강원특별자치도 춘천시 신동면,경상사고,0,0,2,0,차대차 - 측면충돌,중앙선침범,건조,맑음,단일로 - 기타,승용,여,24세,상해없음,화물,남,50세,경상
2023062400100099,2023년 6월 24일 09시,토요일,강원도 화천군 하남면,경상사고,0,0,1,0,차대차 - 추돌,안전거리미확보,건조,맑음,단일로 - 기타,승용,여,53세,상해없음,승용,남,75세,경상
2023062400100100,2023년 6월 24일 09시,토요일,강원특별자치도 양구군 해안면,중상사고,0,1,0,0,차대사람 - 기타,안전운전불이행,건조,맑음,단일로 - 기타,화물,남,58세,상해없음,보행자,남,56세,중상
2023062400100132,2023년 6월 24일 10시,토요일,강원도 강릉시 포남동,경상사고,0,0,2,0,차대차 - 기타,안전운전불이행,건조,맑음,교차로 - 교차로안,승용,남,34세,상해없음,승용,남,64세,경상
2023062400100175,2023년 6월 24일 11시,토요일,강원도 강릉시 강문동,경상사고,0,0,2,0,차대차 - 측면충돌,안전운전불이행,건조,맑음,교차로 - 교차로안,승용,남,25세,상해없음,승용,남,25세,경상
2023062400100176,2023년 6월 24일 11시,토요일,강원도 강릉시 임당동,경상사고,0,0,1,0,차대차 - 측면충돌,안전운전불이행,건조,맑음,교차로 - 교차로안,승용,남,23세,상해없음,승용,여,53세,경상
2023062400100211,2023년 6월 24일 12시,토요일,강원도 강릉시 교동,사망사고,1,0,0,0,차대차 - 기타,안전운전불이행,건조,맑음,교차로 - 교차로부근,건설기계,남,44세,상해없음,자전거,남,77세,사망
2023062400100212,2023년 6월 24일 12시,토요일,강원도 영월군 영월읍,경상사고,0,0,1,0,차대차 - 추돌,안전운전불이행,건조,맑음,교차로 - 교차로안,화물,남,64세,기타불명,승용,남,26세,경상
2023062400100213,2023년 6월 24일 12시,토요일,강원도 태백시 황지동,경상사고,0,0,1,0,차대사람 - 횡단중,보행자보호의무위반,건조,맑음,교차로 - 교차로안,승용,남,41세,상해없음,보행자,남,46세,경상
2023062400100247,2023년 6월 24일 13시,토요일,강원특별자치도 춘천시 효자동,경상사고,0,0,1,0,차대차 - 기타,기타,건조,맑음,단일로 - 기타,승용,남,66세,상해없음,이륜,남,54세,경상
2023062400100248,2023년 6월 24일 13시,토요일,강원도 원주시 지정면,중상사고,0,1,0,0,차대차 - 측면충돌,안전거리미확보,건조,맑음,단일로 - 기타,승용,남,58세,상해없음,이륜,남,35세,중상
2023062400100249,2023년 6월 24일 13시,토요일,강원도 원주시 단계동,경상사고,0,0,2,0,차대차 - 측면충돌,교차로운행방법위반,건조,맑음,교차로 - 교차로안,승용,남,28세,기타불명,승용,여,24세,경상