사고번호,사고일시,요일,시군구,사고내용,사망자수,중상자수,경상자수,부상신고자수,사고유형,법규위반,노면상태,기상상태,도로형태,가해운전자 차종,가해운전자 성별,가해운전자 연령,가해운전자 상해정도,피해운전자 차종,피해운전자 성별,피해운전자 연령,피해운전자 상해정도
2023062400100250,2023년 6월 24일 13시,토요일,강원특별자치도 양양군 현북면,경상사고,0,0,2,0,차대차 - 측면충돌,안전운전불이행,건조,맑음,단일로 - 기타,승용,남,34세,상해없음,승용,남,31세,경상
2023062400100302,2023년 6월 24일 14시,토요일,강원특별자치도 춘천시 효자동,부상신고사고,0,0,0,1,차대차 - 기타,교차로운행방법위반,건조,맑음,교차로 - 교차로안,승용,남,61세,상해없음,이륜,남,41세,부상신고
2023062400100303,2023년 6월 24일 14시,토요일,강원특별자치도 강릉시 옥천동,경상사고,0,0,1,0,차대사람 - 기타,안전운전불이행,건조,맑음,주차장 - 주차장,승용,여,66세,상해없음,보행자,여,37세,경상
2023062400100336,2023년 6월 24일 15시,토요일,강원도 평창군 봉평면,경상사고,0,0,1,0,차대차 - 정면충돌,신호위반,건조,맑음,교차로 - 교차로안,승용,남,64세,상해없음,승합,여,48세,경상
2023062400100337,2023년 6월 24일 15시,토요일,강원도 동해시 천곡동,경상사고,0,0,1,0,차대차 - 후진중충돌,안전운전불이행,건조,맑음,교차로 - 교차로안,승용,남,77세,상해없음,승용,남,55세,경상
2023062400100385,2023년 6월 24일 16시,토요일,강원특별자치도 춘천시 삼천동,중상사고,0,1,0,0,차대사람 - 기타,신호위반,건조,맑음,교차로 - 교차로안,화물,남,50세,상해없음,보행자,남,21세,중상
2023062400100419,2023년 6월 24일 17시,토요일,강원도 원주시 신림면,사망사고,1,0,0,0,차대차 - 정면충돌,중앙선침범,건조,맑음,단일로 - 기타,승용,여,55세,기타불명,자전거,남,58세,사망
2023062400100420,2023년 6월 24일 17시,토요일,강원도 원주시 귀래면,중상사고,0,2,1,0,차대차 - 정면충돌,중앙선침범,건조,맑음,단일로 - 기타,이륜,남,33세,중상,화물,남,66세,중상
2023062400100421,2023년 6월 24일 17시,토요일,강원도 삼척시 원덕읍,중상사고,0,1,0,0,차대사람 - 횡단중,안전운전불이행,건조,맑음,단일로 - 지하차도(도로)내,승용,남,60세,상해없음,보행자,남,63세,중상
2023062400100422,2023년 6월 24일 17시,토요일,강원도 영월군 영월읍,중상사고,0,1,0,0,차대차 - 측면충돌,기타,건조,맑음,단일로 - 기타,이륜,남,42세,중상,승용,남,65세,상해없음
2023062400100456,2023년 6월 24일 18시,토요일,강원도 춘천시 남산면,중상사고,0,1,0,0,차대사람 - 기타,안전운전불이행,건조,맑음,기타 - 기타,화물,남,68세,상해없음,보행자,남,59세,중상
2023062400100457,2023년 6월 24일 18시,토요일,강원도 삼척시 성내동,중상사고,0,1,0,0,차대사람 - 횡단중,보행자보호의무위반,건조,맑음,단일로 - 지하차도(도로)내,승용,남,34세,상해없음,보행자,여,15세,중상
2023062400100458,2023년 6월 24일 18시,토요일,강원도 정선군 고한읍,경상사고,0,0,1,0,차대차 - 기타,안전거리미확보,건조,맑음,단일로 - 기타,승용,남,67세,상해없음,승용,남,40세,경상
2023062400100482,2023년 6월 24일 19시,토요일,강원도 강릉시 성산면,경상사고,0,0,1,0,차대사람 - 기타,안전운전불이행,건조,맑음,기타 - 기타,승합,남,63세,상해없음,보행자,여,33세,경상
2023062500100028,2023년 6월 25일 02시,일요일,강원도 강릉시 죽헌동,경상사고,0,0,1,0,차량단독 - 공작물충돌,안전운전불이행,건조,맑음,단일로 - 기타,이륜,남,18세,경상,,,,
2023062500100071,2023년 6월 25일 08시,일요일,강원도 원주시 명륜동,경상사고,0,0,2,0,차대차 - 추돌,신호위반,건조,맑음,교차로 - 교차로안,이륜,남,86세,기타불명,승용,남,67세,경상
2023062500100098,2023년 6월 25일 10시,일요일,강원도 원주시 태장동,경상사고,0,0,1,0,차대차 - 기타,안전운전불이행,건조,맑음,교차로 - 교차로부근,승용,남,47세,상해없음,자전거,남,49세,경상
2023062500100121,2023년 6월 25일 11시,일요일,강원도 강릉시 교동,경상사고,0,0,4,0,차대차 - 측면충돌,안전운전불이행,건조,맑음,교차로 - 교차로안,승용,남,62세,상해없음,승용,남,27세,경상
2023062500100122,2023년 6월 25일 11시,일요일,강원도 원주시 단구동,경상사고,0,0,1,0,차대차 - 기타,안전운전불이행,건조,맑음,교차로 - 교차로부근,승용,여,25세,상해없음,승용,여,31세,경상
2023062500100167,2023년 6월 25일 13시,일요일,강원특별자치도 평창군 용평면,부상신고사고,0,0,0,4,차대차 - 추돌,안전운전불이행,건조,맑음,단일로 - 기타,화물,남,64세,상해없음,승용,남,44세,부상신고
2023062500100219,2023년 6월 25일 15시,일요일,강원특별자치도 강릉시 강문동,경상사고,0,0,1,0,차대차 - 추돌,안전운전불이행,건조,맑음,기타 - 기타,이륜,남,19세,상해없음,승용,남,26세,경상
2023062500100220,2023년 6월 25일 15시,일요일,강원도 원주시 호저면,경상사고,0,0,1,0,차대차 - 측면충돌,교차로운행방법위반,건조,맑음,교차로 - 교차로부근,이륜,여,41세,상해없음,화물,여,71세,경상
2023062500100221,2023년 6월 25일 15시,일요일,강원도 원주시 소초면,경상사고,0,0,2,0,차대차 - 기타,안전운전불이행,건조,맑음,교차로 - 교차로안,승용,남,79세,상해없음,승용,여,45세,경상
2023062500100222,2023년 6월 25일 15시,일요일,강원특별자치도 인제군 기린면,중상사고,0,1,6,4,차대차 - 추돌,안전거리미확보,건조,맑음,단일로 - 터널,승용,남,29세,중상,승용,남,21세,상해없음
2023062500100255,2023년 6월 25일 16시,일요일,강원특별자치도 양구군 양구읍,중상사고,0,1,0,0,차대차 - 추돌,안전거리미확보,건조,맑음,단일로 - 기타,승용,남,42세,상해없음,승용,여,59세,중상
2023062500100301,2023년 6월 25일 18시,일요일,강원특별자치도 춘천시 석사동,경상사고,0,0,1,0,차대차 - 후진중충돌,안전운전불이행,건조,맑음,단일로 - 기타,승용,여,69세,상해없음,승용,여,26세,경상
2023062500100302,2023년 6월 25일 18시,일요일,강원도 속초시 교동,경상사고,0,0,1,0,차대사람 - 횡단중,신호위반,건조,흐림,교차로 - 교차로횡단보도내,승용,여,73세,상해없음,보행자,여,56세,경상
2023062500100385,2023년 6월 25일 21시,일요일,강원도 원주시 단구동,경상사고,0,0,1,0,차대차 - 추돌,안전운전불이행,건조,맑음,단일로 - 기타,승용,여,48세,상해없음,승용,남,42세,경상
2023062500100412,2023년 6월 25일 22시,일요일,강원특별자치도 동해시 이도동,경상사고,0,0,1,0,차대차 - 기타,안전운전불이행,건조,맑음,단일로 - 기타,승용,여,30세,상해없음,승용,남,30세,경상
2023062600100092,2023년 6월 26일 08시,월요일,강원도 홍천군 홍천읍,경상사고,0,0,1,1,차대차 - 측면충돌,교차로운행방법위반,젖음/습기,비,교차로 - 교차로안,승용,남,48세,부상신고,승용,남,49세,경상
2023062600100093,2023년 6월 26일 08시,월요일,강원특별자치도 횡성군 횡성읍,경상사고,0,0,2,0,차대차 - 추돌,안전운전불이행,건조,맑음,교차로 - 교차로부근,승용,여,40세,상해없음,승용,남,49세,경상
2023062600100163,2023년 6월 26일 10시,월요일,강원도 원주시 단계동,중상사고,0,2,0,0,차대사람 - 횡단중,안전운전불이행,젖음/습기,흐림,교차로 - 교차로횡단보도내,화물,남,31세,상해없음,보행자,남,57세,중상
2023062600100284,2023년 6월 26일 14시,월요일,강원도 삼척시 미로면,경상사고,0,0,1,0,차대차 - 측면충돌,안전운전불이행,젖음/습기,비,단일로 - 기타,승용,남,61세,상해없음,건설기계,남,49세,경상
2023062600100310,2023년 6월 26일 15시,월요일,강원도 원주시 단계동,경상사고,0,0,1,0,차대사람 - 차도통행중,안전운전불이행,건조,맑음,단일로 - 기타,승합,남,42세,기타불명,보행자,남,10세,경상
2023062600100311,2023년 6월 26일 15시,월요일,강원특별자치도 영월군 영월읍,부상신고사고,0,0,0,3,차대차 - 측면충돌,중앙선침범,젖음/습기,비,단일로 - 기타,승용,남,62세,상해없음,승용,남,26세,부상신고
2023062600100352,2023년 6월 26일 16시,월요일,강원도 원주시 반곡동,경상사고,0,0,1,0,차대차 - 기타,안전운전불이행,건조,맑음,교차로 - 교차로부근,화물,남,41세,상해없음,승용,여,26세,상해없음
2023062600100353,2023년 6월 26일 16시,월요일,강원특별자치도 원주시 단구동,경상사고,0,0,1,0,차대사람 - 기타,안전운전불이행,건조,맑음,단일로 - 기타,승용,남,62세,기타불명,보행자,남,67세,경상
2023062600100354,2023년 6월 26일 16시,월요일,강원도 정선군 정선읍,경상사고,0,0,1,0,차대사람 - 횡단중,보행자보호의무위반,젖음/습기,비,기타 - 기타,승용,여,36세,상해없음,보행자,여,10세,경상
2023062600100438,2023년 6월 26일 18시,월요일,강원도 강릉시 교동,경상사고,0,0,1,0,차대차 - 측면충돌,안전운전불이행,젖음/습기,비,교차로 - 교차로안,승용,남,46세,기타불명,승용,남,35세,경상
2023062600100439,2023년 6월 26일 18시,월요일,강원특별자치도 원주시 개운동,경상사고,0,0,2,0,차대차 - 추돌,안전거리미확보,건조,맑음,교차로 - 교차로부근,승용,남,56세,상해없음,승용,여,29세,경상
2023062600100485,2023년 6월 26일 20시,월요일,강원도 철원군 동송읍,경상사고,0,0,1,0,차대사람 - 횡단중,안전운전불이행,젖음/습기,비,단일로 - 기타,기타불명,기타불명,미분류,기타불명,보행자,여,17세,경상
2023062600100541,2023년 6월 26일 22시,월요일,강원도 원주시 소초면,경상사고,0,0,1,0,차대차 - 추돌,안전거리미확보,젖음/습기,비,교차로 - 교차로부근,승용,여,41세,기타불명,승용,남,55세,경상
2023062700100081,2023년 6월 27일 08시,화요일,강원특별자치도 춘천시 교동,경상사고,0,0,1,0,차대차 - 추돌,안전운전불이행,건조,맑음,교차로 - 교차로안,승용,남,60세,상해없음,승용,여,40세,경상
2023062700100082,2023년 6월 27일 08시,화요일,강원특별자치도 삼척시 도계읍,사망사고,1,0,0,0,차대사람 - 횡단중,보행자보호의무위반,건조,맑음,교차로 - 교차로안,화물,남,82세,상해없음,보행자,여,77세,사망
2023062700100182,2023년 6월 27일 11시,화요일,강원도 양구군 양구읍,경상사고,0,0,5,0,차대차 - 측면충돌,교차로운행방법위반,건조,맑음,교차로 - 교차로안,승용,여,51세,경상,승용,여,64세,경상
2023062700100254,2023년 6월 27일 13시,화요일,강원도 평창군 진부면,중상사고,0,1,0,0,차대차 - 정면충돌,안전운전불이행,건조,맑음,교차로 - 교차로안,자전거,남,18세,중상,승용,여,42세,상해없음
2023062700100325,2023년 6월 27일 15시,화요일,강원특별자치도 춘천시 효자동,중상사고,0,1,0,0,차대사람 - 횡단중,보행자보호의무위반,건조,맑음,교차로 - 교차로횡단보도내,화물,남,59세,상해없음,보행자,여,71세,중상
2023062700100326,2023년 6월 27일 15시,화요일,강원특별자치도 춘천시 동면,경상사고,0,0,1,0,차대차 - 정면충돌,안전운전불이행,건조,맑음,단일로 - 기타,승용,남,54세,상해없음,승용,남,64세,상해없음
2023062700100327,2023년 6월 27일 15시,화요일,강원도 원주시 단구동,경상사고,0,0,1,0,차대차 - 측면충돌,안전운전불이행,건조,맑음,교차로 - 교차로부근,승용,여,57세,상해없음,승용,남,31세,경상
2023062700100328,2023년 6월 27일 15시,화요일,강원도 정선군 사북읍,경상사고,0,0,1,0,차대사람 - 차도통행중,안전운전불이행,건조,맑음,단일로 - 기타,승용,남,81세,상해없음,보행자,남,50세,경상
2023062700100408,2023년 6월 27일 17시,화요일,강원도 원주시 태장동,경상사고,0,0,2,0,차대차 - 측면충돌,교차로운행방법위반,건조,맑음,교차로 - 교차로안,이륜,남,51세,상해없음,승용,여,69세,경상
2023062700100457,2023년 6월 27일 18시,화요일,강원도 원주시 문막읍,경상사고,0,0,1,0,차대차 - 기타,신호위반,건조,맑음,교차로 - 교차로안,승용,여,69세,상해없음,승용,여,32세,경상
2023062700100458,2023년 6월 27일 18시,화요일,강원도 삼척시 정상동,경상사고,0,0,2,0,차대차 - 기타,안전운전불이행,기타,맑음,교차로 - 교차로부근,승용,여,35세,상해없음,승용,남,22세,경상
2023062700100459,2023년 6월 27일 18시,화요일,강원도 태백시 황지동,경상사고,0,0,2,0,차대차 - 측면충돌,교차로운행방법위반,건조,맑음,교차로 - 교차로안,승용,남,67세,경상,화물,남,70세,상해없음
2023062700100460,2023년 6월 27일 18시,화요일,강원도 동해시 쇄운동,경상사고,0,0,1,0,차대사람 - 횡단중,보행자보호의무위반,건조,맑음,교차로 - 교차로횡단보도내,승용,남,68세,상해없음,보행자,여,12세,경상
2023062700100527,2023년 6월 27일 20시,화요일,강원특별자치도 춘천시 중앙로3가,경상사고,0,0,1,0,차대차 - 추돌,안전운전불이행,건조,맑음,교차로 - 교차로부근,승용,남,50세,상해없음,승용,여,43세,경상
2023062700100528,2023년 6월 27일 20시,화요일,강원도 원주시 단계동,경상사고,0,0,2,0,차대차 - 추돌,안전운전불이행,건조,맑음,교차로 - 교차로안,원동기,남,43세,경상,원동기,남,42세,경상
2023062700100582,2023년 6월 27일 22시,화요일,강원도 원주시 우산동,경상사고,0,0,1,0,차대차 - 추돌,안전운전불이행,건조,맑음,교차로 - 교차로안,승용,여,56세,상해없음,승용,여,46세,경상
2023062800100042,2023년 6월 28일 04시,수요일,강원도 원주시 무실동,경상사고,0,0,1,0,차대차 - 측면충돌,안전운전불이행,건조,맑음,교차로 - 교차로안,승용,남,19세,상해없음,승용,여,65세,경상
2023062800100043,2023년 6월 28일 04시,수요일,강원도 원주시 무실동,경상사고,0,0,1,0,차대차 - 기타,안전운전불이행,건조,맑음,기타 - 기타,승용,남,46세,상해없음,이륜,남,30세,경상
2023062800100099,2023년 6월 28일 08시,수요일,강원도 원주시 흥업면,경상사고,0,0,1,0,차대차 - 추돌,안전거리미확보,건조,맑음,기타 - 기타,승용,남,25세,상해없음,승용,남,26세,상해없음
2023062800100100,2023년 6월 28일 08시,수요일,강원도 고성군 죽왕면,경상사고,0,0,1,0,차대차 - 추돌,안전운전불이행,건조,맑음,단일로 - 기타,승용,여,63세,상해없음,승용,여,43세,경상
2023062800100134,2023년 6월 28일 09시,수요일,강원도 춘천시 우두동,중상사고,0,1,0,0,차대차 - 측면충돌,안전운전불이행,건조,맑음,단일로 - 기타,승합,남,42세,상해없음,자전거,남,81세,중상
2023062800100165,2023년 6월 28일 10시,수요일,강원특별자치도 양양군 강현면,중상사고,0,1,0,0,차대차 - 추돌,안전운전불이행,건조,맑음,교차로 - 교차로안,화물,남,37세,상해없음,이륜,남,50세,중상
2023062800100193,2023년 6월 28일 11시,수요일,강원도 원주시 무실동,경상사고,0,0,1,0,차대차 - 측면충돌,신호위반,건조,맑음,교차로 - 교차로안,승용,여,48세,기타불명,승용,여,47세,경상
2023062800100194,2023년 6월 28일 11시,수요일,강원도 태백시 화전동,경상사고,0,0,2,0,차대차 - 측면충돌,교차로운행방법위반,건조,맑음,교차로 - 교차로안,승용,남,50세,상해없음,승용,남,53세,경상
2023062800100221,2023년 6월 28일 12시,수요일,강원도 춘천시 우두동,경상사고,0,0,1,0,차대차 - 측면충돌,신호위반,건조,맑음,교차로 - 교차로안,승용,남,68세,상해없음,승용,여,57세,경상
2023062800100247,2023년 6월 28일 13시,수요일,강원특별자치도 동해시 효가동,경상사고,0,0,6,0,차대차 - 추돌,안전거리미확보,건조,맑음,단일로 - 기타,화물,남,35세,상해없음,승용,남,41세,경상
2023062800100280,2023년 6월 28일 14시,수요일,강원특별자치도 춘천시 칠전동,경상사고,0,0,2,0,차대차 - 기타,교차로운행방법위반,건조,맑음,교차로 - 교차로안,승용,남,88세,상해없음,승용,남,29세,경상
2023062800100281,2023년 6월 28일 14시,수요일,강원도 양양군 양양읍,경상사고,0,0,1,0,차대차 - 측면충돌,직진우회전진행방해,건조,맑음,교차로 - 교차로안,승용,여,65세,상해없음,승용,남,20세,경상
2023062800100307,2023년 6월 28일 15시,수요일,강원도 철원군 갈말읍,경상사고,0,0,3,0,차대차 - 추돌,안전운전불이행,건조,맑음,교차로 - 교차로안,승용,여,34세,상해없음,승용,여,57세,경상
2023062800100348,2023년 6월 28일 16시,수요일,강원특별자치도 춘천시 석사동,경상사고,0,0,1,0,차대차 - 기타,교차로운행방법위반,건조,맑음,교차로 - 교차로안,승용,여,50세,상해없음,승용,남,64세,경상
2023062800100349,2023년 6월 28일 16시,수요일,강원특별자치도 춘천시 퇴계동,경상사고,0,0,1,0,차대차 - 측면충돌,안전거리미확보,건조,맑음,단일로 - 기타,승용,여,80세,상해없음,승용,남,24세,경상
2023062800100350,2023년 6월 28일 16시,수요일,강원특별자치도 강릉시 교동,경상사고,0,0,1,0,차대차 - 기타,안전운전불이행,건조,맑음,교차로 - 교차로안,승용,여,66세,상해없음,승용,여,61세,경상
2023062800100391,2023년 6월 28일 17시,수요일,강원특별자치도 춘천시 동내면,중상사고,0,1,0,2,차대차 - 측면충돌,교차로운행방법위반,건조,맑음,교차로 - 교차로안,화물,남,47세,부상신고,화물,남,63세,중상
2023062800100392,2023년 6월 28일 17시,수요일,강원도 원주시 문막읍,경상사고,0,0,2,0,차대차 - 기타,안전운전불이행,건조,맑음,단일로 - 기타,승용,남,50세,상해없음,승용,남,65세,경상
2023062800100445,2023년 6월 28일 18시,수요일,강원도 원주시 학성동,부상신고사고,0,0,0,1,차대차 - 기타,기타,건조,맑음,기타 - 기타,자전거,남,31세,부상신고,승용,여,51세,상해없음
2023062800100512,2023년 6월 28일 20시,수요일,강원도 강릉시 주문진읍,경상사고,0,0,1,0,차대사람 - 길가장자리구역통행중,안전운전불이행,건조,맑음,단일로 - 기타,승용,남,51세,상해없음,보행자,여,83세,경상
2023062900100093,2023년 6월 29일 08시,목요일,강원특별자치도 춘천시 근화동,경상사고,0,0,1,0,차대사람 - 횡단중,신호위반,건조,맑음,교차로 - 교차로횡단보도내,화물,남,72세,상해없음,보행자,여,42세,경상
2023062900100186,2023년 6월 29일 11시,목요일,강원특별자치도 춘천시 우두동,경상사고,0,0,1,0,차대차 - 측면충돌,신호위반,젖음/습기,비,교차로 - 교차로안,승용,여,59세,상해없음,승용,남,44세,경상
2023062900100187,2023년 6월 29일 11시,목요일,강원특별자치도 춘천시 석사동,부상신고사고,0,0,0,2,차대차 - 측면충돌,안전운전불이행,젖음/습기,비,교차로 - 교차로안,승용,남,47세,상해없음,승용,남,42세,부상신고
2023062900100188,2023년 6월 29일 11시,목요일,강원도 인제군 인제읍,중상사고,0,1,1,0,차대차 - 측면충돌,안전운전불이행,젖음/습기,비,교차로 - 교차로안,승용,여,34세,경상,승용,여,61세,중상
2023062900100267,2023년 6월 29일 13시,목요일,강원특별자치도 춘천시 퇴계동,경상사고,0,0,1,0,차대차 - 추돌,안전운전불이행,젖음/습기,비,교차로 - 교차로부근,승용,남,57세,상해없음,이륜,남,33세,경상
2023062900100268,2023년 6월 29일 13시,목요일,강원도 삼척시 당저동,경상사고,0,0,1,0,차대차 - 측면충돌,안전거리미확보,젖음/습기,비,교차로 - 교차로안,화물,남,74세,상해없음,승용,남,54세,경상
2023062900100339,2023년 6월 29일 15시,목요일,강원특별자치도 춘천시 온의동,경상사고,0,0,1,0,차대차 - 기타,안전운전불이행,젖음/습기,비,단일로 - 기타,승용,여,34세,상해없음,승용,여,63세,경상
2023062900100340,2023년 6월 29일 15시,목요일,강원특별자치도 강릉시 교동,경상사고,0,0,1,0,차대차 - 측면충돌,안전운전불이행,젖음/습기,비,단일로 - 기타,승용,남,69세,상해없음,화물,남,46세,경상
2023062900100375,2023년 6월 29일 16시,목요일,강원도 원주시 지정면,중상사고,0,1,1,0,차대차 - 기타,신호위반,젖음/습기,비,교차로 - 교차로안,승용,여,39세,상해없음,승용,여,62세,중상
2023062900100411,2023년 6월 29일 17시,목요일,강원특별자치도 홍천군 남면,중상사고,0,2,0,0,차량단독 - 공작물충돌,안전운전불이행,젖음/습기,비,단일로 - 고가도로위,승용,남,73세,중상,,,,
2023062900100412,2023년 6월 29일 17시,목요일,강원도 원주시 부론면,경상사고,0,0,3,0,차대차 - 기타,안전운전불이행,젖음/습기,비,단일로 - 기타,특수,남,57세,상해없음,승합,남,34세,경상
2023062900100449,2023년 6월 29일 18시,목요일,강원특별자치도 춘천시 낙원동,부상신고사고,0,0,0,1,차대차 - 측면충돌,안전거리미확보,젖음/습기,비,교차로 - 교차로부근,승용,남,64세,상해없음,화물,남,61세,부상신고
2023062900100450,2023년 6월 29일 18시,목요일,강원도 철원군 동송읍,경상사고,0,0,2,0,차대차 - 후진중충돌,안전운전불이행,젖음/습기,비,단일로 - 기타,화물,남,62세,상해없음,승용,남,29세,경상
2023062900100451,2023년 6월 29일 18시,목요일,강원도 동해시 발한동,경상사고,0,0,2,0,차대차 - 추돌,안전운전불이행,젖음/습기,비,단일로 - 기타,승용,남,26세,상해없음,승용,남,40세,경상
2023062900100480,2023년 6월 29일 19시,목요일,강원도 인제군 상남면,중상사고,0,2,0,0,차대차 - 측면충돌,기타,젖음/습기,비,단일로 - 기타,승용,여,26세,상해없음,승용,남,62세,중상
2023062900100511,2023년 6월 29일 20시,목요일,강원특별자치도 철원군 서면,경상사고,0,0,1,0,차대차 - 측면충돌,안전운전불이행,젖음/습기,비,교차로 - 교차로안,승용,여,65세,상해없음,승용,여,42세,경상
2023062900100534,2023년 6월 29일 21시,목요일,강원도 강릉시 교동,경상사고,0,0,1,0,차대차 - 기타,중앙선침범,젖음/습기,비,단일로 - 기타,승용,남,83세,기타불명,승용,남,31세,경상
2023062900100576,2023년 6월 29일 23시,목요일,강원도 원주시 단계동,경상사고,0,0,2,0,차대차 - 추돌,안전운전불이행,젖음/습기,비,단일로 - 기타,승용,남,26세,상해없음,승용,남,50세,경상
2023063000100092,2023년 6월 30일 08시,금요일,강원특별자치도 춘천시 우두동,경상사고,0,0,1,0,차대차 - 기타,불법유턴,건조,맑음,단일로 - 기타,승용,남,62세,상해없음,화물,남,62세,상해없음
2023063000100093,2023년 6월 30일 08시,금요일,강원도 원주시 명륜동,중상사고,0,1,1,0,차대차 - 정면충돌,신호위반,젖음/습기,비,교차로 - 교차로안,승용,남,73세,상해없음,승용,여,65세,중상
2023063000100127,2023년 6월 30일 09시,금요일,강원도 태백시 황지동,경상사고,0,0,1,0,차대차 - 측면충돌,안전운전불이행,젖음/습기,흐림,단일로 - 기타,승용,남,78세,상해없음,승용,남,59세,경상
2023063000100211,2023년 6월 30일 12시,금요일,강원특별자치도 춘천시 낙원동,중상사고,0,1,0,0,차대사람 - 기타,안전운전불이행,건조,맑음,단일로 - 기타,승용,여,64세,상해없음,보행자,남,32세,중상
2023063000100212,2023년 6월 30일 12시,금요일,강원도 동해시 어달동,경상사고,0,0,1,0,차대차 - 측면충돌,안전운전불이행,건조,맑음,교차로 - 교차로안,승용,여,51세,상해없음,승용,여,71세,경상
2023063000100273,2023년 6월 30일 14시,금요일,강원도 양양군 서면,중상사고,0,1,1,0,차량단독 - 공작물충돌,안전운전불이행,건조,흐림,단일로 - 기타,승용,남,33세,경상,,,,
2023063000100274,2023년 6월 30일 14시,금요일,강원특별자치도 양양군 양양읍,경상사고,0,0,1,0,차대차 - 후진중충돌,안전운전불이행,건조,맑음,단일로 - 기타,승용,남,45세,상해없음,승용,여,51세,경상
2023063000100275,2023년 6월 30일 14시,금요일,강원도 철원군 갈말읍,중상사고,0,1,0,0,차대사람 - 길가장자리구역통행중,안전운전불이행,건조,맑음,단일로 - 기타,승용,남,74세,상해없음,보행자,남,76세,중상
2023063000100307,2023년 6월 30일 15시,금요일,강원도 강릉시 홍제동,경상사고,0,0,1,0,차대차 - 측면충돌,안전운전불이행,건조,맑음,단일로 - 기타,승용,남,76세,상해없음,화물,남,25세,경상
2023063000100336,2023년 6월 30일 16시,금요일,강원특별자치도 춘천시 소양로4가,경상사고,0,0,1,0,차대차 - 기타,안전운전불이행,건조,맑음,교차로 - 교차로안,승용,남,69세,상해없음,승합,남,50세,상해없음
2023063000100529,2023년 6월 30일 22시,금요일,강원도 원주시 단계동,중상사고,0,1,0,0,차대사람 - 횡단중,중앙선침범,건조,맑음,단일로 - 기타,승용,남,32세,상해없음,보행자,남,17세,중상
2023070100100022,2023년 7월 1일 01시,토요일,강원특별자치도 강릉시 교동,경상사고,0,0,4,0,차대차 - 기타,교차로운행방법위반,건조,맑음,교차로 - 교차로안,승용,남,40세,상해없음,승용,남,51세,상해없음
2023070100100065,2023년 7월 1일 05시,토요일,강원특별자치도 홍천군 북방면,중상사고,0,1,2,0,차대차 - 측면충돌,직진우회전진행방해,건조,맑음,교차로 - 교차로안,승용,여,64세,중상,승합,남,51세,경상
2023070100100083,2023년 7월 1일 07시,토요일,강원특별자치도 횡성군 횡성읍,경상사고,0,0,1,0,차대사람 - 기타,안전운전불이행,건조,맑음,기타 - 기타,화물,남,63세,상해없음,보행자,여,64세,경상
2023070100100109,2023년 7월 1일 09시,토요일,강원특별자치도 원주시 판부면,경상사고,0,0,2,0,차대차 - 추돌,안전거리미확보,건조,맑음,단일로 - 기타,건설기계,남,56세,기타불명,승용,남,66세,경상
2023070100100110,2023년 7월 1일 09시,토요일,강원도 태백시 통동,경상사고,0,0,3,0,차대차 - 측면충돌,안전운전불이행,건조,맑음,교차로 - 교차로부근,승용,여,60세,상해없음,승용,여,63세,경상
2023070100100134,2023년 7월 1일 10시,토요일,강원특별자치도 춘천시 효자동,부상신고사고,0,0,0,1,차대차 - 측면충돌,교차로운행방법위반,건조,맑음,교차로 - 교차로안,승용,여,60세,상해없음,이륜,남,56세,부상신고
2023070100100135,2023년 7월 1일 10시,토요일,강원특별자치도 강릉시 교동,경상사고,0,0,1,0,차대차 - 기타,안전운전불이행,건조,맑음,기타 - 기타,승용,남,27세,상해없음,승용,여,50세,경상
2023070100100173,2023년 7월 1일 11시,토요일,강원도 원주시 개운동,경상사고,0,0,2,0,차대차 - 후진중충돌,안전운전불이행,건조,맑음,기타 - 기타,화물,남,71세,상해없음,승용,남,39세,경상
2023070100100174,2023년 7월 1일 11시,토요일,강원도 영월군 한반도면,경상사고,0,0,1,0,차대차 - 측면충돌,직진우회전진행방해,건조,맑음,교차로 - 교차로안,승용,남,72세,상해없음,화물,남,60세,경상
2023070100100204,2023년 7월 1일 12시,토요일,강원도 속초시 교동,경상사고,0,0,1,0,차대차 - 측면충돌,교차로운행방법위반,건조,맑음,교차로 - 교차로안,이륜,남,35세,기타불명,승용,남,53세,경상
2023070100100205,2023년 7월 1일 12시,토요일,강원도 홍천군 홍천읍,경상사고,0,0,1,0,차대차 - 측면충돌,안전거리미확보,건조,맑음,단일로 - 기타,승용,여,46세,상해없음,이륜,남,43세,경상
2023070100100234,2023년 7월 1일 13시,토요일,강원특별자치도 원주시 단구동,경상사고,0,0,1,0,차대차 - 측면충돌,신호위반,건조,맑음,교차로 - 교차로안,이륜,남,36세,상해없음,이륜,남,41세,경상
2023070100100235,2023년 7월 1일 13시,토요일,강원도 양양군 양양읍,경상사고,0,0,2,0,차대차 - 측면충돌,교차로운행방법위반,건조,맑음,교차로 - 교차로안,승용,여,55세,상해없음,승용,남,70세,경상
2023070100100280,2023년 7월 1일 14시,토요일,강원도 영월군 산솔면,중상사고,0,3,0,7,차대차 - 추돌,직진우회전진행방해,건조,맑음,교차로 - 교차로안,승용,남,82세,부상신고,승용,남,44세,중상