사고번호,사고일시,요일,시군구,사고내용,사망자수,중상자수,경상자수,부상신고자수,사고유형,법규위반,노면상태,기상상태,도로형태,가해운전자 차종,가해운전자 성별,가해운전자 연령,가해운전자 상해정도,피해운전자 차종,피해운전자 성별,피해운전자 연령,피해운전자 상해정도
2023070100100281,2023년 7월 1일 14시,토요일,강원도 평창군 봉평면,경상사고,0,0,1,0,차대차 - 측면충돌,안전운전불이행,건조,맑음,단일로 - 기타,화물,남,69세,상해없음,승용,남,60세,경상
2023070100100320,2023년 7월 1일 15시,토요일,강원특별자치도 속초시 교동,경상사고,0,0,2,0,차대차 - 후진중충돌,안전운전불이행,건조,맑음,단일로 - 기타,승용,여,62세,상해없음,승용,남,49세,경상
2023070100100466,2023년 7월 1일 18시,토요일,강원도 횡성군 서원면,중상사고,0,1,0,0,차대차 - 측면충돌,안전운전불이행,건조,맑음,기타 - 기타,승용,남,52세,기타불명,승용,여,60세,중상
2023070100100500,2023년 7월 1일 19시,토요일,강원특별자치도 원주시 개운동,경상사고,0,0,1,0,차대차 - 추돌,안전거리미확보,건조,맑음,단일로 - 기타,원동기,여,25세,기타불명,승용,남,54세,경상
2023070100100563,2023년 7월 1일 21시,토요일,강원특별자치도 원주시 단계동,경상사고,0,0,1,0,차대차 - 정면충돌,신호위반,건조,맑음,교차로 - 교차로안,이륜,남,15세,상해없음,승용,남,35세,경상
2023070100100564,2023년 7월 1일 21시,토요일,강원도 원주시 반곡동,경상사고,0,0,1,0,차대차 - 측면충돌,안전운전불이행,건조,맑음,단일로 - 기타,승용,남,30세,기타불명,자전거,여,57세,경상
2023070100100565,2023년 7월 1일 21시,토요일,강원특별자치도 동해시 묵호진동,부상신고사고,0,0,0,1,차대사람 - 횡단중,안전운전불이행,건조,맑음,교차로 - 교차로부근,승합,남,67세,상해없음,보행자,남,64세,부상신고
2023070100100595,2023년 7월 1일 22시,토요일,강원도 동해시 송정동,경상사고,0,0,2,0,차대차 - 측면충돌,직진우회전진행방해,건조,맑음,교차로 - 교차로안,개인형이동수단(PM),남,16세,경상,승용,남,64세,상해없음
2023070200100013,2023년 7월 2일 01시,일요일,강원도 평창군 대관령면,경상사고,0,0,1,0,차대차 - 측면충돌,교차로운행방법위반,건조,맑음,교차로 - 교차로안,승용,여,53세,상해없음,승용,남,34세,경상
2023070200100046,2023년 7월 2일 06시,일요일,강원도 평창군 봉평면,중상사고,0,1,0,0,차대차 - 측면충돌,안전운전불이행,건조,맑음,단일로 - 지하차도(도로)내,승용,남,68세,상해없음,자전거,남,69세,중상
2023070200100136,2023년 7월 2일 12시,일요일,강원도 원주시 명륜동,중상사고,0,1,0,0,차대차 - 기타,안전거리미확보,건조,맑음,단일로 - 기타,이륜,남,40세,중상,화물,남,54세,상해없음
2023070200100137,2023년 7월 2일 12시,일요일,강원도 동해시 나안동,경상사고,0,0,2,0,차대차 - 추돌,안전운전불이행,건조,맑음,단일로 - 기타,승용,남,57세,상해없음,승용,여,25세,경상
2023070200100191,2023년 7월 2일 14시,일요일,강원도 원주시 단계동,부상신고사고,0,0,0,2,차대차 - 측면충돌,중앙선침범,건조,맑음,단일로 - 기타,자전거,여,29세,부상신고,이륜,남,43세,부상신고
2023070200100218,2023년 7월 2일 15시,일요일,강원도 횡성군 안흥면,중상사고,0,1,1,0,차대차 - 추돌,안전운전불이행,건조,맑음,단일로 - 기타,승합,남,61세,상해없음,승용,여,58세,중상
2023070200100253,2023년 7월 2일 17시,일요일,강원특별자치도 춘천시 온의동,경상사고,0,0,1,0,차대사람 - 횡단중,보행자보호의무위반,건조,맑음,교차로 - 교차로횡단보도내,기타불명,기타불명,미분류,기타불명,보행자,남,25세,경상
2023070200100254,2023년 7월 2일 17시,일요일,강원특별자치도 춘천시 온의동,부상신고사고,0,0,0,1,차대차 - 기타,안전운전불이행,건조,맑음,교차로 - 교차로부근,승용,여,54세,상해없음,승용,남,32세,부상신고
2023070200100284,2023년 7월 2일 18시,일요일,강원특별자치도 춘천시 후평동,경상사고,0,0,2,0,차대차 - 추돌,교차로운행방법위반,건조,맑음,교차로 - 교차로안,이륜,남,28세,경상,이륜,남,18세,경상
2023070200100359,2023년 7월 2일 21시,일요일,강원특별자치도 춘천시 온의동,중상사고,0,1,0,0,차대차 - 기타,중앙선침범,건조,맑음,교차로 - 교차로부근,승용,남,22세,상해없음,이륜,남,31세,중상
2023070300100004,2023년 7월 3일 00시,월요일,강원도 양구군 양구읍,중상사고,0,2,0,1,차대차 - 측면충돌,안전운전불이행,건조,맑음,교차로 - 교차로안,승용,여,54세,부상신고,승용,남,50세,중상
2023070300100022,2023년 7월 3일 04시,월요일,강원도 강릉시 청량동,경상사고,0,0,2,0,차대차 - 기타,안전운전불이행,건조,맑음,교차로 - 교차로안,승용,여,44세,상해없음,승용,남,51세,경상
2023070300100087,2023년 7월 3일 08시,월요일,강원도 철원군 김화읍,중상사고,0,1,0,0,차대차 - 측면충돌,안전운전불이행,건조,맑음,교차로 - 교차로안,승용,여,56세,상해없음,승용,여,53세,중상
2023070300100140,2023년 7월 3일 09시,월요일,강원도 동해시 쇄운동,경상사고,0,0,1,0,차대차 - 정면충돌,신호위반,건조,맑음,교차로 - 교차로안,화물,남,64세,상해없음,화물,남,54세,경상
2023070300100141,2023년 7월 3일 09시,월요일,강원특별자치도 동해시 천곡동,경상사고,0,0,1,0,차대차 - 기타,안전운전불이행,건조,맑음,단일로 - 기타,승용,남,46세,상해없음,이륜,남,83세,경상
2023070300100174,2023년 7월 3일 10시,월요일,강원도 원주시 단계동,중상사고,0,1,0,0,차대사람 - 횡단중,신호위반,건조,맑음,교차로 - 교차로횡단보도내,승용,여,71세,상해없음,보행자,여,60세,중상
2023070300100175,2023년 7월 3일 10시,월요일,강원도 동해시 묵호진동,경상사고,0,0,1,0,차대차 - 측면충돌,안전운전불이행,건조,맑음,단일로 - 기타,승용,여,56세,상해없음,승용,남,49세,경상
2023070300100215,2023년 7월 3일 11시,월요일,강원특별자치도 강릉시 내곡동,중상사고,0,1,3,0,차대차 - 기타,안전운전불이행,건조,맑음,교차로 - 교차로안,승용,여,72세,중상,승용,남,36세,경상
2023070300100216,2023년 7월 3일 11시,월요일,강원도 원주시 학성동,경상사고,0,0,2,0,차대차 - 측면충돌,안전운전불이행,건조,맑음,교차로 - 교차로안,승합,남,60세,상해없음,승용,남,46세,경상
2023070300100217,2023년 7월 3일 11시,월요일,강원도 평창군 봉평면,중상사고,0,1,0,0,차대차 - 측면충돌,안전운전불이행,건조,맑음,교차로 - 교차로안,화물,남,51세,상해없음,이륜,남,85세,중상
2023070300100218,2023년 7월 3일 11시,월요일,강원도 동해시 용정동,경상사고,0,0,2,0,차대차 - 기타,안전운전불이행,건조,맑음,단일로 - 기타,승용,남,58세,경상,승용,남,25세,상해없음
2023070300100278,2023년 7월 3일 13시,월요일,강원특별자치도 춘천시 효자동,경상사고,0,0,1,0,차대차 - 측면충돌,안전운전불이행,건조,맑음,교차로 - 교차로부근,승용,여,26세,상해없음,승용,남,39세,경상
2023070300100279,2023년 7월 3일 13시,월요일,강원특별자치도 춘천시 퇴계동,경상사고,0,0,1,0,차대차 - 기타,안전운전불이행,건조,맑음,단일로 - 기타,승용,남,59세,상해없음,승용,남,53세,기타불명
2023070300100280,2023년 7월 3일 13시,월요일,강원도 원주시 우산동,경상사고,0,0,5,0,차대차 - 기타,안전거리미확보,건조,맑음,단일로 - 기타,승용,여,56세,기타불명,승용,남,75세,경상
2023070300100281,2023년 7월 3일 13시,월요일,강원도 원주시 소초면,경상사고,0,0,3,0,차대차 - 추돌,안전운전불이행,건조,맑음,단일로 - 기타,승합,남,63세,상해없음,화물,남,38세,상해없음
2023070300100321,2023년 7월 3일 14시,월요일,강원도 원주시 행구동,중상사고,0,1,0,0,차대차 - 추돌,기타,건조,맑음,단일로 - 지하차도(도로)내,승용,남,43세,상해없음,승용,여,48세,중상
2023070300100322,2023년 7월 3일 14시,월요일,강원도 화천군 간동면,중상사고,0,1,0,0,차대사람 - 횡단중,안전운전불이행,건조,맑음,교차로 - 교차로안,승합,남,56세,상해없음,보행자,남,82세,중상
2023070300100323,2023년 7월 3일 14시,월요일,강원도 동해시 신흥동,중상사고,0,1,0,0,차대차 - 추돌,안전운전불이행,건조,맑음,단일로 - 기타,건설기계,남,65세,상해없음,승용,여,64세,중상
2023070300100463,2023년 7월 3일 18시,월요일,강원도 원주시 명륜동,중상사고,0,1,2,0,차대차 - 정면충돌,신호위반,건조,맑음,교차로 - 교차로안,승용,남,53세,상해없음,승용,여,45세,중상
2023070300100491,2023년 7월 3일 19시,월요일,강원특별자치도 횡성군 우천면,경상사고,0,0,1,0,차대차 - 측면충돌,신호위반,건조,맑음,교차로 - 교차로안,승용,남,67세,상해없음,화물,남,53세,경상
2023070300100513,2023년 7월 3일 20시,월요일,강원도 속초시 대포동,중상사고,0,1,0,0,차대차 - 측면충돌,신호위반,건조,맑음,교차로 - 교차로부근,승용,여,50세,상해없음,승용,여,68세,중상
2023070400100053,2023년 7월 4일 06시,화요일,강원도 삼척시 남양동,중상사고,0,1,0,0,차대차 - 측면충돌,신호위반,건조,맑음,교차로 - 교차로안,승용,남,54세,상해없음,자전거,남,67세,중상
2023070400100109,2023년 7월 4일 08시,화요일,강원특별자치도 춘천시 삼천동,부상신고사고,0,0,0,2,차대차 - 추돌,안전거리미확보,건조,맑음,단일로 - 기타,승용,남,68세,상해없음,승용,남,37세,부상신고
2023070400100265,2023년 7월 4일 13시,화요일,강원도 강릉시 교동,경상사고,0,0,1,0,차대차 - 측면충돌,안전운전불이행,건조,맑음,교차로 - 교차로안,승용,여,51세,기타불명,승용,남,78세,경상
2023070400100266,2023년 7월 4일 13시,화요일,강원도 원주시 우산동,경상사고,0,0,2,0,차대차 - 측면충돌,안전운전불이행,건조,흐림,단일로 - 기타,승용,남,58세,기타불명,승용,남,57세,경상
2023070400100322,2023년 7월 4일 15시,화요일,강원도 강릉시 홍제동,중상사고,0,1,0,0,차대차 - 측면충돌,안전운전불이행,건조,맑음,교차로 - 교차로안,화물,남,41세,기타불명,승용,남,66세,중상
2023070400100323,2023년 7월 4일 15시,화요일,강원도 횡성군 횡성읍,중상사고,0,1,0,0,차대사람 - 횡단중,안전운전불이행,젖음/습기,비,교차로 - 교차로부근,화물,남,54세,상해없음,보행자,여,64세,중상
2023070400100363,2023년 7월 4일 16시,화요일,강원도 횡성군 횡성읍,부상신고사고,0,0,0,4,차대차 - 측면충돌,안전운전불이행,젖음/습기,비,교차로 - 교차로안,승용,남,80세,상해없음,화물,남,61세,부상신고
2023070400100398,2023년 7월 4일 17시,화요일,강원특별자치도 원주시 무실동,중상사고,0,1,0,0,차량단독 - 공작물충돌,안전운전불이행,젖음/습기,비,단일로 - 기타,화물,남,59세,상해없음,,,,
2023070400100445,2023년 7월 4일 18시,화요일,강원특별자치도 춘천시 퇴계동,경상사고,0,0,1,0,차대차 - 후진중충돌,안전운전불이행,젖음/습기,비,단일로 - 기타,승합,남,70세,상해없음,승용,남,30세,경상
2023070400100488,2023년 7월 4일 19시,화요일,강원특별자치도 춘천시 근화동,경상사고,0,0,1,0,차대사람 - 횡단중,보행자보호의무위반,젖음/습기,비,교차로 - 교차로안,승용,남,62세,상해없음,보행자,여,34세,경상
2023070400100489,2023년 7월 4일 19시,화요일,강원특별자치도 춘천시 퇴계동,경상사고,0,0,1,0,차대차 - 후진중충돌,안전운전불이행,젖음/습기,비,기타 - 기타,승용,남,65세,상해없음,승용,남,24세,경상
2023070400100490,2023년 7월 4일 19시,화요일,강원도 태백시 황지동,경상사고,0,0,1,0,차대차 - 측면충돌,교차로운행방법위반,기타,비,교차로 - 교차로안,승용,여,62세,상해없음,승용,여,57세,경상
2023070400100491,2023년 7월 4일 19시,화요일,강원도 철원군 근남면,경상사고,0,0,1,0,차대차 - 측면충돌,안전운전불이행,젖음/습기,비,교차로 - 교차로안,승용,남,29세,상해없음,화물,남,34세,경상
2023070400100529,2023년 7월 4일 20시,화요일,강원특별자치도 춘천시 동면,경상사고,0,0,1,0,차대차 - 측면충돌,교차로운행방법위반,젖음/습기,비,교차로 - 교차로안,승용,여,61세,상해없음,승용,남,68세,경상
2023070400100530,2023년 7월 4일 20시,화요일,강원특별자치도 동해시 효가동,경상사고,0,0,1,0,차대차 - 정면충돌,안전운전불이행,건조,맑음,단일로 - 기타,개인형이동수단(PM),남,17세,기타불명,승용,여,30세,경상
2023070400100617,2023년 7월 4일 23시,화요일,강원특별자치도 평창군 봉평면,경상사고,0,0,1,0,차량단독 - 공작물충돌,안전운전불이행,젖음/습기,비,단일로 - 지하차도(도로)내,승용,남,37세,경상,,,,
2023070400100618,2023년 7월 4일 23시,화요일,강원도 평창군 봉평면,사망사고,1,0,0,0,차량단독 - 공작물충돌,안전운전불이행,젖음/습기,비,단일로 - 기타,화물,남,56세,사망,,,,
2023070500100014,2023년 7월 5일 01시,수요일,강원특별자치도 춘천시 신북읍,경상사고,0,0,2,0,차량단독 - 기타,안전운전불이행,젖음/습기,비,단일로 - 기타,승용,여,55세,상해없음,,,,
2023070500100082,2023년 7월 5일 08시,수요일,강원도 양양군 강현면,경상사고,0,0,1,0,차대사람 - 길가장자리구역통행중,안전운전불이행,건조,맑음,단일로 - 기타,화물,남,57세,상해없음,보행자,여,63세,경상
2023070500100157,2023년 7월 5일 10시,수요일,강원도 양구군 양구읍,중상사고,0,1,4,0,차대차 - 추돌,안전운전불이행,건조,맑음,단일로 - 기타,승용,여,68세,경상,승용,남,63세,중상
2023070500100226,2023년 7월 5일 12시,수요일,강원특별자치도 영월군 무릉도원면,경상사고,0,0,3,0,차대차 - 정면충돌,안전운전불이행,젖음/습기,맑음,단일로 - 기타,승용,여,65세,경상,승용,여,55세,경상
2023070500100255,2023년 7월 5일 13시,수요일,강원특별자치도 춘천시 신북읍,부상신고사고,0,0,0,1,차대차 - 후진중충돌,안전운전불이행,건조,맑음,교차로 - 교차로안,화물,남,60세,상해없음,승용,여,77세,부상신고
2023070500100320,2023년 7월 5일 15시,수요일,강원도 원주시 단계동,중상사고,0,1,1,0,차대차 - 측면충돌,직진우회전진행방해,건조,맑음,교차로 - 교차로안,승용,여,60세,경상,승용,남,66세,중상
2023070500100349,2023년 7월 5일 16시,수요일,강원특별자치도 춘천시 우두동,경상사고,0,0,2,2,차대차 - 기타,교차로운행방법위반,건조,맑음,교차로 - 교차로안,승용,남,30세,부상신고,승용,남,38세,경상
2023070500100350,2023년 7월 5일 16시,수요일,강원특별자치도 춘천시 퇴계동,경상사고,0,0,2,0,차대차 - 측면충돌,안전운전불이행,건조,맑음,교차로 - 교차로안,승합,남,80세,상해없음,이륜,남,15세,경상
2023070500100351,2023년 7월 5일 16시,수요일,강원도 동해시 삼화동,중상사고,0,2,0,0,차대사람 - 차도통행중,안전운전불이행,건조,맑음,단일로 - 기타,승용,여,53세,상해없음,보행자,남,62세,중상
2023070500100397,2023년 7월 5일 17시,수요일,강원도 강릉시 교동,중상사고,0,1,0,0,차대사람 - 횡단중,보행자보호의무위반,건조,맑음,교차로 - 교차로횡단보도내,승용,남,56세,상해없음,보행자,남,71세,중상
2023070500100398,2023년 7월 5일 17시,수요일,강원도 태백시 황지동,경상사고,0,0,2,0,차대차 - 기타,직진우회전진행방해,건조,맑음,교차로 - 교차로안,승용,여,50세,상해없음,승용,여,44세,경상
2023070500100399,2023년 7월 5일 17시,수요일,강원도 정선군 고한읍,경상사고,0,0,1,0,차대차 - 기타,안전거리미확보,건조,맑음,단일로 - 기타,승용,남,62세,상해없음,승용,남,39세,경상
2023070500100400,2023년 7월 5일 17시,수요일,강원도 고성군 거진읍,경상사고,0,0,1,0,차대차 - 기타,안전운전불이행,건조,맑음,교차로 - 교차로안,승용,남,28세,상해없음,자전거,여,72세,경상
2023070500100499,2023년 7월 5일 20시,수요일,강원도 동해시 발한동,중상사고,0,1,0,0,차대사람 - 횡단중,안전운전불이행,건조,맑음,단일로 - 기타,승용,남,61세,상해없음,보행자,남,6세,중상
2023070600100067,2023년 7월 6일 07시,목요일,강원도 횡성군 우천면,중상사고,0,1,1,0,차대차 - 측면충돌,안전운전불이행,건조,맑음,단일로 - 기타,승용,남,26세,상해없음,이륜,남,87세,중상
2023070600100161,2023년 7월 6일 09시,목요일,강원도 평창군 평창읍,중상사고,0,1,1,0,차대차 - 측면충돌,신호위반,건조,맑음,교차로 - 교차로안,승용,남,48세,중상,화물,남,60세,경상
2023070600100231,2023년 7월 6일 11시,목요일,강원특별자치도 춘천시 퇴계동,경상사고,0,0,2,0,차대차 - 측면충돌,신호위반,건조,맑음,교차로 - 교차로안,승용,여,52세,상해없음,승용,남,76세,경상
2023070600100232,2023년 7월 6일 11시,목요일,강원도 정선군 고한읍,경상사고,0,0,3,0,차대차 - 추돌,안전운전불이행,건조,맑음,기타 - 기타,승용,남,68세,상해없음,승용,여,44세,경상
2023070600100256,2023년 7월 6일 12시,목요일,강원특별자치도 춘천시 석사동,중상사고,0,1,0,0,차량단독 - 기타,안전운전불이행,건조,맑음,교차로 - 교차로안,이륜,남,16세,상해없음,,,,
2023070600100257,2023년 7월 6일 12시,목요일,강원특별자치도 춘천시 소양로1가,경상사고,0,0,1,0,차대사람 - 기타,안전운전불이행,건조,맑음,단일로 - 기타,개인형이동수단(PM),남,18세,상해없음,보행자,여,39세,경상
2023070600100258,2023년 7월 6일 12시,목요일,강원도 철원군 철원읍,경상사고,0,0,2,0,차량단독 - 공작물충돌,안전운전불이행,건조,맑음,주차장 - 주차장,승용,여,63세,상해없음,,,,
2023070600100312,2023년 7월 6일 14시,목요일,강원특별자치도 춘천시 교동,경상사고,0,0,2,0,차대차 - 기타,안전거리미확보,건조,맑음,단일로 - 기타,승용,남,62세,기타불명,승용,남,43세,경상
2023070600100313,2023년 7월 6일 14시,목요일,강원특별자치도 속초시 조양동,경상사고,0,0,4,0,차대차 - 측면충돌,직진우회전진행방해,건조,맑음,교차로 - 교차로안,승용,여,38세,경상,승용,남,55세,경상
2023070600100340,2023년 7월 6일 15시,목요일,강원특별자치도 강릉시 운정동,경상사고,0,0,1,0,차대차 - 측면충돌,안전운전불이행,건조,맑음,교차로 - 교차로안,승용,여,67세,기타불명,승용,남,27세,경상
2023070600100376,2023년 7월 6일 16시,목요일,강원특별자치도 춘천시 효자동,경상사고,0,0,1,0,차량단독 - 전도전복 - 전도,안전운전불이행,건조,맑음,교차로 - 교차로부근,이륜,남,24세,경상,,,,
2023070600100377,2023년 7월 6일 16시,목요일,강원도 원주시 단구동,중상사고,0,1,0,0,차대차 - 측면충돌,안전운전불이행,건조,맑음,교차로 - 교차로부근,승용,남,60세,상해없음,이륜,남,50세,중상
2023070600100420,2023년 7월 6일 17시,목요일,강원도 원주시 우산동,경상사고,0,0,1,0,차대차 - 측면충돌,기타,건조,맑음,교차로 - 교차로안,승용,남,22세,상해없음,승용,여,23세,경상
2023070600100460,2023년 7월 6일 18시,목요일,강원도 동해시 쇄운동,경상사고,0,0,1,0,차대차 - 측면충돌,안전운전불이행,건조,맑음,단일로 - 기타,승용,남,42세,상해없음,승용,남,25세,경상
2023070600100490,2023년 7월 6일 19시,목요일,강원도 강릉시 포남동,경상사고,0,0,1,0,차대차 - 기타,안전운전불이행,건조,맑음,기타 - 기타,승용,남,40세,기타불명,자전거,남,50세,경상
2023070600100534,2023년 7월 6일 21시,목요일,강원특별자치도 춘천시 석사동,중상사고,0,1,0,0,차대차 - 측면충돌,신호위반,건조,맑음,교차로 - 교차로안,승합,남,45세,상해없음,이륜,남,71세,중상
2023070600100535,2023년 7월 6일 21시,목요일,강원도 속초시 교동,중상사고,0,1,0,0,차대차 - 측면충돌,안전운전불이행,건조,흐림,단일로 - 기타,승용,남,65세,상해없음,승용,여,19세,중상
2023070600100536,2023년 7월 6일 21시,목요일,강원도 동해시 평릉동,경상사고,0,0,1,0,차대차 - 측면충돌,직진우회전진행방해,건조,맑음,교차로 - 교차로안,승용,여,43세,상해없음,승용,남,62세,경상
2023070700100007,2023년 7월 7일 01시,금요일,강원특별자치도 강릉시 강동면,경상사고,0,0,1,0,차대차 - 기타,안전운전불이행,건조,맑음,기타 - 기타,승용,남,62세,상해없음,승용,남,36세,경상
2023070700100015,2023년 7월 7일 02시,금요일,강원도 속초시 조양동,중상사고,0,1,0,0,차대차 - 추돌,안전운전불이행,건조,맑음,단일로 - 지하차도(도로)내,이륜,남,19세,상해없음,승용,남,41세,중상
2023070700100039,2023년 7월 7일 06시,금요일,강원특별자치도 춘천시 효자동,중상사고,0,1,1,0,차대차 - 측면충돌,신호위반,건조,맑음,교차로 - 교차로안,승용,여,55세,중상,승용,남,64세,경상
2023070700100040,2023년 7월 7일 06시,금요일,강원도 삼척시 사직동,중상사고,0,1,0,0,차대사람 - 기타,안전운전불이행,건조,맑음,단일로 - 기타,화물,남,47세,상해없음,보행자,남,67세,중상
2023070700100133,2023년 7월 7일 09시,금요일,강원도 원주시 단계동,경상사고,0,0,1,0,차대차 - 측면충돌,안전운전불이행,건조,맑음,교차로 - 교차로안,이륜,남,60세,기타불명,승용,여,50세,경상
2023070700100161,2023년 7월 7일 10시,금요일,강원도 인제군 북면,중상사고,0,1,3,0,차대차 - 측면충돌,안전운전불이행,건조,맑음,단일로 - 기타,승용,여,60세,상해없음,승용,여,28세,경상
2023070700100273,2023년 7월 7일 13시,금요일,강원도 강릉시 내곡동,경상사고,0,0,2,0,차대차 - 정면충돌,중앙선침범,건조,맑음,단일로 - 기타,승용,남,65세,상해없음,화물,남,79세,경상
2023070700100274,2023년 7월 7일 13시,금요일,강원도 태백시 황지동,경상사고,0,0,1,0,차대사람 - 차도통행중,안전운전불이행,건조,맑음,교차로 - 교차로안,승용,남,60세,상해없음,보행자,여,7세,경상
2023070700100314,2023년 7월 7일 14시,금요일,강원도 강릉시 사천면,경상사고,0,0,1,0,차대차 - 추돌,안전운전불이행,건조,맑음,교차로 - 교차로부근,승용,남,56세,상해없음,승용,남,69세,경상
2023070700100347,2023년 7월 7일 15시,금요일,강원도 인제군 인제읍,중상사고,0,2,2,0,차대차 - 정면충돌,안전운전불이행,건조,맑음,교차로 - 교차로안,화물,남,68세,상해없음,승용,남,31세,중상
2023070700100396,2023년 7월 7일 16시,금요일,강원도 평창군 대화면,사망사고,1,0,0,0,차량단독 - 공작물충돌,안전운전불이행,건조,맑음,단일로 - 지하차도(도로)내,사륜오토바이(ATV),남,81세,사망,,,,
2023070700100463,2023년 7월 7일 17시,금요일,강원특별자치도 춘천시 신북읍,경상사고,0,0,1,0,차대차 - 기타,중앙선침범,건조,맑음,단일로 - 기타,화물,남,66세,상해없음,승용,여,57세,경상
2023070700100513,2023년 7월 7일 18시,금요일,강원특별자치도 삼척시 교동,경상사고,0,0,2,0,차대차 - 측면충돌,직진우회전진행방해,건조,흐림,교차로 - 교차로안,승용,남,34세,상해없음,승용,여,27세,경상
2023070700100552,2023년 7월 7일 19시,금요일,강원특별자치도 춘천시 동내면,중상사고,0,2,0,0,차대차 - 추돌,안전운전불이행,건조,맑음,단일로 - 기타,승용,남,60세,상해없음,승용,남,26세,중상
2023070700100553,2023년 7월 7일 19시,금요일,강원도 화천군 사내면,경상사고,0,0,3,0,차대차 - 후진중충돌,안전운전불이행,건조,맑음,단일로 - 기타,승용,여,67세,상해없음,승용,남,54세,경상
2023070700100578,2023년 7월 7일 20시,금요일,강원도 홍천군 홍천읍,경상사고,0,0,1,0,차대차 - 추돌,안전운전불이행,건조,맑음,교차로 - 교차로부근,승용,남,65세,상해없음,승용,남,22세,경상
2023070700100608,2023년 7월 7일 21시,금요일,강원특별자치도 홍천군 홍천읍,경상사고,0,0,1,0,차대차 - 추돌,안전운전불이행,건조,맑음,교차로 - 교차로부근,승용,남,65세,상해없음,승용,남,28세,경상
2023070700100609,2023년 7월 7일 21시,금요일,강원도 동해시 천곡동,경상사고,0,0,1,0,차대차 - 측면충돌,안전운전불이행,건조,맑음,교차로 - 교차로부근,승용,여,55세,상해없음,승용,남,32세,경상
2023070700100639,2023년 7월 7일 22시,금요일,강원도 삼척시 도계읍,경상사고,0,0,2,0,차대차 - 기타,안전운전불이행,기타,맑음,단일로 - 기타,승용,남,69세,상해없음,승용,남,37세,경상
2023070800100026,2023년 7월 8일 01시,토요일,강원도 원주시 개운동,경상사고,0,0,3,0,차대차 - 기타,신호위반,건조,맑음,교차로 - 교차로안,승용,남,34세,상해없음,승용,여,64세,경상
2023070800100057,2023년 7월 8일 05시,토요일,강원특별자치도 춘천시 퇴계동,중상사고,0,1,0,0,차대차 - 측면충돌,안전운전불이행,건조,맑음,교차로 - 교차로안,승용,남,63세,상해없음,자전거,남,69세,중상
2023070800100137,2023년 7월 8일 10시,토요일,강원특별자치도 춘천시 우두동,부상신고사고,0,0,0,1,차대사람 - 횡단중,안전운전불이행,건조,맑음,단일로 - 기타,화물,여,47세,상해없음,보행자,여,82세,부상신고
2023070800100138,2023년 7월 8일 10시,토요일,강원특별자치도 춘천시 후평동,경상사고,0,0,1,0,차대차 - 측면충돌,안전운전불이행,건조,맑음,교차로 - 교차로안,승용,남,69세,상해없음,승용,남,81세,상해없음
2023070800100166,2023년 7월 8일 11시,토요일,강원도 정선군 신동읍,경상사고,0,0,1,0,차대사람 - 차도통행중,안전운전불이행,건조,맑음,기타 - 기타,승용,남,66세,상해없음,보행자,여,11세,경상
2023070800100196,2023년 7월 8일 12시,토요일,강원특별자치도 춘천시 퇴계동,경상사고,0,0,1,0,차대차 - 기타,안전운전불이행,건조,맑음,교차로 - 교차로안,승용,남,26세,기타불명,승용,여,25세,경상
2023070800100197,2023년 7월 8일 12시,토요일,강원특별자치도 춘천시 퇴계동,경상사고,0,0,3,0,차대차 - 기타,차로위반,건조,맑음,단일로 - 기타,승용,남,32세,상해없음,승용,남,33세,경상
2023070800100198,2023년 7월 8일 12시,토요일,강원특별자치도 고성군 죽왕면,중상사고,0,1,0,0,차대차 - 추돌,안전운전불이행,건조,맑음,단일로 - 기타,화물,남,57세,상해없음,승용,여,66세,중상
2023070800100275,2023년 7월 8일 14시,토요일,강원특별자치도 평창군 용평면,사망사고,1,0,1,0,차대차 - 정면충돌,중앙선침범,건조,맑음,단일로 - 지하차도(도로)내,이륜,남,61세,사망,건설기계,남,55세,경상
2023070800100304,2023년 7월 8일 15시,토요일,강원도 횡성군 횡성읍,경상사고,0,0,1,0,차대차 - 측면충돌,안전운전불이행,건조,맑음,교차로 - 교차로안,승합,남,22세,상해없음,승용,남,23세,경상
2023070800100336,2023년 7월 8일 16시,토요일,강원도 홍천군 화촌면,중상사고,0,1,0,0,차대사람 - 횡단중,안전거리미확보,건조,맑음,단일로 - 지하차도(도로)내,승용,남,52세,상해없음,보행자,남,17세,중상
2023070800100371,2023년 7월 8일 17시,토요일,강원도 춘천시 남산면,부상신고사고,0,0,0,1,차대사람 - 차도통행중,안전운전불이행,건조,맑음,단일로 - 기타,승용,기타불명,미분류,기타불명,보행자,여,22세,부상신고
2023070800100372,2023년 7월 8일 17시,토요일,강원특별자치도 원주시 흥업면,경상사고,0,0,1,0,차대차 - 정면충돌,신호위반,건조,맑음,교차로 - 교차로안,승용,여,56세,상해없음,승용,남,67세,경상
2023070800100402,2023년 7월 8일 18시,토요일,강원도 횡성군 갑천면,경상사고,0,0,1,0,차대차 - 후진중충돌,안전운전불이행,기타,흐림,단일로 - 기타,승합,남,43세,상해없음,승용,여,40세,경상
2023070800100434,2023년 7월 8일 19시,토요일,강원특별자치도 춘천시 조양동,중상사고,0,1,0,0,차대사람 - 횡단중,신호위반,건조,맑음,교차로 - 교차로횡단보도내,이륜,남,24세,상해없음,보행자,여,82세,중상