사고번호,사고일시,요일,시군구,사고내용,사망자수,중상자수,경상자수,부상신고자수,사고유형,법규위반,노면상태,기상상태,도로형태,가해운전자 차종,가해운전자 성별,가해운전자 연령,가해운전자 상해정도,피해운전자 차종,피해운전자 성별,피해운전자 연령,피해운전자 상해정도
2023071600100302,2023년 7월 16일 20시,일요일,강원특별자치도 원주시 호저면,경상사고,0,0,1,0,차량단독 - 공작물충돌,안전운전불이행,건조,맑음,단일로 - 기타,이륜,남,59세,경상,,,,
2023071600100355,2023년 7월 16일 23시,일요일,강원도 원주시 단구동,경상사고,0,0,1,0,차대차 - 추돌,안전운전불이행,건조,흐림,단일로 - 기타,기타불명,기타불명,미분류,기타불명,승용,남,24세,경상
2023071700100032,2023년 7월 17일 04시,월요일,강원도 정선군 임계면,중상사고,0,1,0,0,차량단독 - 공작물충돌,안전운전불이행,젖음/습기,비,기타 - 기타,승용,남,61세,중상,,,,
2023071700100066,2023년 7월 17일 07시,월요일,강원특별자치도 인제군 인제읍,경상사고,0,0,1,0,차대사람 - 기타,안전운전불이행,건조,맑음,단일로 - 터널,승용,남,23세,상해없음,보행자,여,32세,경상
2023071700100101,2023년 7월 17일 08시,월요일,강원도 인제군 남면,경상사고,0,0,2,0,차대차 - 측면충돌,안전운전불이행,건조,맑음,교차로 - 교차로안,승용,남,66세,상해없음,승용,남,67세,경상
2023071700100146,2023년 7월 17일 09시,월요일,강원특별자치도 강릉시 홍제동,경상사고,0,0,1,0,차대차 - 기타,안전운전불이행,건조,맑음,기타 - 기타,건설기계,남,62세,상해없음,승용,남,33세,경상
2023071700100147,2023년 7월 17일 09시,월요일,강원도 원주시 단계동,경상사고,0,0,1,0,차대차 - 기타,신호위반,건조,맑음,교차로 - 교차로안,승용,여,28세,상해없음,승용,남,62세,경상
2023071700100236,2023년 7월 17일 12시,월요일,강원특별자치도 춘천시 온의동,경상사고,0,0,1,3,차대차 - 측면충돌,안전거리미확보,건조,맑음,교차로 - 교차로부근,승용,남,78세,상해없음,승용,남,44세,부상신고
2023071700100264,2023년 7월 17일 13시,월요일,강원특별자치도 원주시 행구동,경상사고,0,0,1,0,차대차 - 측면충돌,안전운전불이행,건조,기타,단일로 - 기타,승용,여,62세,상해없음,승용,여,60세,경상
2023071700100296,2023년 7월 17일 14시,월요일,강원도 삼척시 교동,중상사고,0,1,0,0,차대차 - 기타,안전운전불이행,기타,맑음,단일로 - 기타,이륜,남,34세,중상,승용,여,41세,상해없음
2023071700100367,2023년 7월 17일 16시,월요일,강원도 강릉시 입암동,경상사고,0,0,1,0,차대사람 - 차도통행중,안전운전불이행,건조,맑음,기타 - 기타,화물,남,52세,상해없음,보행자,여,73세,경상
2023071700100368,2023년 7월 17일 16시,월요일,강원도 원주시 관설동,경상사고,0,0,1,0,차대사람 - 기타,안전운전불이행,건조,맑음,단일로 - 기타,승용,남,63세,상해없음,보행자,남,18세,경상
2023071700100403,2023년 7월 17일 17시,월요일,강원특별자치도 원주시 중앙동,경상사고,0,0,1,0,차대차 - 측면충돌,기타,건조,맑음,교차로 - 교차로안,승용,남,56세,기타불명,승용,남,31세,경상
2023071700100551,2023년 7월 17일 22시,월요일,강원도 양양군 양양읍,중상사고,0,1,0,0,차대차 - 측면충돌,교차로운행방법위반,젖음/습기,비,교차로 - 교차로안,승용,여,32세,상해없음,개인형이동수단(PM),남,62세,중상
2023071700100552,2023년 7월 17일 22시,월요일,강원도 속초시 동명동,중상사고,0,1,2,0,차대차 - 측면충돌,안전거리미확보,건조,맑음,단일로 - 기타,자전거,남,54세,중상,승용,남,20세,경상
2023071800100029,2023년 7월 18일 03시,화요일,강원도 속초시 교동,경상사고,0,0,1,0,차대차 - 측면충돌,안전운전불이행,젖음/습기,비,교차로 - 교차로안,승용,남,59세,상해없음,이륜,남,21세,경상
2023071800100129,2023년 7월 18일 09시,화요일,강원특별자치도 춘천시 후평동,중상사고,0,1,1,0,차대차 - 기타,직진우회전진행방해,젖음/습기,흐림,교차로 - 교차로안,이륜,남,43세,중상,승용,남,41세,경상
2023071800100216,2023년 7월 18일 12시,화요일,강원특별자치도 동해시 효가동,경상사고,0,0,2,0,차대차 - 추돌,안전운전불이행,젖음/습기,비,단일로 - 기타,승용,남,50세,상해없음,승용,남,19세,경상
2023071800100247,2023년 7월 18일 13시,화요일,강원도 화천군 사내면,경상사고,0,0,1,0,차대차 - 측면충돌,중앙선침범,건조,맑음,교차로 - 교차로안,화물,남,74세,상해없음,화물,남,65세,경상
2023071800100277,2023년 7월 18일 14시,화요일,강원도 춘천시 동내면,부상신고사고,0,0,0,3,차량단독 - 공작물충돌,안전운전불이행,젖음/습기,흐림,단일로 - 기타,특수,남,23세,상해없음,,,,
2023071800100278,2023년 7월 18일 14시,화요일,강원도 영월군 남면,중상사고,0,2,0,0,차량단독 - 공작물충돌,안전운전불이행,젖음/습기,비,단일로 - 기타,승용,남,54세,상해없음,,,,
2023071800100279,2023년 7월 18일 14시,화요일,강원특별자치도 인제군 북면,중상사고,0,1,0,0,차량단독 - 기타,안전운전불이행,건조,흐림,기타 - 기타,승용,남,76세,상해없음,,,,
2023071800100343,2023년 7월 18일 16시,화요일,강원도 원주시 원동,중상사고,0,1,0,0,차대사람 - 횡단중,보행자보호의무위반,젖음/습기,비,교차로 - 교차로횡단보도내,승용,남,73세,상해없음,보행자,여,80세,중상
2023071800100375,2023년 7월 18일 17시,화요일,강원특별자치도 춘천시 교동,경상사고,0,0,1,0,차대사람 - 횡단중,보행자보호의무위반,건조,맑음,기타 - 기타,승용,남,24세,상해없음,보행자,여,21세,경상
2023071800100376,2023년 7월 18일 17시,화요일,강원도 속초시 교동,경상사고,0,0,1,0,차대차 - 측면충돌,안전운전불이행,건조,맑음,교차로 - 교차로부근,승용,남,71세,상해없음,승용,남,80세,상해없음
2023071800100377,2023년 7월 18일 17시,화요일,강원도 정선군 사북읍,경상사고,0,0,1,0,차대차 - 정면충돌,중앙선침범,젖음/습기,비,단일로 - 기타,승용,남,18세,상해없음,승용,남,31세,경상
2023071900100023,2023년 7월 19일 03시,수요일,강원도 원주시 우산동,중상사고,0,1,0,0,차량단독 - 공작물충돌,안전운전불이행,젖음/습기,흐림,단일로 - 기타,승용,남,23세,상해없음,,,,
2023071900100099,2023년 7월 19일 08시,수요일,강원특별자치도 춘천시 퇴계동,부상신고사고,0,0,0,1,차대차 - 추돌,안전운전불이행,건조,맑음,교차로 - 교차로부근,화물,남,33세,상해없음,승용,여,55세,부상신고
2023071900100139,2023년 7월 19일 09시,수요일,강원도 원주시 학성동,경상사고,0,0,1,0,차대차 - 기타,안전운전불이행,건조,맑음,기타 - 기타,화물,남,59세,상해없음,승용,남,35세,경상
2023071900100180,2023년 7월 19일 10시,수요일,강원특별자치도 원주시 태장동,경상사고,0,0,1,0,차대차 - 기타,안전운전불이행,건조,맑음,단일로 - 기타,승용,남,75세,상해없음,화물,남,24세,경상
2023071900100253,2023년 7월 19일 12시,수요일,강원특별자치도 춘천시 후평동,부상신고사고,0,0,0,1,차대사람 - 횡단중,안전운전불이행,건조,맑음,교차로 - 교차로부근,기타불명,기타불명,미분류,기타불명,보행자,남,59세,부상신고
2023071900100254,2023년 7월 19일 12시,수요일,강원도 원주시 학성동,경상사고,0,0,1,0,차대차 - 추돌,안전운전불이행,건조,맑음,교차로 - 교차로부근,승용,남,31세,상해없음,승용,여,63세,경상
2023071900100255,2023년 7월 19일 12시,수요일,강원특별자치도 원주시 단계동,경상사고,0,0,1,0,차대차 - 후진중충돌,안전운전불이행,건조,맑음,교차로 - 교차로안,승용,남,66세,기타불명,승용,여,41세,경상
2023071900100256,2023년 7월 19일 12시,수요일,강원도 원주시 무실동,경상사고,0,0,1,0,차대차 - 기타,안전운전불이행,건조,맑음,교차로 - 교차로안,승용,남,66세,상해없음,승용,여,55세,경상
2023071900100296,2023년 7월 19일 13시,수요일,강원도 원주시 학성동,경상사고,0,0,1,0,차대차 - 측면충돌,안전운전불이행,건조,맑음,교차로 - 교차로부근,화물,남,52세,상해없음,승용,남,52세,경상
2023071900100321,2023년 7월 19일 14시,수요일,강원도 원주시 문막읍,경상사고,0,0,2,0,차대차 - 정면충돌,신호위반,건조,맑음,교차로 - 교차로안,승용,남,69세,기타불명,화물,남,56세,경상
2023071900100492,2023년 7월 19일 18시,수요일,강원도 원주시 관설동,경상사고,0,0,1,0,차대차 - 측면충돌,신호위반,건조,흐림,교차로 - 교차로안,화물,남,53세,상해없음,승용,여,54세,경상
2023071900100493,2023년 7월 19일 18시,수요일,강원특별자치도 원주시 단계동,경상사고,0,0,1,0,차대차 - 기타,안전운전불이행,건조,맑음,단일로 - 기타,승용,남,24세,기타불명,승용,남,47세,경상
2023071900100526,2023년 7월 19일 19시,수요일,강원도 강릉시 홍제동,경상사고,0,0,1,0,차대차 - 기타,신호위반,건조,맑음,교차로 - 교차로횡단보도내,승용,남,48세,상해없음,자전거,남,10세,경상
2023071900100552,2023년 7월 19일 20시,수요일,강원특별자치도 춘천시 효자동,중상사고,0,1,0,0,차대차 - 측면충돌,안전운전불이행,건조,맑음,교차로 - 교차로안,승용,남,61세,상해없음,원동기,남,19세,중상
2023071900100611,2023년 7월 19일 23시,수요일,강원도 강릉시 강문동,중상사고,0,1,0,0,차대사람 - 횡단중,안전운전불이행,건조,맑음,단일로 - 기타,승용,남,31세,상해없음,보행자,여,10세,중상
2023071900100612,2023년 7월 19일 23시,수요일,강원도 속초시 청학동,경상사고,0,0,1,0,차대사람 - 횡단중,보행자보호의무위반,건조,맑음,교차로 - 교차로안,화물,남,62세,상해없음,보행자,남,34세,경상
2023072000100020,2023년 7월 20일 01시,목요일,강원도 동해시 천곡동,중상사고,0,1,0,0,차량단독 - 기타,안전운전불이행,건조,맑음,단일로 - 기타,원동기,남,18세,중상,,,,
2023072000100126,2023년 7월 20일 09시,목요일,강원도 양양군 양양읍,경상사고,0,0,1,0,차대차 - 정면충돌,신호위반,건조,맑음,교차로 - 교차로안,화물,남,72세,기타불명,승용,남,60세,경상
2023072000100163,2023년 7월 20일 10시,목요일,강원도 삼척시 정상동,경상사고,0,0,1,0,차대차 - 측면충돌,안전운전불이행,건조,맑음,교차로 - 교차로안,승용,남,67세,상해없음,화물,남,48세,경상
2023072000100235,2023년 7월 20일 12시,목요일,강원도 양양군 양양읍,경상사고,0,0,4,0,차대차 - 측면충돌,신호위반,건조,맑음,교차로 - 교차로안,화물,여,69세,상해없음,승용,남,50세,경상
2023072000100270,2023년 7월 20일 13시,목요일,강원도 원주시 문막읍,경상사고,0,0,1,0,차대차 - 추돌,안전운전불이행,건조,맑음,교차로 - 교차로안,승용,여,75세,상해없음,승용,남,71세,경상
2023072000100306,2023년 7월 20일 14시,목요일,강원도 원주시 단계동,경상사고,0,0,1,0,차대차 - 측면충돌,안전운전불이행,건조,맑음,교차로 - 교차로횡단보도내,승용,여,60세,상해없음,자전거,남,9세,경상
2023072000100389,2023년 7월 20일 16시,목요일,강원도 양양군 양양읍,경상사고,0,0,1,0,차대차 - 측면충돌,교차로운행방법위반,건조,맑음,교차로 - 교차로안,화물,남,63세,상해없음,이륜,남,21세,경상
2023072000100390,2023년 7월 20일 16시,목요일,강원도 고성군 죽왕면,경상사고,0,0,3,0,차대차 - 추돌,안전운전불이행,건조,맑음,교차로 - 교차로부근,승용,남,58세,상해없음,승용,여,55세,경상
2023072000100391,2023년 7월 20일 16시,목요일,강원도 동해시 발한동,경상사고,0,0,1,0,차대차 - 측면충돌,기타,건조,맑음,교차로 - 교차로안,이륜,남,16세,상해없음,승용,여,48세,경상
2023072000100430,2023년 7월 20일 17시,목요일,강원도 횡성군 횡성읍,중상사고,0,3,0,0,차대차 - 추돌,안전거리미확보,건조,맑음,단일로 - 기타,화물,남,55세,상해없음,승용,남,53세,중상
2023072000100504,2023년 7월 20일 19시,목요일,강원도 강릉시 교동,경상사고,0,0,1,0,차대사람 - 차도통행중,안전운전불이행,건조,맑음,단일로 - 기타,승용,남,20세,상해없음,보행자,남,60세,경상
2023072100100095,2023년 7월 21일 08시,금요일,강원도 원주시 지정면,경상사고,0,0,3,0,차대차 - 추돌,안전운전불이행,건조,맑음,단일로 - 기타,승용,여,31세,상해없음,승용,여,38세,경상
2023072100100096,2023년 7월 21일 08시,금요일,강원도 원주시 문막읍,부상신고사고,0,0,0,1,차대차 - 기타,안전운전불이행,건조,맑음,단일로 - 기타,승용,남,73세,부상신고,승용,기타불명,미분류,기타불명
2023072100100128,2023년 7월 21일 09시,금요일,강원도 양양군 양양읍,경상사고,0,0,2,0,차대차 - 추돌,안전운전불이행,건조,맑음,단일로 - 지하차도(도로)내,승용,여,41세,상해없음,승용,여,36세,경상
2023072100100159,2023년 7월 21일 10시,금요일,강원도 원주시 판부면,중상사고,0,1,5,0,차대차 - 추돌,안전운전불이행,건조,맑음,단일로 - 기타,승용,남,39세,상해없음,승용,남,19세,경상
2023072100100190,2023년 7월 21일 11시,금요일,강원도 원주시 일산동,부상신고사고,0,0,0,1,차대사람 - 횡단중,보행자보호의무위반,건조,맑음,단일로 - 기타,승용,남,51세,상해없음,보행자,여,54세,부상신고
2023072100100191,2023년 7월 21일 11시,금요일,강원도 태백시 황지동,경상사고,0,0,1,0,차대차 - 측면충돌,안전운전불이행,건조,맑음,교차로 - 교차로부근,승용,남,67세,상해없음,승용,여,52세,경상
2023072100100231,2023년 7월 21일 12시,금요일,강원도 양구군 양구읍,중상사고,0,2,4,0,차대차 - 추돌,기타,건조,맑음,단일로 - 기타,승용,여,49세,경상,승용,남,47세,중상
2023072100100232,2023년 7월 21일 12시,금요일,강원도 양구군 양구읍,경상사고,0,0,1,0,차대차 - 측면충돌,교차로운행방법위반,건조,맑음,교차로 - 교차로안,화물,남,60세,상해없음,승용,남,63세,경상
2023072100100317,2023년 7월 21일 14시,금요일,강원특별자치도 춘천시 퇴계동,경상사고,0,0,1,0,차대사람 - 횡단중,교차로운행방법위반,건조,맑음,교차로 - 교차로안,승용,여,58세,상해없음,보행자,여,46세,경상
2023072100100360,2023년 7월 21일 15시,금요일,강원특별자치도 원주시 무실동,경상사고,0,0,1,0,차대차 - 기타,안전거리미확보,건조,맑음,단일로 - 기타,화물,남,64세,상해없음,승용,남,47세,경상
2023072100100408,2023년 7월 21일 16시,금요일,강원도 원주시 태장동,중상사고,0,1,0,0,차대사람 - 보도통행중,보행자보호의무위반,건조,맑음,교차로 - 교차로횡단보도내,승용,남,59세,상해없음,보행자,여,84세,중상
2023072100100457,2023년 7월 21일 17시,금요일,강원도 화천군 하남면,경상사고,0,0,2,0,차대차 - 측면충돌,불법유턴,건조,맑음,단일로 - 기타,화물,남,67세,상해없음,화물,남,55세,경상
2023072100100458,2023년 7월 21일 17시,금요일,강원특별자치도 동해시 천곡동,경상사고,0,0,2,0,차대차 - 추돌,안전거리미확보,건조,맑음,단일로 - 기타,승용,여,58세,상해없음,승용,여,43세,경상
2023072100100522,2023년 7월 21일 18시,금요일,강원도 원주시 단구동,중상사고,0,1,1,0,차대차 - 추돌,안전운전불이행,건조,맑음,단일로 - 기타,승용,남,61세,상해없음,승용,남,41세,상해없음
2023072100100566,2023년 7월 21일 19시,금요일,강원특별자치도 춘천시 중앙로2가,중상사고,0,1,0,0,차대사람 - 기타,교차로운행방법위반,건조,맑음,교차로 - 교차로안,승용,남,37세,상해없음,보행자,여,57세,중상
2023072100100658,2023년 7월 21일 22시,금요일,강원도 홍천군 홍천읍,경상사고,0,0,2,0,차대차 - 정면충돌,안전운전불이행,젖음/습기,비,단일로 - 기타,승용,남,37세,상해없음,승용,남,31세,경상
2023072100100659,2023년 7월 21일 22시,금요일,강원도 동해시 발한동,경상사고,0,0,2,0,차대차 - 측면충돌,신호위반,건조,맑음,교차로 - 교차로안,승용,남,67세,경상,승용,여,59세,경상
2023072200100005,2023년 7월 22일 00시,토요일,강원도 원주시 중앙동,경상사고,0,0,2,0,차대차 - 측면충돌,신호위반,건조,맑음,교차로 - 교차로안,승용,남,60세,상해없음,승용,남,49세,경상
2023072200100077,2023년 7월 22일 07시,토요일,강원특별자치도 원주시 봉산동,경상사고,0,0,1,0,차대사람 - 기타,안전운전불이행,건조,맑음,기타 - 기타,자전거,남,61세,상해없음,보행자,남,65세,경상
2023072200100093,2023년 7월 22일 08시,토요일,강원도 강릉시 교동,경상사고,0,0,1,0,차대차 - 측면충돌,안전운전불이행,건조,맑음,교차로 - 교차로안,화물,남,66세,상해없음,승용,남,45세,경상
2023072200100114,2023년 7월 22일 09시,토요일,강원도 홍천군 남면,사망사고,1,0,0,0,차대차 - 추돌,안전운전불이행,건조,맑음,단일로 - 터널,승용,남,33세,상해없음,농기계,남,63세,사망
2023072200100156,2023년 7월 22일 10시,토요일,강원도 강릉시 홍제동,경상사고,0,0,2,0,차대차 - 측면충돌,안전운전불이행,건조,맑음,단일로 - 기타,승용,여,66세,상해없음,승용,남,47세,경상
2023072200100157,2023년 7월 22일 10시,토요일,강원도 속초시 조양동,경상사고,0,0,3,0,차대차 - 측면충돌,신호위반,건조,맑음,교차로 - 교차로안,승용,기타불명,미분류,기타불명,승용,여,43세,경상
2023072200100192,2023년 7월 22일 11시,토요일,강원특별자치도 춘천시 석사동,경상사고,0,0,1,2,차대차 - 측면충돌,안전거리미확보,건조,맑음,단일로 - 기타,승용,남,74세,부상신고,승합,남,62세,경상
2023072200100193,2023년 7월 22일 11시,토요일,강원특별자치도 영월군 남면,중상사고,0,1,2,0,차대차 - 정면충돌,중앙선침범,건조,맑음,단일로 - 터널,화물,남,77세,경상,승용,여,63세,중상
2023072200100261,2023년 7월 22일 13시,토요일,강원특별자치도 강릉시 죽헌동,중상사고,0,1,1,0,차대차 - 추돌,안전운전불이행,건조,맑음,단일로 - 기타,승용,여,23세,기타불명,승용,여,32세,경상
2023072200100262,2023년 7월 22일 13시,토요일,강원특별자치도 원주시 태장동,경상사고,0,0,1,0,차대차 - 측면충돌,안전운전불이행,건조,맑음,교차로 - 교차로부근,승용,남,69세,상해없음,승용,남,64세,경상
2023072200100263,2023년 7월 22일 13시,토요일,강원도 속초시 조양동,중상사고,0,1,0,0,차대차 - 측면충돌,신호위반,건조,맑음,교차로 - 교차로안,승용,남,56세,상해없음,이륜,남,54세,중상
2023072200100300,2023년 7월 22일 14시,토요일,강원도 원주시 관설동,경상사고,0,0,1,0,차대차 - 기타,안전운전불이행,건조,맑음,교차로 - 교차로안,승용,남,32세,상해없음,승용,남,77세,경상
2023072200100301,2023년 7월 22일 14시,토요일,강원특별자치도 철원군 동송읍,중상사고,0,2,0,0,차대차 - 정면충돌,신호위반,건조,맑음,교차로 - 교차로안,승용,남,82세,상해없음,승용,여,30세,중상
2023072200100324,2023년 7월 22일 15시,토요일,강원특별자치도 춘천시 동면,경상사고,0,0,1,0,차대사람 - 기타,안전운전불이행,건조,맑음,단일로 - 기타,승용,남,66세,상해없음,보행자,여,80세,경상
2023072200100325,2023년 7월 22일 15시,토요일,강원도 평창군 진부면,경상사고,0,0,1,0,차대차 - 측면충돌,차로위반,건조,맑음,교차로 - 교차로안,승용,여,64세,상해없음,화물,여,52세,경상
2023072200100415,2023년 7월 22일 18시,토요일,강원특별자치도 춘천시 동면,부상신고사고,0,0,0,11,차대차 - 추돌,안전운전불이행,건조,맑음,교차로 - 교차로안,화물,남,47세,상해없음,승용,남,40세,부상신고
2023072200100433,2023년 7월 22일 19시,토요일,강원도 원주시 학성동,경상사고,0,0,1,0,차대차 - 기타,신호위반,건조,맑음,교차로 - 교차로안,특수,남,50세,기타불명,특수,남,39세,경상
2023072200100461,2023년 7월 22일 20시,토요일,강원도 동해시 묵호진동,경상사고,0,0,1,0,차대사람 - 기타,안전운전불이행,건조,맑음,주차장 - 주차장,승용,남,23세,상해없음,보행자,남,70세,경상
2023072200100518,2023년 7월 22일 22시,토요일,강원도 원주시 단계동,경상사고,0,0,2,0,차대차 - 측면충돌,중앙선침범,건조,맑음,단일로 - 기타,승용,남,34세,상해없음,승용,여,36세,경상
2023072200100543,2023년 7월 22일 23시,토요일,강원도 속초시 조양동,중상사고,0,1,1,0,차대차 - 측면충돌,교차로운행방법위반,건조,맑음,교차로 - 교차로안,승용,남,63세,상해없음,승용,여,41세,중상
2023072300100014,2023년 7월 23일 01시,일요일,강원도 원주시 판부면,경상사고,0,0,1,0,차대사람 - 횡단중,신호위반,젖음/습기,비,교차로 - 교차로횡단보도내,이륜,남,17세,상해없음,보행자,남,39세,경상
2023072300100090,2023년 7월 23일 10시,일요일,강원도 원주시 단계동,경상사고,0,0,1,0,차대차 - 추돌,안전운전불이행,젖음/습기,비,교차로 - 교차로부근,화물,남,35세,상해없음,이륜,남,57세,경상
2023072300100111,2023년 7월 23일 11시,일요일,강원도 강릉시 교동,중상사고,0,1,0,0,차대차 - 기타,안전운전불이행,건조,맑음,교차로 - 교차로안,승용,남,61세,상해없음,이륜,남,27세,중상
2023072300100179,2023년 7월 23일 14시,일요일,강원도 강릉시 노암동,경상사고,0,0,1,0,차대차 - 측면충돌,안전운전불이행,건조,맑음,교차로 - 교차로안,화물,남,51세,상해없음,승용,남,37세,경상
2023072300100180,2023년 7월 23일 14시,일요일,강원도 홍천군 두촌면,경상사고,0,0,1,0,차대차 - 측면충돌,차로위반,젖음/습기,비,단일로 - 지하차도(도로)내,승용,남,51세,상해없음,승용,남,62세,경상
2023072300100259,2023년 7월 23일 17시,일요일,강원도 평창군 대관령면,경상사고,0,0,4,0,차대차 - 정면충돌,직진우회전진행방해,건조,맑음,교차로 - 교차로안,승용,여,24세,경상,화물,남,57세,경상
2023072300100323,2023년 7월 23일 20시,일요일,강원도 정선군 신동읍,중상사고,0,1,0,0,차량단독 - 기타,안전운전불이행,젖음/습기,비,단일로 - 기타,승용,여,50세,상해없음,,,,
2023072300100347,2023년 7월 23일 21시,일요일,강원특별자치도 강릉시 강문동,경상사고,0,0,2,0,차대차 - 후진중충돌,안전운전불이행,젖음/습기,맑음,기타 - 기타,승용,여,27세,기타불명,승용,남,25세,경상
2023072300100348,2023년 7월 23일 21시,일요일,강원도 원주시 단구동,중상사고,0,1,0,0,차대사람 - 횡단중,보행자보호의무위반,젖음/습기,비,단일로 - 기타,이륜,남,62세,상해없음,보행자,남,56세,중상
2023072400100068,2023년 7월 24일 07시,월요일,강원도 강릉시 송정동,중상사고,0,1,0,0,차대차 - 기타,안전운전불이행,건조,맑음,교차로 - 교차로부근,승용,여,52세,기타불명,자전거,여,60세,중상
2023072400100094,2023년 7월 24일 08시,월요일,강원도 원주시 일산동,경상사고,0,0,1,0,차대차 - 추돌,안전운전불이행,젖음/습기,흐림,교차로 - 교차로안,승용,여,21세,상해없음,자전거,남,70세,경상
2023072400100095,2023년 7월 24일 08시,월요일,강원도 원주시 반곡동,경상사고,0,0,2,0,차대차 - 추돌,안전거리미확보,젖음/습기,비,단일로 - 기타,화물,남,25세,상해없음,화물,남,68세,경상
2023072400100155,2023년 7월 24일 10시,월요일,강원도 홍천군 북방면,중상사고,0,1,1,0,차대차 - 측면충돌,직진우회전진행방해,젖음/습기,맑음,교차로 - 교차로안,화물,남,70세,경상,화물,여,59세,중상
2023072400100156,2023년 7월 24일 10시,월요일,강원도 양구군 양구읍,중상사고,0,1,0,0,차대차 - 측면충돌,안전운전불이행,건조,맑음,기타 - 기타,승용,여,71세,상해없음,자전거,여,65세,중상
2023072400100189,2023년 7월 24일 11시,월요일,강원도 양양군 손양면,경상사고,0,0,1,0,차대차 - 측면충돌,직진우회전진행방해,건조,맑음,교차로 - 교차로안,승용,남,30세,상해없음,승용,여,60세,경상
2023072400100190,2023년 7월 24일 11시,월요일,강원도 양구군 양구읍,부상신고사고,0,0,0,1,차대사람 - 기타,안전운전불이행,건조,맑음,단일로 - 기타,승용,남,22세,상해없음,보행자,여,23세,부상신고
2023072400100229,2023년 7월 24일 12시,월요일,강원특별자치도 춘천시 퇴계동,부상신고사고,0,0,0,1,차대차 - 측면충돌,안전운전불이행,건조,맑음,단일로 - 기타,승용,여,43세,상해없음,승용,여,62세,부상신고
2023072400100230,2023년 7월 24일 12시,월요일,강원도 정선군 고한읍,경상사고,0,0,2,0,차대차 - 기타,신호위반,건조,맑음,단일로 - 기타,승용,여,42세,상해없음,승용,남,73세,경상
2023072400100264,2023년 7월 24일 13시,월요일,강원도 속초시 대포동,경상사고,0,0,3,0,차대차 - 추돌,안전운전불이행,건조,맑음,단일로 - 기타,승용,남,20세,상해없음,승용,남,66세,경상
2023072400100266,2023년 7월 24일 13시,월요일,강원도 평창군 봉평면,부상신고사고,0,0,0,13,차대차 - 추돌,안전거리미확보,건조,맑음,단일로 - 터널,승용,남,43세,부상신고,승용,남,45세,부상신고
2023072400100306,2023년 7월 24일 14시,월요일,강원도 동해시 동회동,경상사고,0,0,1,0,차대차 - 정면충돌,중앙선침범,건조,맑음,단일로 - 기타,화물,남,55세,상해없음,승용,남,50세,경상
2023072400100342,2023년 7월 24일 15시,월요일,강원도 속초시 동명동,경상사고,0,0,1,0,차대차 - 기타,안전운전불이행,건조,맑음,교차로 - 교차로안,승용,여,42세,상해없음,이륜,남,42세,경상
2023072400100343,2023년 7월 24일 15시,월요일,강원도 속초시 노학동,경상사고,0,0,1,0,차대차 - 측면충돌,안전운전불이행,건조,맑음,단일로 - 기타,승용,남,68세,상해없음,이륜,남,25세,경상
2023072400100393,2023년 7월 24일 16시,월요일,강원도 영월군 영월읍,중상사고,0,1,0,0,차대차 - 기타,안전운전불이행,건조,맑음,단일로 - 기타,승용,남,62세,상해없음,이륜,남,57세,중상
2023072400100466,2023년 7월 24일 18시,월요일,강원특별자치도 춘천시 동내면,경상사고,0,0,1,2,차대차 - 기타,교차로운행방법위반,건조,맑음,교차로 - 교차로안,승합,여,42세,부상신고,승용,남,53세,경상
2023072400100501,2023년 7월 24일 19시,월요일,강원도 강릉시 교동,중상사고,0,1,0,0,차대차 - 정면충돌,신호위반,건조,맑음,교차로 - 교차로안,승용,남,29세,상해없음,이륜,남,60세,중상
2023072400100577,2023년 7월 24일 22시,월요일,강원도 강릉시 주문진읍,중상사고,0,1,0,0,차대사람 - 차도통행중,기타,건조,맑음,기타 - 기타,승용,남,60세,상해없음,보행자,남,62세,중상
2023072500100055,2023년 7월 25일 07시,화요일,강원특별자치도 춘천시 우두동,경상사고,0,0,1,0,차대차 - 기타,차로위반,건조,맑음,단일로 - 기타,승용,여,24세,상해없음,이륜,남,63세,경상
2023072500100056,2023년 7월 25일 07시,화요일,강원도 정선군 정선읍,중상사고,0,1,1,0,차대차 - 기타,기타,건조,맑음,기타 - 기타,승용,여,52세,경상,화물,남,62세,중상
2023072500100057,2023년 7월 25일 07시,화요일,강원도 고성군 토성면,중상사고,0,1,4,0,차대차 - 추돌,안전거리미확보,건조,맑음,단일로 - 기타,승용,여,40세,경상,승용,여,34세,상해없음
2023072500100058,2023년 7월 25일 07시,화요일,강원도 철원군 동송읍,경상사고,0,0,1,0,차대사람 - 횡단중,보행자보호의무위반,건조,맑음,단일로 - 기타,승용,여,48세,상해없음,보행자,남,53세,경상
2023072500100083,2023년 7월 25일 08시,화요일,강원도 고성군 간성읍,경상사고,0,0,1,0,차대차 - 측면충돌,안전운전불이행,건조,흐림,교차로 - 교차로부근,승용,여,23세,상해없음,승용,여,48세,경상
2023072500100209,2023년 7월 25일 12시,화요일,강원도 속초시 동명동,중상사고,0,1,0,0,차대차 - 정면충돌,교차로운행방법위반,건조,맑음,교차로 - 교차로안,승용,남,48세,상해없음,승용,남,61세,중상