사고번호,사고일시,요일,시군구,사고내용,사망자수,중상자수,경상자수,부상신고자수,사고유형,법규위반,노면상태,기상상태,도로형태,가해운전자 차종,가해운전자 성별,가해운전자 연령,가해운전자 상해정도,피해운전자 차종,피해운전자 성별,피해운전자 연령,피해운전자 상해정도
2023072500100210,2023년 7월 25일 12시,화요일,강원도 인제군 인제읍,경상사고,0,0,1,0,차대차 - 기타,안전운전불이행,건조,맑음,교차로 - 교차로부근,승용,남,56세,상해없음,승용,남,44세,기타불명
2023072500100211,2023년 7월 25일 12시,화요일,강원도 동해시 망상동,중상사고,0,2,0,0,차대차 - 측면충돌,중앙선침범,건조,맑음,단일로 - 기타,승용,남,63세,중상,승용,여,39세,중상
2023072500100253,2023년 7월 25일 13시,화요일,강원특별자치도 춘천시 후평동,경상사고,0,0,1,0,차대차 - 기타,직진우회전진행방해,건조,맑음,단일로 - 기타,화물,남,73세,상해없음,화물,여,56세,경상
2023072500100254,2023년 7월 25일 13시,화요일,강원특별자치도 평창군 봉평면,중상사고,0,1,5,0,차대차 - 추돌,안전운전불이행,건조,맑음,단일로 - 터널,승용,남,20세,상해없음,승용,남,29세,중상
2023072500100285,2023년 7월 25일 14시,화요일,강원특별자치도 양양군 현북면,경상사고,0,0,1,0,차대차 - 측면충돌,안전운전불이행,건조,맑음,단일로 - 기타,승용,남,43세,상해없음,승용,남,27세,경상
2023072500100286,2023년 7월 25일 14시,화요일,강원도 태백시 황지동,경상사고,0,0,1,0,차대차 - 측면충돌,안전운전불이행,건조,맑음,단일로 - 기타,화물,남,36세,상해없음,승용,남,45세,경상
2023072500100309,2023년 7월 25일 15시,화요일,강원특별자치도 평창군 봉평면,중상사고,0,1,5,0,차대차 - 추돌,안전운전불이행,건조,맑음,단일로 - 교량,승용,남,54세,상해없음,승용,남,60세,경상
2023072500100346,2023년 7월 25일 16시,화요일,강원도 홍천군 홍천읍,경상사고,0,0,2,0,차대차 - 측면충돌,직진우회전진행방해,건조,맑음,교차로 - 교차로안,승용,여,58세,상해없음,승용,남,70세,경상
2023072500100347,2023년 7월 25일 16시,화요일,강원도 횡성군 횡성읍,경상사고,0,0,2,0,차대차 - 측면충돌,안전운전불이행,건조,맑음,교차로 - 교차로안,승용,여,34세,경상,화물,남,48세,경상
2023072500100380,2023년 7월 25일 17시,화요일,강원도 원주시 문막읍,중상사고,0,1,0,0,차대차 - 측면충돌,안전운전불이행,건조,맑음,기타 - 기타,화물,남,39세,상해없음,화물,여,62세,중상
2023072500100418,2023년 7월 25일 18시,화요일,강원도 정선군 사북읍,경상사고,0,0,4,0,차대차 - 측면충돌,안전거리미확보,건조,맑음,교차로 - 교차로부근,승합,남,70세,상해없음,승용,남,37세,경상
2023072500100474,2023년 7월 25일 20시,화요일,강원도 화천군 화천읍,경상사고,0,0,1,0,차대사람 - 길가장자리구역통행중,안전운전불이행,건조,맑음,교차로 - 교차로부근,승용,남,66세,상해없음,보행자,여,28세,경상
2023072600100083,2023년 7월 26일 08시,수요일,강원특별자치도 원주시 단계동,경상사고,0,0,1,0,차대차 - 측면충돌,안전운전불이행,건조,맑음,기타 - 기타,승용,여,48세,상해없음,승용,남,67세,경상
2023072600100147,2023년 7월 26일 10시,수요일,강원특별자치도 춘천시 효자동,중상사고,0,1,0,0,차대사람 - 횡단중,보행자보호의무위반,건조,맑음,교차로 - 교차로횡단보도내,승용,남,51세,상해없음,보행자,남,78세,중상
2023072600100171,2023년 7월 26일 11시,수요일,강원도 속초시 조양동,경상사고,0,0,1,0,차대차 - 후진중충돌,안전운전불이행,건조,맑음,단일로 - 기타,승용,남,67세,상해없음,승용,남,61세,경상
2023072600100209,2023년 7월 26일 12시,수요일,강원도 화천군 사내면,경상사고,0,0,1,0,차대차 - 측면충돌,안전운전불이행,젖음/습기,비,단일로 - 기타,승합,남,62세,상해없음,화물,남,39세,경상
2023072600100257,2023년 7월 26일 13시,수요일,강원도 양양군 양양읍,경상사고,0,0,2,0,차대차 - 측면충돌,직진우회전진행방해,건조,맑음,교차로 - 교차로안,승용,여,61세,상해없음,승용,남,61세,경상
2023072600100290,2023년 7월 26일 14시,수요일,강원도 강릉시 교동,경상사고,0,0,1,0,차대차 - 기타,안전운전불이행,건조,맑음,교차로 - 교차로안,승용,남,68세,상해없음,승용,여,31세,경상
2023072600100322,2023년 7월 26일 15시,수요일,강원도 강릉시 홍제동,경상사고,0,0,1,0,차대차 - 기타,안전운전불이행,건조,맑음,교차로 - 교차로안,승용,남,23세,상해없음,승용,여,40세,경상
2023072600100323,2023년 7월 26일 15시,수요일,강원도 속초시 교동,경상사고,0,0,1,0,차대사람 - 횡단중,안전운전불이행,건조,맑음,단일로 - 기타,승용,여,56세,상해없음,보행자,여,62세,경상
2023072600100324,2023년 7월 26일 15시,수요일,강원특별자치도 고성군 간성읍,경상사고,0,0,3,0,차대차 - 정면충돌,안전운전불이행,건조,맑음,교차로 - 교차로안,승용,여,23세,상해없음,승용,남,38세,경상
2023072600100358,2023년 7월 26일 16시,수요일,강원특별자치도 강릉시 사천면,경상사고,0,0,1,0,차대차 - 측면충돌,신호위반,젖음/습기,비,단일로 - 교량,승용,남,57세,상해없음,승용,남,24세,경상
2023072600100359,2023년 7월 26일 16시,수요일,강원도 속초시 도문동,중상사고,0,1,0,0,차대차 - 측면충돌,중앙선침범,건조,맑음,교차로 - 교차로부근,승용,여,45세,상해없음,승용,남,60세,중상
2023072600100360,2023년 7월 26일 16시,수요일,강원도 정선군 임계면,경상사고,0,0,1,0,차대차 - 기타,안전운전불이행,건조,맑음,교차로 - 교차로안,승용,여,73세,상해없음,승용,남,66세,경상
2023072600100361,2023년 7월 26일 16시,수요일,강원도 정선군 정선읍,경상사고,0,0,1,0,차대차 - 기타,안전운전불이행,젖음/습기,비,교차로 - 교차로안,승용,남,46세,상해없음,승용,남,22세,경상
2023072600100405,2023년 7월 26일 17시,수요일,강원특별자치도 춘천시 퇴계동,경상사고,0,0,4,2,차대차 - 측면충돌,안전운전불이행,건조,맑음,단일로 - 기타,승용,남,23세,부상신고,승용,여,44세,경상
2023072600100406,2023년 7월 26일 17시,수요일,강원특별자치도 원주시 무실동,경상사고,0,0,1,0,차대차 - 후진중충돌,안전운전불이행,건조,맑음,단일로 - 기타,승용,남,32세,상해없음,승용,남,31세,경상
2023072600100455,2023년 7월 26일 18시,수요일,강원특별자치도 고성군 죽왕면,경상사고,0,0,1,0,차대차 - 추돌,안전운전불이행,건조,맑음,교차로 - 교차로부근,승용,남,36세,상해없음,승용,남,38세,경상
2023072700100096,2023년 7월 27일 08시,목요일,강원도 원주시 호저면,중상사고,0,1,0,0,차대차 - 추돌,안전거리미확보,건조,맑음,단일로 - 기타,승용,남,24세,상해없음,승용,남,37세,중상
2023072700100097,2023년 7월 27일 08시,목요일,강원도 화천군 하남면,경상사고,0,0,1,0,차대차 - 측면충돌,안전운전불이행,건조,맑음,교차로 - 교차로부근,승용,남,43세,상해없음,승용,여,25세,경상
2023072700100098,2023년 7월 27일 08시,목요일,강원도 철원군 갈말읍,사망사고,1,0,1,0,차량단독 - 공작물충돌,안전운전불이행,건조,맑음,교차로 - 교차로안,이륜,남,78세,사망,,,,
2023072700100137,2023년 7월 27일 09시,목요일,강원특별자치도 강릉시 청량동,경상사고,0,0,1,0,차대차 - 측면충돌,안전운전불이행,건조,맑음,교차로 - 교차로안,승용,남,69세,상해없음,승용,남,26세,경상
2023072700100164,2023년 7월 27일 10시,목요일,강원특별자치도 춘천시 후평동,경상사고,0,0,2,0,차대차 - 측면충돌,교차로운행방법위반,건조,맑음,교차로 - 교차로안,승용,남,23세,상해없음,승용,남,43세,경상
2023072700100198,2023년 7월 27일 11시,목요일,강원도 원주시 소초면,경상사고,0,0,1,0,차대차 - 추돌,안전운전불이행,건조,맑음,단일로 - 기타,승용,남,60세,상해없음,승용,남,50세,경상
2023072700100239,2023년 7월 27일 12시,목요일,강원도 원주시 소초면,중상사고,0,1,0,0,차대차 - 정면충돌,중앙선침범,건조,맑음,기타 - 기타,화물,남,62세,기타불명,화물,남,71세,중상
2023072700100271,2023년 7월 27일 13시,목요일,강원특별자치도 속초시 동명동,경상사고,0,0,1,0,차대차 - 측면충돌,신호위반,건조,맑음,교차로 - 교차로안,승용,남,64세,상해없음,승용,남,66세,경상
2023072700100304,2023년 7월 27일 14시,목요일,강원도 강릉시 송정동,중상사고,0,1,0,0,차대사람 - 기타,안전운전불이행,건조,맑음,단일로 - 기타,자전거,남,55세,상해없음,보행자,여,77세,중상
2023072700100305,2023년 7월 27일 14시,목요일,강원도 원주시 소초면,경상사고,0,0,2,0,차대차 - 측면충돌,안전운전불이행,건조,맑음,단일로 - 기타,승용,남,60세,상해없음,승용,남,52세,경상
2023072700100306,2023년 7월 27일 14시,목요일,강원도 속초시 노학동,경상사고,0,0,1,0,차대차 - 정면충돌,신호위반,건조,맑음,교차로 - 교차로안,승용,여,57세,상해없음,승용,남,23세,경상
2023072700100307,2023년 7월 27일 14시,목요일,강원도 평창군 평창읍,경상사고,0,0,1,0,차대사람 - 길가장자리구역통행중,안전운전불이행,건조,맑음,단일로 - 지하차도(도로)내,화물,남,64세,상해없음,보행자,남,73세,경상
2023072700100308,2023년 7월 27일 14시,목요일,강원도 동해시 효가동,경상사고,0,0,2,0,차대차 - 측면충돌,신호위반,건조,맑음,교차로 - 교차로안,승용,남,57세,상해없음,승용,여,42세,경상
2023072700100397,2023년 7월 27일 16시,목요일,강원특별자치도 횡성군 둔내면,경상사고,0,0,2,0,차대차 - 측면충돌,안전운전불이행,건조,맑음,교차로 - 교차로안,승용,남,39세,상해없음,승용,남,35세,경상
2023072700100436,2023년 7월 27일 17시,목요일,강원도 원주시 일산동,중상사고,0,1,0,0,차대사람 - 횡단중,보행자보호의무위반,건조,맑음,단일로 - 기타,이륜,남,23세,기타불명,보행자,여,79세,중상
2023072700100437,2023년 7월 27일 17시,목요일,강원도 원주시 개운동,중상사고,0,1,0,0,차대차 - 추돌,안전운전불이행,건조,맑음,교차로 - 교차로안,이륜,남,17세,상해없음,승용,여,42세,중상
2023072700100438,2023년 7월 27일 17시,목요일,강원도 원주시 반곡동,경상사고,0,0,1,0,차대차 - 기타,안전거리미확보,건조,맑음,기타 - 기타,승용,남,46세,상해없음,승용,여,27세,경상
2023072700100519,2023년 7월 27일 19시,목요일,강원특별자치도 춘천시 효자동,중상사고,0,1,0,1,차대차 - 기타,교차로운행방법위반,건조,맑음,단일로 - 기타,이륜,남,34세,부상신고,이륜,남,30세,중상
2023072700100520,2023년 7월 27일 19시,목요일,강원특별자치도 원주시 단계동,경상사고,0,0,2,0,차대차 - 측면충돌,교차로운행방법위반,건조,맑음,교차로 - 교차로안,승용,남,68세,경상,승용,남,55세,경상
2023072700100553,2023년 7월 27일 20시,목요일,강원도 강릉시 포남동,경상사고,0,0,2,0,차대차 - 기타,안전운전불이행,건조,맑음,교차로 - 교차로안,화물,남,56세,상해없음,승용,여,43세,경상
2023072700100554,2023년 7월 27일 20시,목요일,강원도 강릉시 포남동,경상사고,0,0,1,0,차대차 - 정면충돌,안전운전불이행,건조,맑음,기타 - 기타,승용,여,58세,상해없음,이륜,남,40세,경상
2023072700100555,2023년 7월 27일 20시,목요일,강원도 원주시 관설동,경상사고,0,0,1,0,차대차 - 추돌,안전운전불이행,건조,맑음,교차로 - 교차로부근,승용,남,28세,상해없음,승용,여,51세,경상
2023072700100580,2023년 7월 27일 21시,목요일,강원도 원주시 단계동,중상사고,0,1,0,0,차대사람 - 횡단중,교차로운행방법위반,건조,맑음,교차로 - 교차로안,승용,여,51세,상해없음,보행자,남,52세,중상
2023072700100598,2023년 7월 27일 22시,목요일,강원특별자치도 속초시 동명동,중상사고,0,1,0,0,차대차 - 측면충돌,신호위반,건조,맑음,교차로 - 교차로안,개인형이동수단(PM),남,15세,상해없음,승용,남,18세,상해없음
2023072800100007,2023년 7월 28일 00시,금요일,강원도 삼척시 남양동,경상사고,0,0,2,0,차대차 - 측면충돌,신호위반,건조,맑음,교차로 - 교차로안,승용,여,20세,상해없음,승용,남,30세,경상
2023072800100044,2023년 7월 28일 06시,금요일,강원도 속초시 동명동,중상사고,0,1,0,0,차대차 - 측면충돌,신호위반,건조,맑음,교차로 - 교차로안,승용,여,58세,상해없음,승용,남,75세,중상
2023072800100065,2023년 7월 28일 07시,금요일,강원특별자치도 춘천시 효자동,경상사고,0,0,2,0,차대차 - 측면충돌,교차로운행방법위반,건조,맑음,교차로 - 교차로안,승용,남,57세,상해없음,승용,남,31세,경상
2023072800100066,2023년 7월 28일 07시,금요일,강원도 원주시 단구동,중상사고,0,1,1,0,차대차 - 기타,신호위반,건조,맑음,교차로 - 교차로안,승용,여,44세,상해없음,승용,여,57세,중상
2023072800100067,2023년 7월 28일 07시,금요일,강원특별자치도 영월군 영월읍,경상사고,0,0,2,0,차대차 - 측면충돌,안전거리미확보,건조,맑음,단일로 - 기타,승용,여,55세,상해없음,화물,남,64세,경상
2023072800100099,2023년 7월 28일 08시,금요일,강원도 태백시 철암동,경상사고,0,0,1,0,차대사람 - 횡단중,보행자보호의무위반,건조,맑음,교차로 - 교차로횡단보도내,승합,남,69세,상해없음,보행자,남,63세,경상
2023072800100161,2023년 7월 28일 10시,금요일,강원특별자치도 영월군 상동읍,부상신고사고,0,0,0,1,차대차 - 측면충돌,안전운전불이행,건조,맑음,단일로 - 기타,화물,남,61세,상해없음,자전거,남,63세,부상신고
2023072800100162,2023년 7월 28일 10시,금요일,강원도 태백시 황지동,중상사고,0,1,0,0,차량단독 - 공작물충돌,안전운전불이행,건조,맑음,기타 - 기타,화물,남,79세,상해없음,,,,
2023072800100195,2023년 7월 28일 11시,금요일,강원도 원주시 판부면,중상사고,0,1,0,0,차대차 - 기타,안전운전불이행,건조,맑음,기타 - 기타,승용,남,48세,상해없음,이륜,남,57세,중상
2023072800100196,2023년 7월 28일 11시,금요일,강원특별자치도 홍천군 홍천읍,경상사고,0,0,1,0,차대차 - 측면충돌,차로위반,건조,맑음,단일로 - 지하차도(도로)내,승용,남,22세,상해없음,승용,남,38세,경상
2023072800100197,2023년 7월 28일 11시,금요일,강원도 태백시 황지동,경상사고,0,0,1,0,차대차 - 추돌,안전거리미확보,건조,맑음,기타 - 기타,원동기,남,78세,상해없음,승용,여,49세,경상
2023072800100233,2023년 7월 28일 12시,금요일,강원특별자치도 춘천시 온의동,부상신고사고,0,0,0,1,차대사람 - 기타,기타,건조,맑음,단일로 - 기타,개인형이동수단(PM),기타불명,미분류,기타불명,보행자,남,15세,부상신고
2023072800100234,2023년 7월 28일 12시,금요일,강원도 속초시 청호동,경상사고,0,0,4,0,차대차 - 측면충돌,교차로운행방법위반,건조,맑음,교차로 - 교차로안,승용,남,35세,상해없음,승용,남,74세,경상
2023072800100235,2023년 7월 28일 12시,금요일,강원특별자치도 인제군 기린면,경상사고,0,0,1,0,차대차 - 정면충돌,중앙선침범,건조,맑음,단일로 - 기타,승용,남,78세,상해없음,승용,여,62세,경상
2023072800100316,2023년 7월 28일 14시,금요일,강원도 태백시 황지동,경상사고,0,0,1,0,차대차 - 기타,교차로운행방법위반,건조,맑음,교차로 - 교차로안,승용,여,34세,상해없음,승용,남,48세,경상
2023072800100346,2023년 7월 28일 15시,금요일,강원특별자치도 춘천시 후평동,경상사고,0,0,1,0,차대차 - 측면충돌,안전운전불이행,건조,맑음,단일로 - 기타,화물,남,59세,상해없음,승용,여,58세,경상
2023072800100347,2023년 7월 28일 15시,금요일,강원특별자치도 춘천시 신북읍,경상사고,0,0,1,0,차대차 - 기타,차로위반,건조,맑음,단일로 - 터널,건설기계,남,53세,상해없음,화물,남,76세,경상
2023072800100348,2023년 7월 28일 15시,금요일,강원도 영월군 남면,경상사고,0,0,1,0,차대차 - 추돌,안전운전불이행,건조,맑음,교차로 - 교차로부근,화물,남,55세,상해없음,화물,남,67세,경상
2023072800100383,2023년 7월 28일 16시,금요일,강원도 원주시 판부면,경상사고,0,0,1,0,차대차 - 측면충돌,신호위반,건조,맑음,교차로 - 교차로안,승용,남,57세,상해없음,이륜,남,36세,경상
2023072800100384,2023년 7월 28일 16시,금요일,강원특별자치도 원주시 태장동,경상사고,0,0,4,0,차대차 - 측면충돌,안전거리미확보,건조,맑음,단일로 - 기타,승용,남,52세,경상,승용,남,35세,경상
2023072800100385,2023년 7월 28일 16시,금요일,강원도 홍천군 홍천읍,중상사고,0,1,1,0,차대차 - 추돌,안전운전불이행,건조,맑음,단일로 - 지하차도(도로)내,승용,여,60세,상해없음,승용,여,60세,중상
2023072800100434,2023년 7월 28일 17시,금요일,강원특별자치도 춘천시 근화동,경상사고,0,0,2,0,차대차 - 측면충돌,안전운전불이행,건조,맑음,단일로 - 기타,승용,여,57세,상해없음,승용,여,35세,경상
2023072800100435,2023년 7월 28일 17시,금요일,강원특별자치도 동해시 묵호진동,경상사고,0,0,1,0,차대차 - 기타,중앙선침범,건조,맑음,단일로 - 기타,원동기,남,69세,경상,승용,여,74세,상해없음
2023072800100489,2023년 7월 28일 18시,금요일,강원특별자치도 원주시 흥업면,경상사고,0,0,1,0,차대차 - 추돌,안전운전불이행,건조,맑음,단일로 - 기타,승용,여,32세,상해없음,승용,남,19세,경상
2023072800100556,2023년 7월 28일 20시,금요일,강원도 원주시 부론면,중상사고,0,1,0,0,차대차 - 추돌,안전거리미확보,건조,맑음,단일로 - 기타,승용,남,35세,상해없음,농기계,남,72세,중상
2023072800100618,2023년 7월 28일 22시,금요일,강원도 평창군 방림면,중상사고,0,1,1,0,차량단독 - 공작물충돌,안전운전불이행,건조,맑음,단일로 - 지하차도(도로)내,승용,남,51세,상해없음,,,,
2023072800100619,2023년 7월 28일 22시,금요일,강원도 정선군 사북읍,중상사고,0,1,1,0,차대차 - 측면충돌,안전거리미확보,건조,맑음,기타 - 기타,승합,남,61세,경상,승용,남,51세,중상
2023072900100113,2023년 7월 29일 08시,토요일,강원도 홍천군 홍천읍,경상사고,0,0,1,0,차대차 - 측면충돌,안전운전불이행,건조,맑음,단일로 - 지하차도(도로)내,자전거,여,57세,경상,승용,남,22세,상해없음
2023072900100114,2023년 7월 29일 08시,토요일,강원도 정선군 정선읍,경상사고,0,0,1,0,차대사람 - 길가장자리구역통행중,안전운전불이행,건조,맑음,단일로 - 기타,화물,여,78세,상해없음,보행자,여,27세,경상
2023072900100138,2023년 7월 29일 09시,토요일,강원특별자치도 춘천시 운교동,경상사고,0,0,2,2,차대차 - 추돌,안전운전불이행,건조,맑음,단일로 - 기타,승용,여,60세,상해없음,승용,남,24세,경상
2023072900100199,2023년 7월 29일 11시,토요일,강원특별자치도 원주시 관설동,경상사고,0,0,2,0,차대차 - 측면충돌,안전운전불이행,건조,맑음,교차로 - 교차로안,승용,여,36세,기타불명,승용,남,65세,경상
2023072900100200,2023년 7월 29일 11시,토요일,강원도 양구군 양구읍,부상신고사고,0,0,0,1,차대차 - 측면충돌,교차로운행방법위반,건조,맑음,교차로 - 교차로부근,승용,남,66세,상해없음,승용,여,36세,상해없음
2023072900100274,2023년 7월 29일 13시,토요일,강원특별자치도 홍천군 두촌면,경상사고,0,0,4,1,차대차 - 추돌,안전거리미확보,건조,맑음,단일로 - 기타,승용,남,37세,경상,승용,여,47세,부상신고
2023072900100315,2023년 7월 29일 14시,토요일,강원특별자치도 춘천시 서면,경상사고,0,0,2,0,차대차 - 측면충돌,중앙선침범,건조,맑음,단일로 - 기타,승용,남,75세,상해없음,승용,남,57세,경상
2023072900100316,2023년 7월 29일 14시,토요일,강원도 강릉시 송정동,경상사고,0,0,1,5,차대차 - 추돌,안전운전불이행,건조,맑음,기타 - 기타,승용,남,51세,상해없음,승용,남,42세,부상신고
2023072900100317,2023년 7월 29일 14시,토요일,강원도 영월군 주천면,중상사고,0,2,0,0,차량단독 - 공작물충돌,안전운전불이행,건조,맑음,단일로 - 기타,승용,남,30세,상해없음,,,,
2023072900100318,2023년 7월 29일 14시,토요일,강원도 화천군 상서면,경상사고,0,0,3,0,차대차 - 추돌,기타,건조,맑음,단일로 - 기타,승용,남,25세,상해없음,승용,여,57세,경상
2023072900100319,2023년 7월 29일 14시,토요일,강원특별자치도 홍천군 내촌면,중상사고,0,2,2,0,차대차 - 추돌,안전운전불이행,건조,맑음,단일로 - 터널,승용,남,38세,상해없음,승용,남,26세,중상
2023072900100350,2023년 7월 29일 15시,토요일,강원도 속초시 교동,경상사고,0,0,1,0,차대차 - 측면충돌,안전거리미확보,건조,맑음,단일로 - 지하차도(도로)내,승용,남,61세,상해없음,승용,남,38세,상해없음
2023072900100351,2023년 7월 29일 15시,토요일,강원특별자치도 홍천군 두촌면,중상사고,0,1,2,0,차대차 - 측면충돌,안전거리미확보,건조,맑음,단일로 - 기타,승용,여,24세,상해없음,승용,남,37세,경상
2023072900100352,2023년 7월 29일 15시,토요일,강원도 평창군 평창읍,경상사고,0,0,1,0,차대차 - 측면충돌,중앙선침범,건조,맑음,교차로 - 교차로안,특수,남,71세,상해없음,승용,여,42세,경상
2023072900100353,2023년 7월 29일 15시,토요일,강원도 정선군 정선읍,경상사고,0,0,2,0,차대차 - 기타,중앙선침범,건조,맑음,단일로 - 기타,화물,남,60세,상해없음,승용,여,29세,경상
2023072900100387,2023년 7월 29일 16시,토요일,강원특별자치도 영월군 상동읍,경상사고,0,0,1,0,차대차 - 추돌,안전운전불이행,건조,맑음,단일로 - 기타,승용,여,58세,상해없음,승용,남,56세,경상
2023072900100476,2023년 7월 29일 18시,토요일,강원도 속초시 청호동,중상사고,0,2,3,0,차대차 - 측면충돌,교차로운행방법위반,건조,맑음,교차로 - 교차로안,승용,남,39세,경상,승용,남,42세,중상
2023072900100477,2023년 7월 29일 18시,토요일,강원특별자치도 양구군 양구읍,경상사고,0,0,5,0,차대차 - 측면충돌,교차로운행방법위반,건조,맑음,교차로 - 교차로안,승용,남,68세,경상,승용,남,32세,경상
2023072900100513,2023년 7월 29일 19시,토요일,강원도 철원군 동송읍,경상사고,0,0,2,0,차대차 - 측면충돌,중앙선침범,건조,맑음,단일로 - 기타,승용,여,63세,상해없음,승용,여,50세,경상
2023072900100574,2023년 7월 29일 23시,토요일,강원도 정선군 사북읍,경상사고,0,0,2,0,차대차 - 후진중충돌,안전운전불이행,건조,맑음,주차장 - 주차장,승용,남,62세,상해없음,승용,남,47세,경상
2023073000100098,2023년 7월 30일 10시,일요일,강원특별자치도 춘천시 퇴계동,경상사고,0,0,1,0,차대차 - 측면충돌,직진우회전진행방해,건조,맑음,교차로 - 교차로안,승용,남,30세,상해없음,승용,여,30세,경상
2023073000100099,2023년 7월 30일 10시,일요일,강원특별자치도 동해시 망상동,중상사고,0,1,1,0,차대차 - 기타,교차로운행방법위반,건조,맑음,교차로 - 교차로안,승용,남,60세,상해없음,승용,남,29세,중상
2023073000100130,2023년 7월 30일 11시,일요일,강원특별자치도 춘천시 근화동,중상사고,0,1,0,0,차대차 - 측면충돌,안전운전불이행,건조,맑음,단일로 - 기타,승용,남,52세,상해없음,승용,남,54세,중상
2023073000100131,2023년 7월 30일 11시,일요일,강원특별자치도 홍천군 화촌면,경상사고,0,0,2,0,차대차 - 추돌,안전거리미확보,건조,맑음,단일로 - 터널,승용,남,39세,상해없음,승용,남,31세,경상
2023073000100154,2023년 7월 30일 12시,일요일,강원도 속초시 동명동,경상사고,0,0,1,0,차대차 - 측면충돌,교차로운행방법위반,건조,맑음,교차로 - 교차로안,승용,남,49세,상해없음,승용,여,70세,경상
2023073000100183,2023년 7월 30일 13시,일요일,강원특별자치도 강릉시 회산동,경상사고,0,0,1,0,차대사람 - 기타,안전운전불이행,건조,맑음,주차장 - 주차장,승용,남,24세,상해없음,보행자,여,35세,경상
2023073000100185,2023년 7월 30일 13시,일요일,강원도 고성군 간성읍,경상사고,0,0,1,0,차대사람 - 기타,안전운전불이행,건조,맑음,주차장 - 주차장,승용,남,59세,상해없음,보행자,여,29세,경상
2023073000100228,2023년 7월 30일 14시,일요일,강원특별자치도 삼척시 신기면,경상사고,0,0,5,0,차대차 - 측면충돌,중앙선침범,건조,맑음,단일로 - 기타,승용,남,76세,경상,승용,남,35세,경상
2023073000100229,2023년 7월 30일 14시,일요일,강원특별자치도 철원군 김화읍,경상사고,0,0,3,0,차대차 - 측면충돌,안전운전불이행,건조,맑음,교차로 - 교차로안,승용,여,25세,경상,화물,남,63세,경상
2023073000100269,2023년 7월 30일 15시,일요일,강원도 화천군 화천읍,경상사고,0,0,1,0,차대차 - 측면충돌,교차로운행방법위반,건조,맑음,교차로 - 교차로안,승용,여,68세,상해없음,승용,남,23세,경상
2023073000100270,2023년 7월 30일 15시,일요일,강원도 평창군 대관령면,경상사고,0,0,4,1,차대차 - 측면충돌,안전거리미확보,건조,맑음,단일로 - 기타,승용,남,42세,부상신고,승용,남,30세,경상
2023073000100271,2023년 7월 30일 15시,일요일,강원특별자치도 홍천군 내촌면,경상사고,0,0,7,0,차대차 - 추돌,안전운전불이행,건조,맑음,단일로 - 교량,승용,남,56세,상해없음,승용,남,39세,경상
2023073000100292,2023년 7월 30일 16시,일요일,강원도 원주시 흥업면,경상사고,0,0,2,0,차대차 - 정면충돌,중앙선침범,건조,맑음,교차로 - 교차로부근,승용,여,29세,상해없음,화물,남,70세,경상
2023073000100293,2023년 7월 30일 16시,일요일,강원특별자치도 삼척시 증산동,경상사고,0,0,2,0,차대차 - 측면충돌,안전운전불이행,건조,맑음,단일로 - 기타,승용,남,55세,상해없음,승용,남,44세,경상
2023073000100294,2023년 7월 30일 16시,일요일,강원특별자치도 원주시 문막읍,경상사고,0,0,3,0,차대차 - 측면충돌,안전운전불이행,건조,맑음,단일로 - 기타,승용,여,42세,상해없음,승용,남,62세,경상
2023073000100313,2023년 7월 30일 17시,일요일,강원특별자치도 횡성군 횡성읍,경상사고,0,0,1,0,차대차 - 측면충돌,안전운전불이행,건조,맑음,교차로 - 교차로안,화물,남,55세,상해없음,승용,남,44세,경상
2023073100100005,2023년 7월 31일 00시,월요일,강원특별자치도 춘천시 사북면,사망사고,1,0,0,1,차대차 - 기타,중앙선침범,건조,맑음,단일로 - 기타,승용,남,25세,상해없음,승용,남,40세,부상신고
2023073100100025,2023년 7월 31일 04시,월요일,강원특별자치도 춘천시 후평동,경상사고,0,0,1,0,차대사람 - 차도통행중,안전운전불이행,건조,맑음,단일로 - 기타,승용,남,58세,상해없음,보행자,남,41세,경상
2023073100100034,2023년 7월 31일 06시,월요일,강원도 원주시 태장동,부상신고사고,0,0,0,2,차대차 - 측면충돌,안전운전불이행,건조,맑음,교차로 - 교차로안,승합,남,60세,상해없음,승합,남,55세,부상신고
2023073100100175,2023년 7월 31일 11시,월요일,강원도 원주시 호저면,경상사고,0,0,1,0,차대차 - 측면충돌,안전운전불이행,건조,맑음,단일로 - 기타,농기계,남,85세,상해없음,승합,여,57세,경상
2023073100100176,2023년 7월 31일 11시,월요일,강원도 원주시 단계동,경상사고,0,0,2,0,차대차 - 추돌,안전거리미확보,건조,맑음,단일로 - 기타,승용,여,30세,기타불명,승용,남,31세,경상
2023073100100210,2023년 7월 31일 12시,월요일,강원도 철원군 동송읍,중상사고,0,2,0,0,차대차 - 측면충돌,교차로운행방법위반,건조,맑음,교차로 - 교차로안,화물,남,61세,상해없음,원동기,여,68세,중상