사고번호,사고일시,요일,시군구,사고내용,사망자수,중상자수,경상자수,부상신고자수,사고유형,법규위반,노면상태,기상상태,도로형태,가해운전자 차종,가해운전자 성별,가해운전자 연령,가해운전자 상해정도,피해운전자 차종,피해운전자 성별,피해운전자 연령,피해운전자 상해정도
2023081900100167,2023년 8월 19일 11시,토요일,강원도 평창군 봉평면,경상사고,0,0,1,0,차대차 - 측면충돌,안전운전불이행,건조,맑음,교차로 - 교차로안,화물,남,56세,상해없음,승용,남,49세,경상
2023081900100168,2023년 8월 19일 11시,토요일,강원도 동해시 효가동,중상사고,0,1,3,0,차대차 - 추돌,안전운전불이행,건조,맑음,단일로 - 기타,화물,남,53세,상해없음,승용,남,66세,경상
2023081900100208,2023년 8월 19일 12시,토요일,강원도 정선군 고한읍,중상사고,0,1,2,0,차대차 - 추돌,안전운전불이행,건조,맑음,단일로 - 기타,승용,남,51세,상해없음,승용,남,65세,상해없음
2023081900100245,2023년 8월 19일 13시,토요일,강원특별자치도 춘천시 조양동,경상사고,0,0,2,0,차대차 - 측면충돌,직진우회전진행방해,건조,맑음,단일로 - 기타,승용,남,66세,상해없음,승용,남,82세,경상
2023081900100246,2023년 8월 19일 13시,토요일,강원도 횡성군 갑천면,부상신고사고,0,0,0,1,차대차 - 측면충돌,안전운전불이행,건조,맑음,기타 - 기타,승용,남,39세,상해없음,자전거,남,54세,부상신고
2023081900100276,2023년 8월 19일 14시,토요일,강원특별자치도 강릉시 주문진읍,경상사고,0,0,1,0,차량단독 - 전도전복 - 전도,기타,건조,맑음,단일로 - 기타,이륜,남,62세,경상,,,,
2023081900100277,2023년 8월 19일 14시,토요일,강원도 삼척시 등봉동,중상사고,0,1,0,0,차대차 - 정면충돌,신호위반,건조,맑음,교차로 - 교차로안,승용,남,53세,상해없음,화물,남,43세,중상
2023081900100309,2023년 8월 19일 15시,토요일,강원특별자치도 춘천시 삼천동,경상사고,0,0,1,0,차대차 - 추돌,안전운전불이행,건조,맑음,단일로 - 기타,이륜,남,18세,경상,승용,남,19세,상해없음
2023081900100370,2023년 8월 19일 17시,토요일,강원특별자치도 춘천시 퇴계동,경상사고,0,0,1,0,차대차 - 기타,신호위반,건조,맑음,교차로 - 교차로안,기타불명,기타불명,미분류,기타불명,승용,남,58세,상해없음
2023081900100410,2023년 8월 19일 18시,토요일,강원도 원주시 단계동,경상사고,0,0,1,0,차대차 - 측면충돌,안전거리미확보,건조,맑음,교차로 - 교차로부근,승용,남,24세,상해없음,승용,여,39세,경상
2023081900100460,2023년 8월 19일 20시,토요일,강원도 원주시 단구동,경상사고,0,0,1,0,차대차 - 후진중충돌,안전운전불이행,건조,맑음,교차로 - 교차로안,승용,남,64세,상해없음,이륜,남,39세,경상
2023081900100484,2023년 8월 19일 21시,토요일,강원특별자치도 춘천시 동내면,경상사고,0,0,2,0,차대차 - 측면충돌,안전운전불이행,건조,맑음,단일로 - 기타,승용,남,53세,상해없음,승용,남,37세,경상
2023081900100508,2023년 8월 19일 22시,토요일,강원특별자치도 원주시 지정면,경상사고,0,0,3,0,차대차 - 측면충돌,신호위반,건조,맑음,교차로 - 교차로안,승용,남,21세,상해없음,승용,남,46세,경상
2023081900100520,2023년 8월 19일 23시,토요일,강원도 평창군 평창읍,중상사고,0,2,0,0,차대차 - 정면충돌,중앙선침범,건조,맑음,단일로 - 지하차도(도로)내,승용,남,56세,상해없음,승용,남,64세,중상
2023082000100036,2023년 8월 20일 03시,일요일,강원도 평창군 대관령면,중상사고,0,2,0,0,차량단독 - 공작물충돌,안전운전불이행,건조,맑음,단일로 - 지하차도(도로)내,이륜,여,20세,중상,,,,
2023082000100106,2023년 8월 20일 11시,일요일,강원특별자치도 양구군 방산면,경상사고,0,0,2,0,차대차 - 정면충돌,교차로운행방법위반,건조,맑음,교차로 - 교차로안,승용,남,25세,상해없음,화물,남,65세,경상
2023082000100134,2023년 8월 20일 12시,일요일,강원도 영월군 영월읍,경상사고,0,0,1,0,차대차 - 측면충돌,안전운전불이행,건조,맑음,교차로 - 교차로부근,화물,남,69세,상해없음,자전거,남,29세,경상
2023082000100135,2023년 8월 20일 12시,일요일,강원도 인제군 인제읍,중상사고,0,4,0,0,차대차 - 측면충돌,안전운전불이행,건조,맑음,교차로 - 교차로안,이륜,남,71세,중상,승용,남,38세,상해없음
2023082000100166,2023년 8월 20일 13시,일요일,강원특별자치도 강릉시 견소동,경상사고,0,0,2,0,차대차 - 후진중충돌,안전운전불이행,건조,맑음,주차장 - 주차장,승용,남,28세,상해없음,승용,남,23세,경상
2023082000100195,2023년 8월 20일 14시,일요일,강원도 평창군 대관령면,경상사고,0,0,2,0,차대차 - 후진중충돌,불법유턴,젖음/습기,비,단일로 - 지하차도(도로)내,승용,남,32세,상해없음,승용,남,31세,경상
2023082000100196,2023년 8월 20일 14시,일요일,강원도 고성군 토성면,경상사고,0,0,2,0,차대차 - 추돌,안전운전불이행,건조,흐림,기타 - 기타,승용,남,38세,상해없음,승용,여,59세,경상
2023082000100264,2023년 8월 20일 16시,일요일,강원도 속초시 조양동,경상사고,0,0,3,0,차대차 - 측면충돌,직진우회전진행방해,젖음/습기,흐림,교차로 - 교차로안,승용,여,55세,상해없음,승용,남,26세,상해없음
2023082000100316,2023년 8월 20일 18시,일요일,강원도 강릉시 노암동,중상사고,0,1,1,0,차대차 - 추돌,기타,건조,맑음,단일로 - 기타,승용,남,60세,상해없음,화물,남,77세,중상
2023082000100368,2023년 8월 20일 20시,일요일,강원도 횡성군 둔내면,경상사고,0,0,1,0,차대차 - 기타,안전거리미확보,건조,맑음,단일로 - 기타,승용,남,58세,상해없음,승용,남,35세,경상
2023082000100391,2023년 8월 20일 21시,일요일,강원도 정선군 임계면,경상사고,0,0,1,0,차대차 - 추돌,안전운전불이행,젖음/습기,흐림,기타 - 기타,승용,남,63세,상해없음,건설기계,남,38세,경상
2023082000100411,2023년 8월 20일 22시,일요일,강원도 원주시 우산동,경상사고,0,0,1,0,차대차 - 측면충돌,안전운전불이행,건조,맑음,교차로 - 교차로부근,개인형이동수단(PM),남,25세,상해없음,원동기,남,21세,경상
2023082000100412,2023년 8월 20일 22시,일요일,강원도 정선군 신동읍,경상사고,0,0,1,0,차대차 - 정면충돌,중앙선침범,건조,맑음,단일로 - 기타,화물,남,68세,상해없음,화물,남,51세,경상
2023082100100002,2023년 8월 21일 00시,월요일,강원특별자치도 춘천시 퇴계동,부상신고사고,0,0,0,1,차대사람 - 보도통행중,안전운전불이행,건조,흐림,단일로 - 기타,기타불명,기타불명,미분류,기타불명,보행자,남,30세,부상신고
2023082100100027,2023년 8월 21일 05시,월요일,강원특별자치도 춘천시 후평동,중상사고,0,1,0,0,차대사람 - 기타,안전운전불이행,건조,맑음,단일로 - 기타,화물,남,61세,상해없음,보행자,여,78세,중상
2023082100100098,2023년 8월 21일 08시,월요일,강원도 동해시 동회동,경상사고,0,0,1,0,차대사람 - 길가장자리구역통행중,안전운전불이행,건조,맑음,단일로 - 기타,승용,남,46세,상해없음,보행자,여,66세,경상
2023082100100142,2023년 8월 21일 09시,월요일,강원도 강릉시 포남동,경상사고,0,0,1,0,차대차 - 기타,안전운전불이행,건조,맑음,교차로 - 교차로안,승용,남,26세,상해없음,승용,남,30세,경상
2023082100100143,2023년 8월 21일 09시,월요일,강원도 강릉시 옥천동,경상사고,0,0,1,0,차대차 - 기타,안전운전불이행,건조,맑음,교차로 - 교차로부근,승용,여,21세,상해없음,승용,여,38세,경상
2023082100100260,2023년 8월 21일 12시,월요일,강원도 속초시 도문동,중상사고,0,1,1,0,차대차 - 측면충돌,교차로운행방법위반,건조,맑음,교차로 - 교차로안,승용,남,37세,상해없음,화물,여,70세,중상
2023082100100261,2023년 8월 21일 12시,월요일,강원특별자치도 고성군 거진읍,경상사고,0,0,1,0,차대차 - 측면충돌,기타,건조,맑음,교차로 - 교차로안,승용,남,47세,상해없음,승용,여,46세,경상
2023082100100262,2023년 8월 21일 12시,월요일,강원도 동해시 송정동,중상사고,0,1,0,0,차대차 - 기타,안전운전불이행,건조,맑음,교차로 - 교차로부근,승용,여,56세,상해없음,이륜,남,50세,중상
2023082100100296,2023년 8월 21일 13시,월요일,강원도 횡성군 안흥면,경상사고,0,0,1,0,차대사람 - 기타,안전운전불이행,건조,맑음,기타 - 기타,승용,여,63세,상해없음,보행자,남,40세,경상
2023082100100332,2023년 8월 21일 14시,월요일,강원특별자치도 홍천군 두촌면,중상사고,0,1,0,0,차량단독 - 기타,안전운전불이행,건조,맑음,단일로 - 기타,농기계,남,57세,상해없음,,,,
2023082100100333,2023년 8월 21일 14시,월요일,강원도 양구군 양구읍,중상사고,0,2,0,0,차대차 - 측면충돌,기타,건조,맑음,교차로 - 교차로안,승용,여,28세,중상,승용,남,78세,중상
2023082100100365,2023년 8월 21일 15시,월요일,강원특별자치도 춘천시 사농동,경상사고,0,0,1,0,차대차 - 기타,안전거리미확보,건조,맑음,단일로 - 기타,건설기계,남,57세,기타불명,승용,남,45세,경상
2023082100100366,2023년 8월 21일 15시,월요일,강원도 원주시 소초면,중상사고,0,1,1,0,차대차 - 추돌,신호위반,건조,맑음,교차로 - 교차로안,건설기계,남,47세,상해없음,화물,남,68세,경상
2023082100100446,2023년 8월 21일 17시,월요일,강원도 원주시 반곡동,경상사고,0,0,1,0,차대차 - 기타,안전운전불이행,건조,흐림,기타 - 기타,승용,남,46세,상해없음,자전거,남,13세,경상
2023082100100494,2023년 8월 21일 18시,월요일,강원특별자치도 춘천시 사농동,부상신고사고,0,0,0,1,차대차 - 측면충돌,안전운전불이행,건조,맑음,단일로 - 기타,승용,남,37세,상해없음,자전거,남,16세,부상신고
2023082100100495,2023년 8월 21일 18시,월요일,강원도 정선군 북평면,중상사고,0,1,1,0,차대차 - 정면충돌,중앙선침범,건조,맑음,기타 - 기타,승용,여,26세,경상,승용,여,22세,중상
2023082100100542,2023년 8월 21일 19시,월요일,강원도 강릉시 청량동,중상사고,0,1,0,0,차량단독 - 전도전복 - 전도,기타,건조,맑음,기타 - 기타,개인형이동수단(PM),남,18세,상해없음,,,,
2023082100100569,2023년 8월 21일 20시,월요일,강원특별자치도 원주시 태장동,경상사고,0,0,2,0,차대차 - 추돌,안전거리미확보,건조,맑음,교차로 - 교차로부근,승용,여,57세,상해없음,승용,여,44세,경상
2023082100100570,2023년 8월 21일 20시,월요일,강원도 홍천군 홍천읍,경상사고,0,0,1,0,차대사람 - 횡단중,안전운전불이행,건조,맑음,교차로 - 교차로부근,승용,남,75세,상해없음,보행자,여,15세,경상
2023082100100589,2023년 8월 21일 21시,월요일,강원도 원주시 단구동,경상사고,0,0,2,0,차대차 - 추돌,안전운전불이행,건조,맑음,단일로 - 기타,승용,남,26세,상해없음,승용,남,23세,경상
2023082100100608,2023년 8월 21일 22시,월요일,강원도 홍천군 홍천읍,경상사고,0,0,1,0,차대차 - 측면충돌,교차로운행방법위반,건조,맑음,교차로 - 교차로안,승용,남,29세,상해없음,이륜,남,28세,경상
2023082200100060,2023년 8월 22일 07시,화요일,강원특별자치도 원주시 무실동,부상신고사고,0,0,0,1,차대차 - 측면충돌,기타,건조,맑음,단일로 - 기타,건설기계,남,60세,상해없음,승용,여,29세,부상신고
2023082200100100,2023년 8월 22일 08시,화요일,강원도 원주시 단구동,경상사고,0,0,1,1,차대차 - 측면충돌,직진우회전진행방해,건조,맑음,교차로 - 교차로안,승용,남,61세,상해없음,승용,여,30세,기타불명
2023082200100169,2023년 8월 22일 10시,화요일,강원도 속초시 조양동,중상사고,0,1,0,0,차대차 - 측면충돌,안전운전불이행,건조,맑음,단일로 - 고가도로위,승용,여,40세,상해없음,자전거,여,61세,중상
2023082200100203,2023년 8월 22일 11시,화요일,강원도 강릉시 회산동,경상사고,0,0,1,0,차대차 - 측면충돌,안전운전불이행,건조,맑음,교차로 - 교차로안,승용,여,55세,상해없음,승용,여,26세,경상
2023082200100204,2023년 8월 22일 11시,화요일,강원도 영월군 영월읍,중상사고,0,1,1,0,차대차 - 측면충돌,직진우회전진행방해,건조,맑음,교차로 - 교차로안,승용,남,88세,상해없음,승용,남,62세,중상
2023082200100233,2023년 8월 22일 12시,화요일,강원특별자치도 춘천시 운교동,중상사고,0,1,0,0,차대사람 - 보도통행중,신호위반,건조,맑음,단일로 - 기타,승용,여,68세,상해없음,보행자,남,67세,중상
2023082200100234,2023년 8월 22일 12시,화요일,강원도 강릉시 교동,경상사고,0,0,1,0,차대차 - 기타,안전운전불이행,건조,맑음,기타 - 기타,승합,남,53세,상해없음,이륜,남,29세,경상
2023082200100235,2023년 8월 22일 12시,화요일,강원특별자치도 강릉시 임당동,중상사고,0,1,0,0,차대사람 - 기타,기타,건조,맑음,기타 - 기타,승합,남,58세,상해없음,보행자,여,75세,중상
2023082200100236,2023년 8월 22일 12시,화요일,강원특별자치도 삼척시 등봉동,경상사고,0,0,1,0,차대차 - 측면충돌,안전거리미확보,건조,맑음,교차로 - 교차로부근,승용,남,38세,상해없음,승용,남,24세,경상
2023082200100237,2023년 8월 22일 12시,화요일,강원도 평창군 봉평면,경상사고,0,0,2,0,차대차 - 정면충돌,기타,건조,맑음,단일로 - 지하차도(도로)내,화물,여,28세,경상,승용,남,46세,경상
2023082200100384,2023년 8월 22일 16시,화요일,강원특별자치도 춘천시 동산면,부상신고사고,0,0,0,2,차대차 - 후진중충돌,안전운전불이행,건조,맑음,단일로 - 기타,화물,남,70세,상해없음,승용,남,63세,부상신고
2023082200100385,2023년 8월 22일 16시,화요일,강원도 원주시 학성동,경상사고,0,0,1,0,차대차 - 측면충돌,안전거리미확보,건조,맑음,단일로 - 기타,승용,남,71세,상해없음,이륜,남,19세,경상
2023082200100386,2023년 8월 22일 16시,화요일,강원특별자치도 원주시 무실동,경상사고,0,0,1,0,차대차 - 기타,안전운전불이행,건조,맑음,교차로 - 교차로안,승용,남,67세,상해없음,건설기계,남,52세,경상
2023082200100387,2023년 8월 22일 16시,화요일,강원도 태백시 황지동,경상사고,0,0,2,0,차대차 - 기타,직진우회전진행방해,건조,맑음,교차로 - 교차로안,승용,남,68세,상해없음,승용,남,71세,경상
2023082200100428,2023년 8월 22일 17시,화요일,강원도 원주시 단구동,중상사고,0,1,0,0,차대차 - 추돌,안전거리미확보,건조,맑음,교차로 - 교차로부근,승용,남,52세,상해없음,승용,여,60세,중상
2023082200100429,2023년 8월 22일 17시,화요일,강원특별자치도 원주시 단계동,경상사고,0,0,1,1,차대차 - 측면충돌,교차로운행방법위반,건조,맑음,교차로 - 교차로부근,승용,여,58세,부상신고,승용,남,63세,경상
2023082200100430,2023년 8월 22일 17시,화요일,강원도 태백시 황지동,중상사고,0,1,0,0,차대사람 - 차도통행중,안전운전불이행,건조,맑음,단일로 - 기타,승용,남,69세,상해없음,보행자,남,62세,중상
2023082200100431,2023년 8월 22일 17시,화요일,강원도 동해시 지흥동,경상사고,0,0,3,1,차대차 - 추돌,안전운전불이행,건조,맑음,단일로 - 기타,승용,남,57세,경상,승용,남,58세,상해없음
2023082200100477,2023년 8월 22일 18시,화요일,강원도 원주시 단구동,중상사고,0,1,0,0,차대차 - 측면충돌,교차로운행방법위반,건조,흐림,교차로 - 교차로안,승용,남,40세,상해없음,자전거,남,69세,중상
2023082200100478,2023년 8월 22일 18시,화요일,강원특별자치도 원주시 판부면,경상사고,0,0,1,0,차대차 - 추돌,안전운전불이행,건조,흐림,기타 - 기타,승용,남,21세,기타불명,승용,남,28세,경상
2023082200100516,2023년 8월 22일 19시,화요일,강원특별자치도 춘천시 후평동,경상사고,0,0,1,0,차대차 - 후진중충돌,안전운전불이행,건조,맑음,기타 - 기타,승용,남,34세,상해없음,기타불명,남,30세,경상
2023082200100517,2023년 8월 22일 19시,화요일,강원도 원주시 단계동,경상사고,0,0,1,0,차대차 - 기타,안전운전불이행,건조,맑음,기타 - 기타,승용,남,19세,상해없음,승용,남,31세,경상
2023082200100518,2023년 8월 22일 19시,화요일,강원도 원주시 학성동,경상사고,0,0,1,0,차대차 - 추돌,안전운전불이행,젖음/습기,비,단일로 - 기타,승용,남,50세,상해없음,승용,남,37세,경상
2023082200100519,2023년 8월 22일 19시,화요일,강원도 원주시 봉산동,경상사고,0,0,2,0,차대차 - 측면충돌,신호위반,건조,맑음,교차로 - 교차로안,승용,남,30세,상해없음,승용,남,39세,경상
2023082200100520,2023년 8월 22일 19시,화요일,강원도 속초시 금호동,경상사고,0,0,1,0,차대차 - 측면충돌,안전운전불이행,건조,맑음,단일로 - 기타,승용,남,22세,상해없음,승용,남,29세,경상
2023082200100521,2023년 8월 22일 19시,화요일,강원도 횡성군 둔내면,중상사고,0,1,0,0,차대차 - 측면충돌,안전운전불이행,젖음/습기,흐림,교차로 - 교차로안,승용,남,49세,상해없음,승용,남,30세,중상
2023082200100563,2023년 8월 22일 20시,화요일,강원도 강릉시 포남동,중상사고,0,1,2,0,차대차 - 측면충돌,안전운전불이행,건조,맑음,교차로 - 교차로안,승용,남,55세,상해없음,이륜,남,51세,중상
2023082200100632,2023년 8월 22일 23시,화요일,강원특별자치도 춘천시 효자동,부상신고사고,0,0,0,1,차대차 - 측면충돌,안전운전불이행,건조,맑음,교차로 - 교차로안,승용,남,59세,기타불명,이륜,남,32세,부상신고
2023082300100056,2023년 8월 23일 07시,수요일,강원도 원주시 명륜동,경상사고,0,0,1,0,차대차 - 측면충돌,안전운전불이행,건조,맑음,교차로 - 교차로안,승합,남,20세,상해없음,승용,남,66세,경상
2023082300100090,2023년 8월 23일 08시,수요일,강원특별자치도 원주시 판부면,경상사고,0,0,1,0,차대차 - 측면충돌,안전거리미확보,건조,흐림,기타 - 기타,승용,여,46세,상해없음,승용,여,25세,경상
2023082300100124,2023년 8월 23일 09시,수요일,강원도 원주시 호저면,경상사고,0,0,2,0,차대차 - 기타,신호위반,건조,맑음,교차로 - 교차로안,승용,남,31세,상해없음,승용,남,63세,경상
2023082300100149,2023년 8월 23일 10시,수요일,강원도 원주시 무실동,중상사고,0,1,0,0,차대사람 - 차도통행중,안전운전불이행,건조,맑음,단일로 - 기타,승용,남,59세,상해없음,보행자,남,69세,중상
2023082300100150,2023년 8월 23일 10시,수요일,강원도 원주시 가현동,중상사고,0,1,0,0,차대차 - 추돌,안전운전불이행,건조,맑음,단일로 - 기타,승용,남,55세,상해없음,승용,남,52세,중상
2023082300100179,2023년 8월 23일 11시,수요일,강원특별자치도 춘천시 신동면,경상사고,0,0,4,0,차대차 - 측면충돌,교차로운행방법위반,건조,맑음,교차로 - 교차로횡단보도내,승합,남,65세,상해없음,승용,여,23세,경상
2023082300100216,2023년 8월 23일 12시,수요일,강원특별자치도 춘천시 근화동,경상사고,0,0,1,0,차대차 - 측면충돌,안전거리미확보,젖음/습기,비,단일로 - 기타,승용,남,56세,상해없음,승용,여,52세,경상
2023082300100217,2023년 8월 23일 12시,수요일,강원도 원주시 중앙동,경상사고,0,0,2,0,차대차 - 기타,안전거리미확보,건조,맑음,기타 - 기타,승용,여,56세,상해없음,승용,남,25세,경상
2023082300100218,2023년 8월 23일 12시,수요일,강원특별자치도 원주시 단계동,경상사고,0,0,1,0,차대차 - 기타,교차로운행방법위반,건조,맑음,교차로 - 교차로안,승용,여,54세,상해없음,승용,여,30세,경상
2023082300100245,2023년 8월 23일 13시,수요일,강원도 양양군 손양면,경상사고,0,0,1,0,차대사람 - 기타,안전운전불이행,젖음/습기,비,단일로 - 기타,승용,남,64세,상해없음,보행자,남,27세,경상
2023082300100276,2023년 8월 23일 14시,수요일,강원특별자치도 춘천시 석사동,경상사고,0,0,1,0,차대차 - 측면충돌,안전운전불이행,젖음/습기,비,단일로 - 기타,승용,남,54세,상해없음,승용,여,45세,경상
2023082300100277,2023년 8월 23일 14시,수요일,강원도 원주시 태장동,중상사고,0,1,0,0,차대차 - 측면충돌,신호위반,건조,흐림,교차로 - 교차로안,승용,여,71세,상해없음,승용,여,51세,중상
2023082300100303,2023년 8월 23일 15시,수요일,강원특별자치도 춘천시 후평동,경상사고,0,0,1,0,차대차 - 측면충돌,안전운전불이행,건조,맑음,교차로 - 교차로안,승용,남,75세,상해없음,화물,남,60세,상해없음
2023082300100304,2023년 8월 23일 15시,수요일,강원도 평창군 봉평면,경상사고,0,0,2,0,차대차 - 측면충돌,교차로운행방법위반,건조,맑음,교차로 - 교차로안,화물,여,46세,상해없음,승용,남,71세,경상
2023082300100305,2023년 8월 23일 15시,수요일,강원도 동해시 부곡동,중상사고,0,1,0,0,차대사람 - 보도통행중,안전운전불이행,건조,맑음,단일로 - 기타,자전거,여,77세,상해없음,보행자,남,69세,중상
2023082300100338,2023년 8월 23일 16시,수요일,강원특별자치도 춘천시 신동면,중상사고,0,1,1,0,차량단독 - 전도전복 - 전도,안전운전불이행,젖음/습기,비,단일로 - 기타,승합,남,59세,상해없음,,,,
2023082300100371,2023년 8월 23일 17시,수요일,강원도 원주시 관설동,중상사고,0,1,0,0,차대차 - 기타,안전운전불이행,젖음/습기,비,교차로 - 교차로안,승용,여,45세,기타불명,승용,여,31세,중상
2023082300100447,2023년 8월 23일 19시,수요일,강원특별자치도 춘천시 낙원동,경상사고,0,0,1,1,차대차 - 측면충돌,안전운전불이행,젖음/습기,비,단일로 - 기타,승용,남,21세,기타불명,승용,여,63세,경상
2023082300100448,2023년 8월 23일 19시,수요일,강원특별자치도 춘천시 교동,중상사고,0,1,0,0,차대사람 - 횡단중,보행자보호의무위반,젖음/습기,비,교차로 - 교차로횡단보도내,승용,남,34세,상해없음,보행자,여,19세,중상
2023082300100449,2023년 8월 23일 19시,수요일,강원도 강릉시 포남동,경상사고,0,0,1,0,차대차 - 기타,안전운전불이행,젖음/습기,비,기타 - 기타,승용,남,65세,상해없음,승용,남,35세,경상
2023082300100450,2023년 8월 23일 19시,수요일,강원도 원주시 단구동,경상사고,0,0,1,0,차대차 - 정면충돌,신호위반,젖음/습기,비,교차로 - 교차로안,승용,남,27세,상해없음,화물,남,60세,경상
2023082300100451,2023년 8월 23일 19시,수요일,강원도 원주시 평원동,사망사고,1,0,0,0,차대사람 - 차도통행중,기타,젖음/습기,비,교차로 - 교차로안,승용,여,53세,기타불명,보행자,여,82세,사망
2023082300100486,2023년 8월 23일 20시,수요일,강원특별자치도 춘천시 효자동,부상신고사고,0,0,0,2,차대차 - 추돌,안전거리미확보,건조,맑음,단일로 - 기타,승용,여,19세,상해없음,승용,남,71세,부상신고
2023082300100487,2023년 8월 23일 20시,수요일,강원특별자치도 춘천시 동내면,경상사고,0,0,1,0,차대사람 - 차도통행중,안전운전불이행,건조,맑음,단일로 - 기타,승용,남,49세,상해없음,보행자,여,39세,경상
2023082400100057,2023년 8월 24일 06시,목요일,강원특별자치도 삼척시 남양동,경상사고,0,0,1,0,차대차 - 측면충돌,교차로운행방법위반,젖음/습기,흐림,교차로 - 교차로안,승용,여,66세,상해없음,승합,남,60세,경상
2023082400100142,2023년 8월 24일 09시,목요일,강원도 화천군 화천읍,경상사고,0,0,1,1,차대차 - 측면충돌,직진우회전진행방해,젖음/습기,맑음,교차로 - 교차로안,승용,여,31세,부상신고,승용,남,51세,경상
2023082400100166,2023년 8월 24일 10시,목요일,강원도 강릉시 사천면,경상사고,0,0,2,0,차대차 - 측면충돌,안전운전불이행,젖음/습기,비,기타 - 기타,승용,남,70세,상해없음,승용,여,54세,경상
2023082400100167,2023년 8월 24일 10시,목요일,강원도 평창군 미탄면,중상사고,0,4,0,0,차대차 - 정면충돌,신호위반,젖음/습기,비,단일로 - 지하차도(도로)내,승용,남,66세,중상,승용,남,80세,중상
2023082400100195,2023년 8월 24일 11시,목요일,강원도 원주시 무실동,경상사고,0,0,2,0,차대차 - 측면충돌,신호위반,건조,맑음,교차로 - 교차로안,승합,남,31세,상해없음,승용,여,50세,경상
2023082400100255,2023년 8월 24일 13시,목요일,강원도 원주시 문막읍,경상사고,0,0,1,0,차대차 - 측면충돌,신호위반,건조,맑음,교차로 - 교차로안,승용,남,53세,상해없음,승용,여,52세,경상
2023082400100256,2023년 8월 24일 13시,목요일,강원도 홍천군 영귀미면,경상사고,0,0,1,0,차대차 - 추돌,안전운전불이행,건조,맑음,단일로 - 기타,화물,남,55세,상해없음,승용,여,63세,경상
2023082400100291,2023년 8월 24일 14시,목요일,강원도 강릉시 교동,경상사고,0,0,1,0,차대차 - 측면충돌,안전운전불이행,건조,맑음,교차로 - 교차로안,승용,남,64세,상해없음,승용,남,71세,경상
2023082400100292,2023년 8월 24일 14시,목요일,강원특별자치도 태백시 황지동,부상신고사고,0,0,0,1,차대사람 - 차도통행중,안전운전불이행,건조,맑음,교차로 - 교차로안,승용,남,59세,상해없음,보행자,남,64세,부상신고
2023082400100329,2023년 8월 24일 15시,목요일,강원도 강릉시 홍제동,경상사고,0,0,1,0,차대차 - 기타,신호위반,젖음/습기,맑음,교차로 - 교차로안,승용,여,36세,상해없음,승용,남,59세,경상
2023082400100330,2023년 8월 24일 15시,목요일,강원도 영월군 영월읍,경상사고,0,0,2,0,차대차 - 추돌,안전운전불이행,젖음/습기,흐림,교차로 - 교차로부근,화물,남,68세,상해없음,승용,여,40세,경상
2023082400100443,2023년 8월 24일 18시,목요일,강원도 원주시 태장동,경상사고,0,0,2,0,차대차 - 추돌,안전거리미확보,젖음/습기,맑음,단일로 - 기타,승용,남,37세,상해없음,승용,여,45세,경상
2023082400100486,2023년 8월 24일 19시,목요일,강원도 강릉시 노암동,경상사고,0,0,1,0,차대사람 - 횡단중,보행자보호의무위반,젖음/습기,비,단일로 - 기타,승용,남,63세,기타불명,보행자,남,64세,경상
2023082400100526,2023년 8월 24일 20시,목요일,강원특별자치도 춘천시 석사동,경상사고,0,0,1,0,차대차 - 정면충돌,신호위반,젖음/습기,비,교차로 - 교차로안,승용,남,47세,상해없음,승용,여,34세,경상
2023082400100573,2023년 8월 24일 22시,목요일,강원특별자치도 춘천시 후평동,경상사고,0,0,1,0,차대차 - 추돌,안전운전불이행,젖음/습기,비,단일로 - 기타,승용,남,31세,상해없음,승용,남,56세,경상
2023082400100574,2023년 8월 24일 22시,목요일,강원도 강릉시 교동,중상사고,0,1,0,0,차대사람 - 횡단중,보행자보호의무위반,젖음/습기,비,단일로 - 기타,승용,남,62세,상해없음,보행자,남,53세,중상
2023082400100589,2023년 8월 24일 23시,목요일,강원도 속초시 중앙동,중상사고,0,1,0,0,차대차 - 측면충돌,안전거리미확보,젖음/습기,비,단일로 - 기타,승용,남,25세,상해없음,이륜,남,18세,중상
2023082500100081,2023년 8월 25일 07시,금요일,강원도 홍천군 홍천읍,경상사고,0,0,1,0,차대차 - 측면충돌,교차로운행방법위반,건조,맑음,교차로 - 교차로안,화물,남,68세,상해없음,화물,남,72세,경상
2023082500100119,2023년 8월 25일 08시,금요일,강원도 원주시 지정면,경상사고,0,0,1,0,차대차 - 측면충돌,안전운전불이행,건조,맑음,교차로 - 교차로안,화물,남,64세,상해없음,승용,여,68세,상해없음
2023082500100120,2023년 8월 25일 08시,금요일,강원도 태백시 장성동,경상사고,0,0,1,0,차대차 - 측면충돌,안전거리미확보,젖음/습기,흐림,교차로 - 교차로부근,승용,여,66세,상해없음,승용,남,23세,경상
2023082500100303,2023년 8월 25일 13시,금요일,강원도 횡성군 우천면,중상사고,0,1,1,0,차대차 - 측면충돌,교차로운행방법위반,건조,맑음,교차로 - 교차로안,농기계,남,60세,중상,승용,남,57세,경상