사고번호,사고일시,요일,시군구,사고내용,사망자수,중상자수,경상자수,부상신고자수,사고유형,법규위반,노면상태,기상상태,도로형태,가해운전자 차종,가해운전자 성별,가해운전자 연령,가해운전자 상해정도,피해운전자 차종,피해운전자 성별,피해운전자 연령,피해운전자 상해정도
2023082500100355,2023년 8월 25일 14시,금요일,강원도 춘천시 조양동,경상사고,0,0,1,0,차대사람 - 횡단중,안전운전불이행,건조,맑음,기타 - 기타,승용,여,56세,상해없음,보행자,여,40세,경상
2023082500100356,2023년 8월 25일 14시,금요일,강원특별자치도 춘천시 서면,경상사고,0,0,1,0,차대차 - 측면충돌,안전운전불이행,건조,맑음,단일로 - 기타,승용,남,25세,상해없음,승용,남,50세,경상
2023082500100357,2023년 8월 25일 14시,금요일,강원특별자치도 춘천시 동내면,경상사고,0,0,1,0,차대차 - 측면충돌,교차로운행방법위반,건조,맑음,교차로 - 교차로안,승용,남,82세,상해없음,승용,남,27세,경상
2023082500100358,2023년 8월 25일 14시,금요일,강원특별자치도 춘천시 사북면,경상사고,0,0,2,0,차대차 - 기타,중앙선침범,건조,맑음,단일로 - 기타,승용,여,49세,경상,승용,남,24세,경상
2023082500100359,2023년 8월 25일 14시,금요일,강원도 원주시 단계동,중상사고,0,1,0,0,차대차 - 측면충돌,안전운전불이행,건조,맑음,단일로 - 기타,승용,여,65세,상해없음,이륜,남,38세,중상
2023082500100403,2023년 8월 25일 15시,금요일,강원도 원주시 태장동,경상사고,0,0,1,0,차대사람 - 횡단중,신호위반,건조,맑음,교차로 - 교차로횡단보도내,승용,여,55세,상해없음,보행자,남,63세,경상
2023082500100466,2023년 8월 25일 16시,금요일,강원특별자치도 태백시 황지동,중상사고,0,1,0,0,차대사람 - 기타,안전운전불이행,건조,맑음,단일로 - 기타,승합,남,59세,상해없음,보행자,여,48세,중상
2023082500100467,2023년 8월 25일 16시,금요일,강원특별자치도 태백시 황지동,경상사고,0,0,2,0,차대차 - 추돌,안전거리미확보,건조,맑음,교차로 - 교차로안,건설기계,남,54세,상해없음,승용,남,49세,경상
2023082500100522,2023년 8월 25일 17시,금요일,강원도 강릉시 입암동,경상사고,0,0,1,0,차대사람 - 길가장자리구역통행중,안전운전불이행,건조,맑음,단일로 - 기타,승용,여,70세,상해없음,보행자,여,58세,경상
2023082500100523,2023년 8월 25일 17시,금요일,강원도 원주시 단구동,경상사고,0,0,1,0,차대차 - 기타,안전운전불이행,건조,맑음,교차로 - 교차로부근,승용,남,67세,상해없음,승용,여,55세,경상
2023082500100599,2023년 8월 25일 18시,금요일,강원도 원주시 호저면,경상사고,0,0,1,0,차대사람 - 기타,안전운전불이행,건조,맑음,단일로 - 기타,승용,남,63세,상해없음,보행자,남,81세,경상
2023082500100600,2023년 8월 25일 18시,금요일,강원도 양양군 양양읍,경상사고,0,0,2,0,차대차 - 추돌,안전운전불이행,건조,맑음,단일로 - 기타,화물,남,66세,상해없음,승용,남,46세,경상
2023082500100601,2023년 8월 25일 18시,금요일,강원특별자치도 양양군 양양읍,경상사고,0,0,2,0,차대차 - 기타,안전운전불이행,건조,맑음,단일로 - 기타,승용,남,33세,경상,화물,남,41세,상해없음
2023082500100648,2023년 8월 25일 19시,금요일,강원특별자치도 강릉시 교동,경상사고,0,0,1,0,차대차 - 측면충돌,안전운전불이행,건조,맑음,교차로 - 교차로안,승용,남,55세,상해없음,승용,여,45세,경상
2023082500100723,2023년 8월 25일 21시,금요일,강원특별자치도 춘천시 퇴계동,경상사고,0,0,1,0,차대차 - 측면충돌,교차로운행방법위반,건조,맑음,교차로 - 교차로부근,승용,남,18세,상해없음,이륜,남,40세,경상
2023082500100766,2023년 8월 25일 23시,금요일,강원도 속초시 조양동,중상사고,0,1,0,0,차대사람 - 횡단중,안전운전불이행,건조,맑음,교차로 - 교차로안,승용,남,68세,상해없음,보행자,남,66세,중상
2023082600100023,2023년 8월 26일 01시,토요일,강원도 양양군 현남면,중상사고,0,1,1,0,차대차 - 측면충돌,안전운전불이행,건조,맑음,단일로 - 기타,승용,남,20세,상해없음,승용,남,40세,중상
2023082600100024,2023년 8월 26일 01시,토요일,강원도 삼척시 원덕읍,경상사고,0,0,1,0,차대차 - 후진중충돌,안전운전불이행,건조,맑음,기타 - 기타,승용,여,52세,상해없음,승용,여,32세,경상
2023082600100067,2023년 8월 26일 06시,토요일,강원도 홍천군 영귀미면,사망사고,1,0,0,0,차대사람 - 보도통행중,안전운전불이행,건조,맑음,단일로 - 기타,승용,여,69세,상해없음,보행자,여,69세,사망
2023082600100101,2023년 8월 26일 08시,토요일,강원도 강릉시 사천면,경상사고,0,0,2,0,차대차 - 추돌,안전운전불이행,건조,맑음,기타 - 기타,승용,남,57세,상해없음,승용,여,42세,경상
2023082600100129,2023년 8월 26일 09시,토요일,강원도 삼척시 남양동,중상사고,0,1,0,0,차대차 - 측면충돌,안전운전불이행,건조,맑음,단일로 - 기타,개인형이동수단(PM),남,82세,중상,승용,여,41세,상해없음
2023082600100161,2023년 8월 26일 10시,토요일,강원도 태백시 화전동,경상사고,0,0,1,0,차대차 - 측면충돌,신호위반,건조,맑음,교차로 - 교차로안,승용,남,66세,상해없음,승용,남,49세,경상
2023082600100203,2023년 8월 26일 11시,토요일,강원특별자치도 원주시 흥업면,경상사고,0,0,1,0,차대차 - 추돌,안전거리미확보,건조,맑음,기타 - 기타,승용,남,24세,상해없음,승용,남,40세,경상
2023082600100204,2023년 8월 26일 11시,토요일,강원특별자치도 양구군 양구읍,사망사고,1,0,0,1,차대차 - 기타,중앙선침범,건조,맑음,단일로 - 기타,화물,남,36세,부상신고,이륜,남,46세,사망
2023082600100243,2023년 8월 26일 12시,토요일,강원특별자치도 춘천시 석사동,중상사고,0,1,0,0,차대차 - 기타,안전운전불이행,건조,맑음,교차로 - 교차로안,승용,남,43세,상해없음,원동기,남,60세,중상
2023082600100244,2023년 8월 26일 12시,토요일,강원특별자치도 춘천시 후평동,경상사고,0,0,2,0,차대차 - 추돌,안전운전불이행,건조,맑음,교차로 - 교차로부근,승용,남,28세,상해없음,승용,남,53세,경상
2023082600100245,2023년 8월 26일 12시,토요일,강원특별자치도 춘천시 퇴계동,경상사고,0,0,3,2,차대차 - 정면충돌,중앙선침범,건조,맑음,교차로 - 교차로부근,승용,여,63세,부상신고,승용,남,54세,경상
2023082600100246,2023년 8월 26일 12시,토요일,강원특별자치도 강릉시 교동,부상신고사고,0,0,0,1,차대차 - 기타,안전운전불이행,건조,맑음,교차로 - 교차로안,승용,남,26세,상해없음,승용,여,63세,부상신고
2023082600100247,2023년 8월 26일 12시,토요일,강원특별자치도 동해시 평릉동,경상사고,0,0,1,0,차대차 - 추돌,안전운전불이행,건조,맑음,교차로 - 교차로안,화물,남,47세,상해없음,승용,남,51세,경상
2023082600100294,2023년 8월 26일 13시,토요일,강원도 삼척시 신기면,경상사고,0,0,2,0,차대차 - 기타,중앙선침범,건조,맑음,단일로 - 기타,승용,남,63세,기타불명,승용,남,32세,경상
2023082600100295,2023년 8월 26일 13시,토요일,강원도 홍천군 내촌면,경상사고,0,0,2,0,차대차 - 추돌,안전운전불이행,건조,맑음,단일로 - 터널,승용,남,76세,상해없음,승용,남,30세,경상
2023082600100337,2023년 8월 26일 14시,토요일,강원특별자치도 춘천시 교동,경상사고,0,0,1,0,차대차 - 측면충돌,안전운전불이행,건조,맑음,단일로 - 기타,승용,남,63세,상해없음,승용,남,38세,경상
2023082600100368,2023년 8월 26일 15시,토요일,강원특별자치도 평창군 대화면,경상사고,0,0,2,0,차대차 - 추돌,안전운전불이행,건조,맑음,단일로 - 지하차도(도로)내,화물,남,57세,상해없음,화물,남,62세,경상
2023082600100369,2023년 8월 26일 15시,토요일,강원도 정선군 고한읍,경상사고,0,0,2,0,차대차 - 추돌,안전거리미확보,건조,맑음,기타 - 기타,화물,남,55세,경상,승용,남,32세,경상
2023082600100420,2023년 8월 26일 16시,토요일,강원도 원주시 중앙동,중상사고,0,1,0,0,차대사람 - 기타,안전운전불이행,건조,맑음,단일로 - 기타,승용,여,24세,상해없음,보행자,남,61세,중상
2023082600100457,2023년 8월 26일 17시,토요일,강원특별자치도 강릉시 강동면,경상사고,0,0,1,0,차대차 - 기타,안전운전불이행,건조,맑음,교차로 - 교차로부근,승용,여,60세,상해없음,승용,남,42세,경상
2023082600100458,2023년 8월 26일 17시,토요일,강원특별자치도 속초시 교동,경상사고,0,0,2,0,차대차 - 측면충돌,안전거리미확보,건조,맑음,교차로 - 교차로부근,승용,남,43세,상해없음,승합,남,32세,경상
2023082600100459,2023년 8월 26일 17시,토요일,강원도 태백시 황지동,경상사고,0,0,1,0,차대차 - 측면충돌,직진우회전진행방해,건조,맑음,교차로 - 교차로부근,승용,남,65세,상해없음,승용,남,72세,경상
2023082600100482,2023년 8월 26일 18시,토요일,강원특별자치도 춘천시 퇴계동,경상사고,0,0,1,0,차대사람 - 기타,보행자보호의무위반,건조,맑음,교차로 - 교차로안,승용,남,26세,상해없음,보행자,여,4세,경상
2023082600100483,2023년 8월 26일 18시,토요일,강원특별자치도 춘천시 봉의동,중상사고,0,1,0,0,차대차 - 측면충돌,안전운전불이행,건조,맑음,단일로 - 기타,승용,남,58세,상해없음,이륜,남,39세,중상
2023082600100517,2023년 8월 26일 19시,토요일,강원도 강릉시 포남동,경상사고,0,0,1,0,차대차 - 기타,안전운전불이행,건조,맑음,단일로 - 기타,이륜,남,21세,상해없음,승용,남,33세,경상
2023082600100518,2023년 8월 26일 19시,토요일,강원도 강릉시 교동,경상사고,0,0,1,0,차대차 - 측면충돌,안전운전불이행,건조,맑음,기타 - 기타,승용,여,26세,상해없음,승용,여,42세,경상
2023082600100519,2023년 8월 26일 19시,토요일,강원도 정선군 임계면,경상사고,0,0,1,0,차대차 - 측면충돌,안전운전불이행,건조,맑음,단일로 - 기타,화물,남,58세,경상,화물,남,68세,상해없음
2023082600100594,2023년 8월 26일 22시,토요일,강원도 원주시 무실동,경상사고,0,0,1,0,차대차 - 추돌,안전운전불이행,건조,맑음,교차로 - 교차로부근,승용,여,47세,상해없음,승용,여,51세,경상
2023082600100595,2023년 8월 26일 22시,토요일,강원도 횡성군 횡성읍,중상사고,0,1,0,0,차대차 - 측면충돌,안전운전불이행,건조,맑음,교차로 - 교차로안,이륜,남,53세,상해없음,이륜,남,34세,중상
2023082600100603,2023년 8월 26일 23시,토요일,강원특별자치도 원주시 우산동,중상사고,0,1,0,0,차대차 - 기타,중앙선침범,건조,맑음,교차로 - 교차로부근,이륜,남,38세,상해없음,이륜,남,33세,중상
2023082700100058,2023년 8월 27일 06시,일요일,강원도 강릉시 교동,경상사고,0,0,1,0,차대사람 - 기타,안전운전불이행,건조,흐림,단일로 - 기타,승용,남,50세,상해없음,보행자,남,21세,경상
2023082700100080,2023년 8월 27일 08시,일요일,강원도 정선군 정선읍,중상사고,0,1,0,0,차대사람 - 횡단중,안전운전불이행,건조,맑음,교차로 - 교차로안,승용,여,64세,상해없음,보행자,여,24세,중상
2023082700100096,2023년 8월 27일 09시,일요일,강원특별자치도 춘천시 우두동,부상신고사고,0,0,0,1,차대차 - 추돌,안전거리미확보,건조,맑음,교차로 - 교차로안,이륜,남,69세,상해없음,승용,남,77세,부상신고
2023082700100097,2023년 8월 27일 09시,일요일,강원특별자치도 인제군 기린면,사망사고,1,0,0,0,차대차 - 기타,중앙선침범,건조,맑음,단일로 - 기타,자전거,남,36세,사망,승합,남,65세,상해없음
2023082700100116,2023년 8월 27일 10시,일요일,강원특별자치도 평창군 대관령면,중상사고,0,1,0,0,차대사람 - 기타,안전운전불이행,건조,맑음,기타 - 기타,자전거,남,14세,상해없음,보행자,여,62세,중상
2023082700100176,2023년 8월 27일 12시,일요일,강원특별자치도 양양군 현남면,경상사고,0,0,3,0,차대차 - 측면충돌,신호위반,건조,맑음,단일로 - 교량,화물,남,53세,상해없음,승용,남,49세,경상
2023082700100236,2023년 8월 27일 14시,일요일,강원도 강릉시 초당동,중상사고,0,1,2,0,차대차 - 측면충돌,신호위반,건조,맑음,교차로 - 교차로안,승용,여,28세,기타불명,승용,여,60세,경상
2023082700100237,2023년 8월 27일 14시,일요일,강원도 원주시 개운동,경상사고,0,0,1,0,차대차 - 정면충돌,신호위반,건조,맑음,교차로 - 교차로안,승용,남,40세,상해없음,승용,여,46세,경상
2023082700100238,2023년 8월 27일 14시,일요일,강원도 속초시 교동,경상사고,0,0,1,0,차대사람 - 횡단중,보행자보호의무위반,건조,맑음,교차로 - 교차로안,승용,여,35세,상해없음,보행자,여,41세,경상
2023082700100294,2023년 8월 27일 16시,일요일,강원도 화천군 하남면,경상사고,0,0,2,0,차대차 - 측면충돌,안전운전불이행,건조,맑음,단일로 - 기타,이륜,여,75세,경상,승용,남,28세,경상
2023082700100322,2023년 8월 27일 17시,일요일,강원특별자치도 춘천시 근화동,부상신고사고,0,0,0,1,차대차 - 후진중충돌,안전운전불이행,건조,맑음,단일로 - 기타,승용,남,46세,상해없음,이륜,남,20세,부상신고
2023082700100380,2023년 8월 27일 19시,일요일,강원특별자치도 춘천시 우두동,경상사고,0,0,2,0,차대차 - 측면충돌,중앙선침범,건조,맑음,단일로 - 기타,승용,남,41세,상해없음,승합,남,43세,경상
2023082700100381,2023년 8월 27일 19시,일요일,강원도 강릉시 노암동,경상사고,0,0,1,0,차대차 - 기타,신호위반,건조,맑음,교차로 - 교차로부근,승용,여,25세,상해없음,자전거,남,53세,경상
2023082700100382,2023년 8월 27일 19시,일요일,강원도 강릉시 노암동,중상사고,0,1,0,0,차대사람 - 횡단중,안전운전불이행,건조,맑음,교차로 - 교차로횡단보도내,승용,남,41세,상해없음,보행자,남,21세,중상
2023082700100383,2023년 8월 27일 19시,일요일,강원특별자치도 동해시 발한동,중상사고,0,1,0,0,차대차 - 기타,안전운전불이행,건조,맑음,단일로 - 기타,자전거,남,79세,중상,화물,남,66세,상해없음
2023082700100444,2023년 8월 27일 22시,일요일,강원특별자치도 인제군 기린면,중상사고,0,1,1,0,차량단독 - 기타,안전운전불이행,건조,기타,단일로 - 기타,화물,남,52세,상해없음,,,,
2023082800100043,2023년 8월 28일 06시,월요일,강원도 양양군 강현면,경상사고,0,0,1,0,차대차 - 정면충돌,기타,젖음/습기,비,단일로 - 지하차도(도로)내,승용,남,57세,상해없음,승용,남,25세,경상
2023082800100068,2023년 8월 28일 07시,월요일,강원특별자치도 춘천시 신동면,경상사고,0,0,2,0,차대차 - 추돌,안전운전불이행,건조,맑음,단일로 - 기타,승용,남,35세,상해없음,승용,남,49세,경상
2023082800100069,2023년 8월 28일 07시,월요일,강원도 홍천군 북방면,경상사고,0,0,3,0,차대차 - 측면충돌,교차로운행방법위반,젖음/습기,비,교차로 - 교차로부근,승합,남,45세,경상,승용,남,73세,경상
2023082800100159,2023년 8월 28일 09시,월요일,강원도 횡성군 횡성읍,중상사고,0,2,0,0,차대차 - 추돌,안전운전불이행,건조,맑음,교차로 - 교차로부근,화물,남,55세,상해없음,승용,남,51세,중상
2023082800100261,2023년 8월 28일 12시,월요일,강원특별자치도 춘천시 중앙로2가,경상사고,0,0,1,0,차량단독 - 기타,안전운전불이행,젖음/습기,비,교차로 - 교차로부근,승합,남,40세,상해없음,,,,
2023082800100262,2023년 8월 28일 12시,월요일,강원도 양양군 서면,경상사고,0,0,3,0,차대차 - 추돌,안전거리미확보,건조,맑음,단일로 - 기타,승용,남,73세,경상,승용,남,59세,상해없음
2023082800100352,2023년 8월 28일 15시,월요일,강원도 강릉시 초당동,경상사고,0,0,3,0,차대차 - 측면충돌,신호위반,젖음/습기,비,교차로 - 교차로안,승용,여,27세,상해없음,승용,남,65세,경상
2023082800100353,2023년 8월 28일 15시,월요일,강원특별자치도 강릉시 노암동,경상사고,0,0,1,0,차대차 - 측면충돌,안전운전불이행,젖음/습기,비,교차로 - 교차로부근,승용,여,37세,상해없음,승용,여,66세,경상
2023082800100354,2023년 8월 28일 15시,월요일,강원도 원주시 명륜동,경상사고,0,0,2,0,차대차 - 측면충돌,신호위반,건조,흐림,교차로 - 교차로안,승용,여,42세,상해없음,승용,남,51세,경상
2023082800100393,2023년 8월 28일 16시,월요일,강원도 속초시 장사동,중상사고,0,3,0,0,차대차 - 측면충돌,직진우회전진행방해,젖음/습기,비,교차로 - 교차로안,승용,남,23세,상해없음,승용,남,60세,중상
2023082800100394,2023년 8월 28일 16시,월요일,강원도 횡성군 둔내면,경상사고,0,0,2,0,차대차 - 정면충돌,중앙선침범,건조,맑음,기타 - 기타,화물,남,48세,상해없음,승용,남,19세,경상
2023082800100438,2023년 8월 28일 17시,월요일,강원특별자치도 춘천시 효자동,중상사고,0,1,0,0,차대차 - 추돌,안전거리미확보,건조,맑음,단일로 - 기타,승용,남,64세,상해없음,이륜,남,43세,중상
2023082800100439,2023년 8월 28일 17시,월요일,강원특별자치도 춘천시 석사동,경상사고,0,0,1,0,차대차 - 측면충돌,안전운전불이행,건조,맑음,단일로 - 기타,승용,남,62세,상해없음,승용,남,41세,경상
2023082800100489,2023년 8월 28일 18시,월요일,강원특별자치도 강릉시 입암동,경상사고,0,0,1,0,차대차 - 기타,안전운전불이행,젖음/습기,비,교차로 - 교차로부근,승용,남,50세,상해없음,승용,남,28세,경상
2023082800100490,2023년 8월 28일 18시,월요일,강원도 원주시 단구동,경상사고,0,0,1,0,차대사람 - 길가장자리구역통행중,안전운전불이행,건조,맑음,교차로 - 교차로부근,승용,남,37세,상해없음,보행자,남,16세,경상
2023082800100542,2023년 8월 28일 20시,월요일,강원특별자치도 춘천시 효자동,경상사고,0,0,1,0,차대차 - 측면충돌,안전운전불이행,건조,맑음,단일로 - 기타,승용,남,67세,상해없음,이륜,남,39세,경상
2023082800100543,2023년 8월 28일 20시,월요일,강원도 강릉시 포남동,경상사고,0,0,4,0,차대차 - 추돌,안전운전불이행,젖음/습기,비,단일로 - 기타,승용,남,53세,상해없음,승합,남,53세,경상
2023082800100544,2023년 8월 28일 20시,월요일,강원도 동해시 쇄운동,경상사고,0,0,1,0,차대차 - 측면충돌,교차로운행방법위반,젖음/습기,흐림,교차로 - 교차로안,승용,여,49세,상해없음,화물,남,56세,경상
2023082900100004,2023년 8월 29일 00시,화요일,강원도 횡성군 공근면,경상사고,0,0,1,0,차대차 - 정면충돌,중앙선침범,건조,맑음,단일로 - 기타,화물,남,40세,상해없음,승용,여,55세,경상
2023082900100024,2023년 8월 29일 04시,화요일,강원도 원주시 학성동,중상사고,0,1,0,0,차대사람 - 횡단중,보행자보호의무위반,건조,맑음,교차로 - 교차로횡단보도내,승용,남,54세,상해없음,보행자,남,44세,중상
2023082900100042,2023년 8월 29일 06시,화요일,강원도 강릉시 성남동,중상사고,0,1,0,0,차대사람 - 횡단중,안전운전불이행,건조,맑음,교차로 - 교차로횡단보도내,승용,여,64세,상해없음,보행자,남,71세,중상
2023082900100089,2023년 8월 29일 08시,화요일,강원특별자치도 강릉시 교동,경상사고,0,0,1,0,차대차 - 측면충돌,안전운전불이행,건조,맑음,교차로 - 교차로안,승용,남,49세,기타불명,승용,여,37세,경상
2023082900100090,2023년 8월 29일 08시,화요일,강원특별자치도 원주시 우산동,경상사고,0,0,1,0,차대차 - 측면충돌,안전운전불이행,건조,맑음,단일로 - 기타,승용,여,65세,상해없음,승용,여,51세,경상
2023082900100126,2023년 8월 29일 09시,화요일,강원특별자치도 춘천시 온의동,경상사고,0,0,1,0,차대차 - 후진중충돌,안전운전불이행,젖음/습기,비,단일로 - 기타,승용,남,77세,상해없음,승용,여,38세,경상
2023082900100127,2023년 8월 29일 09시,화요일,강원특별자치도 홍천군 두촌면,경상사고,0,0,2,0,차대차 - 추돌,안전거리미확보,건조,맑음,교차로 - 교차로부근,화물,남,22세,상해없음,승용,여,39세,경상
2023082900100162,2023년 8월 29일 10시,화요일,강원도 강릉시 사천면,경상사고,0,0,1,0,차대차 - 추돌,안전운전불이행,건조,맑음,교차로 - 교차로부근,화물,남,23세,상해없음,화물,남,68세,경상
2023082900100191,2023년 8월 29일 11시,화요일,강원도 강릉시 사천면,경상사고,0,0,1,0,차대차 - 측면충돌,안전운전불이행,건조,맑음,교차로 - 교차로안,승용,남,35세,상해없음,승용,여,47세,경상
2023082900100229,2023년 8월 29일 12시,화요일,강원도 원주시 학성동,경상사고,0,0,2,0,차대차 - 추돌,신호위반,젖음/습기,비,교차로 - 교차로안,승용,여,67세,상해없음,승용,여,47세,경상
2023082900100231,2023년 8월 29일 12시,화요일,강원특별자치도 춘천시 북산면,중상사고,0,1,0,0,차대차 - 기타,안전운전불이행,젖음/습기,흐림,단일로 - 터널,화물,남,29세,상해없음,화물,남,68세,상해없음
2023082900100268,2023년 8월 29일 13시,화요일,강원도 강릉시 옥천동,경상사고,0,0,1,0,차대차 - 기타,안전운전불이행,건조,맑음,교차로 - 교차로안,승용,여,27세,상해없음,승용,여,67세,경상
2023082900100330,2023년 8월 29일 15시,화요일,강원도 태백시 장성동,중상사고,0,1,0,0,차대사람 - 횡단중,보행자보호의무위반,젖음/습기,비,교차로 - 교차로횡단보도내,승용,여,68세,상해없음,보행자,여,76세,중상
2023082900100331,2023년 8월 29일 15시,화요일,강원도 춘천시 동산면,중상사고,0,3,0,0,차량단독 - 공작물충돌,안전운전불이행,젖음/습기,비,단일로 - 기타,승용,남,56세,중상,,,,
2023082900100366,2023년 8월 29일 16시,화요일,강원특별자치도 강릉시 교동,경상사고,0,0,1,0,차대차 - 기타,안전운전불이행,젖음/습기,비,교차로 - 교차로안,승합,남,60세,상해없음,승용,여,60세,경상
2023082900100406,2023년 8월 29일 17시,화요일,강원도 화천군 하남면,경상사고,0,0,1,0,차대차 - 측면충돌,안전거리미확보,젖음/습기,흐림,단일로 - 기타,승용,남,37세,상해없음,화물,남,39세,경상
2023082900100573,2023년 8월 29일 22시,화요일,강원도 강릉시 포남동,경상사고,0,0,1,0,차대사람 - 보도통행중,보행자보호의무위반,젖음/습기,비,기타 - 기타,승용,남,46세,상해없음,보행자,남,63세,경상
2023082900100574,2023년 8월 29일 22시,화요일,강원도 평창군 평창읍,경상사고,0,0,1,0,차대차 - 측면충돌,신호위반,젖음/습기,흐림,교차로 - 교차로안,승용,여,55세,상해없음,승용,남,81세,경상
2023083000100008,2023년 8월 30일 00시,수요일,강원특별자치도 춘천시 후평동,경상사고,0,0,1,0,차대차 - 추돌,안전운전불이행,건조,맑음,단일로 - 기타,승용,남,47세,상해없음,승용,남,52세,경상
2023083000100107,2023년 8월 30일 08시,수요일,강원특별자치도 춘천시 후평동,부상신고사고,0,0,0,1,차대사람 - 기타,안전운전불이행,젖음/습기,비,기타 - 기타,기타불명,기타불명,미분류,기타불명,보행자,남,46세,부상신고
2023083000100142,2023년 8월 30일 09시,수요일,강원특별자치도 춘천시 우두동,경상사고,0,0,1,1,차대차 - 측면충돌,차로위반,건조,맑음,단일로 - 기타,화물,남,37세,부상신고,화물,남,43세,경상
2023083000100143,2023년 8월 30일 09시,수요일,강원도 원주시 단계동,경상사고,0,0,1,0,차대사람 - 횡단중,보행자보호의무위반,젖음/습기,비,교차로 - 교차로부근,승합,남,68세,상해없음,보행자,여,65세,경상
2023083000100176,2023년 8월 30일 10시,수요일,강원도 강릉시 주문진읍,경상사고,0,0,2,0,차대차 - 기타,안전운전불이행,젖음/습기,비,기타 - 기타,승용,남,82세,경상,승용,남,67세,경상
2023083000100204,2023년 8월 30일 11시,수요일,강원특별자치도 춘천시 서면,부상신고사고,0,0,0,3,차대차 - 추돌,안전운전불이행,건조,맑음,단일로 - 기타,승용,남,34세,부상신고,승합,남,43세,부상신고
2023083000100205,2023년 8월 30일 11시,수요일,강원도 영월군 남면,경상사고,0,0,1,0,차대차 - 측면충돌,중앙선침범,젖음/습기,비,단일로 - 기타,화물,남,62세,상해없음,특수,남,57세,경상
2023083000100232,2023년 8월 30일 12시,수요일,강원도 속초시 청학동,경상사고,0,0,3,0,차대차 - 측면충돌,신호위반,건조,맑음,교차로 - 교차로안,승용,남,28세,상해없음,승용,남,45세,경상
2023083000100265,2023년 8월 30일 13시,수요일,강원도 평창군 미탄면,중상사고,0,1,2,0,차대차 - 측면충돌,직진우회전진행방해,젖음/습기,비,교차로 - 교차로안,승용,여,48세,경상,승용,남,55세,경상
2023083000100300,2023년 8월 30일 14시,수요일,강원도 인제군 북면,경상사고,0,0,2,0,차대차 - 측면충돌,안전운전불이행,젖음/습기,흐림,교차로 - 교차로안,승용,남,43세,상해없음,승용,여,65세,경상
2023083000100335,2023년 8월 30일 15시,수요일,강원도 원주시 단구동,경상사고,0,0,1,0,차대사람 - 횡단중,기타,젖음/습기,비,단일로 - 기타,승용,여,60세,상해없음,보행자,여,7세,경상
2023083000100371,2023년 8월 30일 16시,수요일,강원도 원주시 호저면,사망사고,1,0,0,0,차량단독 - 도로외이탈 - 추락,안전운전불이행,건조,기타,기타 - 기타,사륜오토바이(ATV),남,80세,사망,,,,
2023083000100404,2023년 8월 30일 17시,수요일,강원특별자치도 춘천시 소양로3가,경상사고,0,0,1,0,차대차 - 측면충돌,교차로운행방법위반,젖음/습기,비,교차로 - 교차로안,화물,남,46세,상해없음,승용,남,58세,경상
2023083000100405,2023년 8월 30일 17시,수요일,강원도 원주시 호저면,중상사고,0,2,0,0,차대차 - 측면충돌,신호위반,젖음/습기,비,교차로 - 교차로안,승용,남,50세,중상,화물,남,50세,중상
2023083000100450,2023년 8월 30일 18시,수요일,강원도 원주시 문막읍,경상사고,0,0,1,0,차대사람 - 횡단중,보행자보호의무위반,젖음/습기,비,교차로 - 교차로안,승용,남,51세,상해없음,보행자,남,9세,경상
2023083000100451,2023년 8월 30일 18시,수요일,강원특별자치도 삼척시 도계읍,중상사고,0,1,1,0,차대차 - 측면충돌,중앙선침범,젖음/습기,비,단일로 - 기타,화물,남,41세,경상,화물,남,65세,중상
2023083000100488,2023년 8월 30일 19시,수요일,강원특별자치도 양구군 국토정중앙면,경상사고,0,0,1,0,차대차 - 측면충돌,신호위반,젖음/습기,비,교차로 - 교차로안,승용,남,40세,상해없음,승용,여,25세,경상
2023083000100525,2023년 8월 30일 20시,수요일,강원특별자치도 정선군 신동읍,중상사고,0,2,1,0,차대차 - 기타,안전운전불이행,젖음/습기,비,기타 - 기타,승용,남,28세,기타불명,건설기계,남,61세,경상
2023083000100554,2023년 8월 30일 21시,수요일,강원도 원주시 중앙동,경상사고,0,0,1,0,차대사람 - 기타,안전운전불이행,건조,맑음,단일로 - 기타,승용,남,32세,상해없음,보행자,여,63세,경상
2023083100100035,2023년 8월 31일 04시,목요일,강원특별자치도 동해시 발한동,경상사고,0,0,1,0,차대차 - 기타,신호위반,건조,맑음,교차로 - 교차로안,승용,여,63세,상해없음,화물,남,53세,경상
2023083100100042,2023년 8월 31일 05시,목요일,강원도 태백시 황지동,중상사고,0,1,0,0,차대사람 - 횡단중,안전운전불이행,건조,맑음,단일로 - 기타,승용,남,82세,상해없음,보행자,남,74세,중상
2023083100100075,2023년 8월 31일 07시,목요일,강원특별자치도 강릉시 홍제동,경상사고,0,0,1,0,차대차 - 기타,안전운전불이행,건조,맑음,교차로 - 교차로안,승용,여,53세,상해없음,승용,남,32세,경상
2023083100100233,2023년 8월 31일 12시,목요일,강원특별자치도 춘천시 퇴계동,경상사고,0,0,3,0,차대차 - 측면충돌,중앙선침범,건조,맑음,단일로 - 기타,승용,남,35세,상해없음,승용,남,64세,경상