사고번호,사고일시,요일,시군구,사고내용,사망자수,중상자수,경상자수,부상신고자수,사고유형,법규위반,노면상태,기상상태,도로형태,가해운전자 차종,가해운전자 성별,가해운전자 연령,가해운전자 상해정도,피해운전자 차종,피해운전자 성별,피해운전자 연령,피해운전자 상해정도
2023083100100234,2023년 8월 31일 12시,목요일,강원특별자치도 춘천시 소양로2가,경상사고,0,0,1,0,차대차 - 측면충돌,교차로운행방법위반,건조,맑음,교차로 - 교차로안,승용,여,75세,상해없음,승합,남,59세,상해없음
2023083100100292,2023년 8월 31일 14시,목요일,강원도 강릉시 입암동,경상사고,0,0,1,0,차대사람 - 보도통행중,기타,건조,맑음,기타 - 기타,자전거,남,10세,기타불명,보행자,여,61세,경상
2023083100100293,2023년 8월 31일 14시,목요일,강원도 원주시 무실동,경상사고,0,0,2,0,차대차 - 측면충돌,안전거리미확보,건조,맑음,교차로 - 교차로안,승용,남,67세,상해없음,승용,남,77세,경상
2023083100100329,2023년 8월 31일 15시,목요일,강원특별자치도 춘천시 낙원동,경상사고,0,0,1,0,차대차 - 기타,안전운전불이행,건조,맑음,단일로 - 기타,승합,남,58세,상해없음,승용,남,72세,경상
2023083100100330,2023년 8월 31일 15시,목요일,강원도 원주시 지정면,경상사고,0,0,1,0,차대차 - 측면충돌,안전운전불이행,건조,맑음,교차로 - 교차로횡단보도내,승용,여,62세,상해없음,자전거,남,32세,경상
2023083100100370,2023년 8월 31일 16시,목요일,강원도 홍천군 홍천읍,경상사고,0,0,2,0,차대차 - 측면충돌,안전운전불이행,건조,맑음,교차로 - 교차로안,승용,남,18세,상해없음,승용,여,61세,경상
2023083100100371,2023년 8월 31일 16시,목요일,강원특별자치도 철원군 동송읍,경상사고,0,0,1,0,차대차 - 측면충돌,중앙선침범,건조,맑음,단일로 - 기타,화물,남,76세,상해없음,승용,남,30세,경상
2023083100100422,2023년 8월 31일 17시,목요일,강원특별자치도 춘천시 동내면,경상사고,0,0,1,0,차대사람 - 기타,안전운전불이행,건조,맑음,단일로 - 기타,승합,남,48세,상해없음,보행자,여,75세,경상
2023083100100468,2023년 8월 31일 18시,목요일,강원특별자치도 춘천시 효자동,부상신고사고,0,0,0,1,차대사람 - 기타,안전운전불이행,건조,맑음,교차로 - 교차로부근,승용,남,55세,상해없음,보행자,남,44세,부상신고
2023083100100469,2023년 8월 31일 18시,목요일,강원특별자치도 춘천시 근화동,부상신고사고,0,0,0,1,차대차 - 기타,안전운전불이행,건조,맑음,교차로 - 교차로부근,자전거,남,14세,부상신고,승용,여,49세,상해없음
2023083100100505,2023년 8월 31일 19시,목요일,강원도 강릉시 강문동,부상신고사고,0,0,0,1,차대사람 - 기타,안전운전불이행,건조,맑음,기타 - 기타,승용,여,66세,상해없음,보행자,남,53세,부상신고
2023083100100506,2023년 8월 31일 19시,목요일,강원도 원주시 중앙동,경상사고,0,0,1,0,차대사람 - 기타,안전운전불이행,건조,맑음,교차로 - 교차로안,승용,여,60세,상해없음,보행자,여,83세,경상
2023083100100507,2023년 8월 31일 19시,목요일,강원도 정선군 남면,경상사고,0,0,2,0,차대차 - 후진중충돌,안전운전불이행,건조,맑음,주차장 - 주차장,화물,남,60세,상해없음,승합,남,73세,경상
2023083100100580,2023년 8월 31일 21시,목요일,강원도 원주시 관설동,경상사고,0,0,1,0,차대차 - 측면충돌,안전운전불이행,건조,맑음,단일로 - 기타,승용,남,32세,상해없음,승용,여,65세,경상
2023083100100581,2023년 8월 31일 21시,목요일,강원도 영월군 영월읍,중상사고,0,1,0,0,차대사람 - 기타,안전운전불이행,건조,맑음,단일로 - 기타,화물,여,58세,상해없음,보행자,남,67세,중상
2023083100100630,2023년 8월 31일 23시,목요일,강원도 속초시 교동,중상사고,0,1,0,0,차대차 - 측면충돌,교차로운행방법위반,건조,흐림,교차로 - 교차로안,승용,여,60세,기타불명,이륜,남,30세,중상
2023083100100631,2023년 8월 31일 23시,목요일,강원특별자치도 인제군 인제읍,경상사고,0,0,1,0,차대차 - 정면충돌,중앙선침범,건조,맑음,단일로 - 기타,화물,남,77세,상해없음,승용,남,61세,경상
2023090100100010,2023년 9월 1일 00시,금요일,강원도 강릉시 교동,경상사고,0,0,3,0,차대차 - 기타,안전운전불이행,건조,맑음,기타 - 기타,승용,남,29세,상해없음,승용,남,59세,경상
2023090100100011,2023년 9월 1일 00시,금요일,강원도 원주시 단구동,경상사고,0,0,1,0,차대차 - 측면충돌,안전거리미확보,건조,맑음,교차로 - 교차로부근,승용,여,62세,상해없음,승용,여,22세,경상
2023090100100130,2023년 9월 1일 08시,금요일,강원특별자치도 춘천시 동내면,중상사고,0,1,0,1,차대차 - 측면충돌,안전운전불이행,건조,맑음,교차로 - 교차로안,승용,여,64세,부상신고,승용,여,61세,중상
2023090100100131,2023년 9월 1일 08시,금요일,강원특별자치도 춘천시 사농동,경상사고,0,0,2,0,차대차 - 측면충돌,중앙선침범,건조,맑음,단일로 - 기타,승용,남,77세,기타불명,승용,남,61세,경상
2023090100100132,2023년 9월 1일 08시,금요일,강원도 홍천군 서석면,경상사고,0,0,1,0,차대차 - 측면충돌,교차로운행방법위반,건조,맑음,교차로 - 교차로안,이륜,여,65세,경상,승용,남,30세,상해없음
2023090100100133,2023년 9월 1일 08시,금요일,강원특별자치도 화천군 사내면,경상사고,0,0,6,0,차대차 - 측면충돌,교차로운행방법위반,건조,맑음,교차로 - 교차로안,승용,남,22세,상해없음,승용,남,28세,경상
2023090100100193,2023년 9월 1일 10시,금요일,강원도 강릉시 교동,경상사고,0,0,1,0,차대차 - 기타,안전운전불이행,건조,맑음,교차로 - 교차로횡단보도내,화물,남,75세,상해없음,자전거,여,68세,경상
2023090100100194,2023년 9월 1일 10시,금요일,강원도 강릉시 옥천동,경상사고,0,0,1,0,차대사람 - 길가장자리구역통행중,안전운전불이행,건조,맑음,단일로 - 기타,승용,여,51세,상해없음,보행자,남,46세,경상
2023090100100195,2023년 9월 1일 10시,금요일,강원도 태백시 황지동,경상사고,0,0,2,0,차대차 - 기타,직진우회전진행방해,건조,맑음,교차로 - 교차로안,승용,남,82세,상해없음,화물,남,69세,경상
2023090100100233,2023년 9월 1일 11시,금요일,강원도 원주시 일산동,경상사고,0,0,3,0,차대차 - 기타,안전운전불이행,건조,맑음,교차로 - 교차로부근,승용,여,54세,상해없음,승용,남,67세,경상
2023090100100234,2023년 9월 1일 11시,금요일,강원특별자치도 양구군 양구읍,경상사고,0,0,1,0,차대차 - 기타,교차로운행방법위반,건조,맑음,교차로 - 교차로안,승용,남,68세,상해없음,이륜,남,31세,경상
2023090100100272,2023년 9월 1일 12시,금요일,강원특별자치도 춘천시 후평동,경상사고,0,0,1,0,차대차 - 측면충돌,교차로운행방법위반,건조,맑음,교차로 - 교차로안,화물,남,56세,상해없음,승용,남,35세,경상
2023090100100273,2023년 9월 1일 12시,금요일,강원도 양양군 양양읍,경상사고,0,0,1,0,차대차 - 측면충돌,교차로운행방법위반,건조,맑음,교차로 - 교차로안,승용,남,63세,상해없음,승용,남,66세,경상
2023090100100274,2023년 9월 1일 12시,금요일,강원도 동해시 이로동,경상사고,0,0,1,0,차대차 - 측면충돌,교차로운행방법위반,건조,맑음,교차로 - 교차로안,승용,남,74세,상해없음,승용,남,68세,경상
2023090100100349,2023년 9월 1일 14시,금요일,강원도 동해시 발한동,중상사고,0,1,0,0,차대사람 - 횡단중,보행자보호의무위반,건조,맑음,교차로 - 교차로안,화물,남,69세,상해없음,보행자,여,75세,중상
2023090100100350,2023년 9월 1일 14시,금요일,강원특별자치도 인제군 기린면,중상사고,0,1,3,0,차대차 - 추돌,안전운전불이행,건조,맑음,단일로 - 기타,승용,남,33세,경상,승용,남,42세,상해없음
2023090100100388,2023년 9월 1일 15시,금요일,강원특별자치도 춘천시 칠전동,부상신고사고,0,0,0,1,차대차 - 추돌,안전운전불이행,건조,맑음,단일로 - 기타,건설기계,남,55세,상해없음,승용,여,53세,부상신고
2023090100100437,2023년 9월 1일 16시,금요일,강원도 정선군 정선읍,경상사고,0,0,1,0,차대차 - 추돌,안전운전불이행,건조,맑음,교차로 - 교차로안,승용,남,61세,상해없음,이륜,남,43세,경상
2023090100100493,2023년 9월 1일 17시,금요일,강원특별자치도 원주시 개운동,경상사고,0,0,1,0,차대차 - 측면충돌,안전운전불이행,건조,맑음,교차로 - 교차로안,승용,여,22세,기타불명,승용,여,48세,경상
2023090100100494,2023년 9월 1일 17시,금요일,강원도 철원군 김화읍,경상사고,0,0,1,0,차대차 - 기타,안전운전불이행,건조,맑음,단일로 - 기타,화물,남,68세,상해없음,자전거,남,47세,경상
2023090100100551,2023년 9월 1일 18시,금요일,강원도 원주시 태장동,경상사고,0,0,1,0,차대차 - 측면충돌,신호위반,젖음/습기,비,교차로 - 교차로부근,승용,남,52세,상해없음,승용,남,38세,경상
2023090100100604,2023년 9월 1일 19시,금요일,강원특별자치도 춘천시 옥천동,경상사고,0,0,1,0,차대차 - 기타,안전운전불이행,건조,맑음,교차로 - 교차로안,승용,여,27세,상해없음,원동기,남,39세,경상
2023090100100605,2023년 9월 1일 19시,금요일,강원특별자치도 춘천시 효자동,경상사고,0,0,2,0,차대차 - 추돌,안전거리미확보,건조,맑음,단일로 - 기타,화물,여,60세,상해없음,승용,여,58세,경상
2023090100100606,2023년 9월 1일 19시,금요일,강원도 영월군 영월읍,부상신고사고,0,0,0,1,차대차 - 측면충돌,안전운전불이행,건조,맑음,교차로 - 교차로안,승용,남,23세,상해없음,자전거,남,67세,부상신고
2023090100100655,2023년 9월 1일 20시,금요일,강원도 태백시 황지동,중상사고,0,1,0,0,차대사람 - 기타,안전운전불이행,건조,맑음,주차장 - 주차장,승용,여,58세,상해없음,보행자,남,52세,중상
2023090100100685,2023년 9월 1일 21시,금요일,강원도 원주시 단계동,중상사고,0,1,0,0,차대사람 - 차도통행중,안전운전불이행,건조,맑음,단일로 - 기타,승용,남,49세,상해없음,보행자,여,81세,중상
2023090100100727,2023년 9월 1일 23시,금요일,강원도 양양군 강현면,경상사고,0,0,1,0,차대차 - 후진중충돌,안전운전불이행,건조,맑음,단일로 - 기타,승용,남,50세,상해없음,승용,남,38세,경상
2023090200100023,2023년 9월 2일 01시,토요일,강원특별자치도 춘천시 후평동,경상사고,0,0,1,0,차대차 - 측면충돌,안전운전불이행,건조,맑음,단일로 - 기타,승용,남,24세,상해없음,승용,남,26세,경상
2023090200100069,2023년 9월 2일 07시,토요일,강원도 횡성군 우천면,중상사고,0,1,0,0,차대차 - 측면충돌,안전운전불이행,건조,맑음,교차로 - 교차로안,화물,남,80세,기타불명,이륜,남,46세,중상
2023090200100083,2023년 9월 2일 08시,토요일,강원도 강릉시 내곡동,중상사고,0,1,1,0,차대차 - 추돌,안전운전불이행,건조,맑음,기타 - 기타,승합,남,57세,상해없음,자전거,여,22세,경상
2023090200100084,2023년 9월 2일 08시,토요일,강원도 원주시 봉산동,중상사고,0,1,0,0,차대사람 - 기타,안전운전불이행,건조,맑음,단일로 - 기타,화물,남,80세,상해없음,보행자,여,79세,중상
2023090200100085,2023년 9월 2일 08시,토요일,강원도 동해시 망상동,중상사고,0,1,1,0,차대차 - 정면충돌,교차로운행방법위반,건조,맑음,교차로 - 교차로안,화물,남,62세,중상,승용,남,54세,경상
2023090200100106,2023년 9월 2일 09시,토요일,강원특별자치도 강릉시 포남동,경상사고,0,0,1,0,차대차 - 기타,안전운전불이행,건조,맑음,교차로 - 교차로안,승용,남,48세,상해없음,개인형이동수단(PM),여,31세,경상
2023090200100107,2023년 9월 2일 09시,토요일,강원도 원주시 관설동,경상사고,0,0,1,0,차대사람 - 횡단중,보행자보호의무위반,건조,맑음,교차로 - 교차로부근,승용,남,57세,상해없음,보행자,여,19세,경상
2023090200100108,2023년 9월 2일 09시,토요일,강원특별자치도 양양군 강현면,경상사고,0,0,1,0,차대차 - 측면충돌,신호위반,건조,맑음,교차로 - 교차로안,승용,여,40세,상해없음,승용,남,42세,경상
2023090200100142,2023년 9월 2일 10시,토요일,강원도 인제군 서화면,경상사고,0,0,1,0,차대차 - 추돌,안전운전불이행,건조,맑음,단일로 - 기타,승용,남,56세,상해없음,승용,여,57세,경상
2023090200100143,2023년 9월 2일 10시,토요일,강원특별자치도 동해시 송정동,경상사고,0,0,2,0,차대차 - 기타,교차로운행방법위반,건조,맑음,교차로 - 교차로안,화물,남,33세,경상,건설기계,남,52세,경상
2023090200100197,2023년 9월 2일 11시,토요일,강원도 원주시 호저면,경상사고,0,0,3,0,차대차 - 측면충돌,교차로운행방법위반,건조,맑음,교차로 - 교차로안,승용,여,58세,상해없음,승용,여,68세,경상
2023090200100252,2023년 9월 2일 12시,토요일,강원도 속초시 조양동,중상사고,0,1,1,0,차대사람 - 차도통행중,안전운전불이행,건조,맑음,교차로 - 교차로부근,화물,남,77세,상해없음,보행자,여,22세,중상
2023090200100253,2023년 9월 2일 12시,토요일,강원도 태백시 통동,경상사고,0,0,1,0,차대차 - 정면충돌,신호위반,건조,맑음,교차로 - 교차로부근,승용,남,59세,상해없음,승용,여,59세,경상
2023090200100254,2023년 9월 2일 12시,토요일,강원도 동해시 발한동,경상사고,0,0,1,0,차대차 - 추돌,안전운전불이행,건조,맑음,교차로 - 교차로안,승용,여,55세,상해없음,승용,남,61세,경상
2023090200100298,2023년 9월 2일 13시,토요일,강원도 강릉시 내곡동,중상사고,0,1,0,0,차대사람 - 기타,안전운전불이행,건조,맑음,단일로 - 기타,승용,남,42세,상해없음,보행자,여,51세,중상
2023090200100299,2023년 9월 2일 13시,토요일,강원도 속초시 도문동,경상사고,0,0,2,0,차대차 - 추돌,안전운전불이행,건조,맑음,단일로 - 기타,화물,남,65세,상해없음,특수,남,33세,경상
2023090200100300,2023년 9월 2일 13시,토요일,강원특별자치도 양양군 강현면,경상사고,0,0,1,0,차대차 - 측면충돌,안전거리미확보,건조,맑음,교차로 - 교차로안,승용,여,66세,상해없음,승용,남,72세,경상
2023090200100301,2023년 9월 2일 13시,토요일,강원특별자치도 삼척시 우지동,경상사고,0,0,2,0,차대차 - 추돌,안전운전불이행,건조,맑음,교차로 - 교차로안,사륜오토바이(ATV),남,20세,상해없음,승용,남,29세,경상
2023090200100302,2023년 9월 2일 13시,토요일,강원도 평창군 봉평면,경상사고,0,0,1,0,차대차 - 추돌,안전운전불이행,건조,맑음,단일로 - 지하차도(도로)내,승용,남,45세,경상,화물,남,48세,기타불명
2023090200100347,2023년 9월 2일 14시,토요일,강원도 평창군 대관령면,사망사고,1,0,1,0,차량단독 - 도로외이탈 - 추락,안전운전불이행,건조,맑음,단일로 - 지하차도(도로)내,승용,여,40세,경상,,,,
2023090200100348,2023년 9월 2일 14시,토요일,강원특별자치도 태백시 소도동,경상사고,0,0,2,0,차대차 - 추돌,안전운전불이행,건조,맑음,단일로 - 기타,승용,남,74세,상해없음,승용,남,41세,경상
2023090200100349,2023년 9월 2일 14시,토요일,강원특별자치도 철원군 근남면,경상사고,0,0,1,0,차대차 - 정면충돌,중앙선침범,건조,맑음,단일로 - 기타,승용,남,59세,상해없음,승용,남,29세,경상
2023090200100350,2023년 9월 2일 14시,토요일,강원특별자치도 평창군 진부면,중상사고,0,1,4,2,차대차 - 추돌,안전운전불이행,건조,맑음,단일로 - 터널,승용,남,22세,상해없음,승용,남,56세,상해없음
2023090200100380,2023년 9월 2일 15시,토요일,강원도 강릉시 사천면,경상사고,0,0,1,0,차대차 - 기타,신호위반,건조,맑음,교차로 - 교차로안,승용,여,68세,상해없음,승용,남,59세,경상
2023090200100411,2023년 9월 2일 16시,토요일,강원도 속초시 청호동,경상사고,0,0,5,0,차대차 - 추돌,안전운전불이행,건조,맑음,교차로 - 교차로안,승용,남,70세,상해없음,승용,남,26세,경상
2023090200100443,2023년 9월 2일 17시,토요일,강원도 원주시 지정면,경상사고,0,0,1,0,차대사람 - 횡단중,안전운전불이행,건조,맑음,교차로 - 교차로부근,승용,남,44세,상해없음,보행자,남,56세,경상
2023090200100444,2023년 9월 2일 17시,토요일,강원도 원주시 중앙동,경상사고,0,0,3,0,차대차 - 측면충돌,신호위반,건조,흐림,교차로 - 교차로안,승용,남,78세,기타불명,승용,여,53세,경상
2023090200100445,2023년 9월 2일 17시,토요일,강원특별자치도 원주시 지정면,경상사고,0,0,4,0,차대차 - 후진중충돌,안전운전불이행,건조,맑음,주차장 - 주차장,승용,남,43세,경상,승용,여,40세,경상
2023090200100516,2023년 9월 2일 19시,토요일,강원특별자치도 춘천시 퇴계동,부상신고사고,0,0,0,4,차대차 - 기타,차로위반,건조,맑음,교차로 - 교차로안,승합,여,70세,상해없음,승용,남,44세,부상신고
2023090200100544,2023년 9월 2일 20시,토요일,강원도 홍천군 서면,경상사고,0,0,2,0,차대차 - 정면충돌,중앙선침범,건조,맑음,단일로 - 기타,승용,남,49세,상해없음,이륜,남,43세,경상
2023090200100569,2023년 9월 2일 21시,토요일,강원도 강릉시 내곡동,경상사고,0,0,2,0,차대사람 - 기타,안전운전불이행,건조,맑음,교차로 - 교차로안,이륜,남,26세,경상,보행자,남,50세,경상
2023090300100140,2023년 9월 3일 12시,일요일,강원도 동해시 천곡동,중상사고,0,1,0,0,차대사람 - 기타,안전운전불이행,건조,맑음,단일로 - 기타,승용,남,41세,상해없음,보행자,남,41세,중상
2023090300100162,2023년 9월 3일 13시,일요일,강원도 태백시 장성동,경상사고,0,0,3,2,차대차 - 기타,직진우회전진행방해,건조,맑음,교차로 - 교차로안,승용,남,28세,상해없음,승용,남,37세,경상
2023090300100192,2023년 9월 3일 14시,일요일,강원특별자치도 춘천시 운교동,경상사고,0,0,1,0,차대차 - 측면충돌,안전운전불이행,건조,맑음,교차로 - 교차로부근,승용,남,61세,상해없음,승용,여,45세,경상
2023090300100211,2023년 9월 3일 15시,일요일,강원도 횡성군 갑천면,경상사고,0,0,2,0,차대차 - 측면충돌,안전운전불이행,건조,맑음,기타 - 기타,승용,여,65세,상해없음,승용,남,58세,경상
2023090300100212,2023년 9월 3일 15시,일요일,강원도 동해시 효가동,경상사고,0,0,3,0,차대차 - 추돌,안전운전불이행,건조,맑음,단일로 - 기타,승용,남,57세,상해없음,승용,남,25세,경상
2023090300100375,2023년 9월 3일 21시,일요일,강원도 속초시 교동,경상사고,0,0,1,0,차대사람 - 차도통행중,보행자보호의무위반,건조,맑음,교차로 - 교차로횡단보도내,승용,남,61세,상해없음,보행자,여,37세,경상
2023090300100376,2023년 9월 3일 21시,일요일,강원특별자치도 인제군 상남면,경상사고,0,0,5,0,차대차 - 추돌,안전운전불이행,건조,맑음,단일로 - 기타,승용,남,40세,상해없음,승용,남,46세,경상
2023090400100102,2023년 9월 4일 08시,월요일,강원도 화천군 하남면,중상사고,0,1,0,0,차대차 - 측면충돌,중앙선침범,건조,맑음,단일로 - 기타,승합,여,46세,상해없음,승용,남,39세,중상
2023090400100103,2023년 9월 4일 08시,월요일,강원도 정선군 사북읍,경상사고,0,0,2,0,차대차 - 측면충돌,교차로운행방법위반,건조,맑음,교차로 - 교차로안,승용,남,38세,상해없음,화물,남,40세,경상
2023090400100104,2023년 9월 4일 08시,월요일,강원도 동해시 천곡동,경상사고,0,0,3,0,차대차 - 정면충돌,안전운전불이행,건조,맑음,단일로 - 기타,승용,여,61세,경상,승용,여,47세,경상
2023090400100147,2023년 9월 4일 09시,월요일,강원특별자치도 춘천시 서면,부상신고사고,0,0,0,1,차대차 - 기타,안전운전불이행,건조,맑음,단일로 - 기타,승용,남,50세,상해없음,화물,남,25세,부상신고
2023090400100218,2023년 9월 4일 11시,월요일,강원특별자치도 춘천시 우두동,경상사고,0,0,1,0,차대차 - 추돌,안전운전불이행,건조,맑음,단일로 - 기타,승용,남,75세,상해없음,이륜,남,33세,경상
2023090400100246,2023년 9월 4일 12시,월요일,강원특별자치도 춘천시 석사동,중상사고,0,1,0,0,차대차 - 기타,신호위반,건조,맑음,교차로 - 교차로안,승용,남,68세,상해없음,승용,여,50세,중상
2023090400100247,2023년 9월 4일 12시,월요일,강원도 태백시 황지동,경상사고,0,0,1,0,차대사람 - 차도통행중,중앙선침범,건조,흐림,단일로 - 기타,승용,여,42세,상해없음,보행자,남,51세,경상
2023090400100284,2023년 9월 4일 13시,월요일,강원특별자치도 철원군 김화읍,경상사고,0,0,2,0,차대차 - 측면충돌,신호위반,건조,맑음,교차로 - 교차로안,승용,여,33세,경상,화물,여,43세,경상
2023090400100354,2023년 9월 4일 15시,월요일,강원특별자치도 춘천시 우두동,경상사고,0,0,1,0,차대차 - 추돌,안전운전불이행,건조,맑음,기타 - 기타,승용,여,55세,상해없음,승용,남,32세,경상
2023090400100389,2023년 9월 4일 16시,월요일,강원도 강릉시 주문진읍,경상사고,0,0,1,1,차대차 - 기타,안전운전불이행,건조,맑음,단일로 - 기타,승용,여,53세,기타불명,승용,여,28세,부상신고
2023090400100467,2023년 9월 4일 18시,월요일,강원도 원주시 태장동,경상사고,0,0,1,0,차대차 - 측면충돌,안전운전불이행,건조,맑음,교차로 - 교차로안,승합,남,67세,상해없음,이륜,남,23세,경상
2023090400100521,2023년 9월 4일 19시,월요일,강원특별자치도 홍천군 홍천읍,사망사고,1,0,0,0,차량단독 - 공작물충돌,안전운전불이행,건조,맑음,단일로 - 교량,이륜,남,18세,사망,,,,
2023090500100032,2023년 9월 5일 03시,화요일,강원도 정선군 신동읍,중상사고,0,6,0,0,차대차 - 추돌,안전운전불이행,건조,맑음,단일로 - 기타,승합,남,68세,기타불명,화물,남,68세,중상
2023090500100039,2023년 9월 5일 04시,화요일,강원도 원주시 태장동,중상사고,0,1,0,0,차대차 - 측면충돌,신호위반,건조,맑음,교차로 - 교차로안,이륜,남,19세,상해없음,승용,남,55세,중상
2023090500100059,2023년 9월 5일 06시,화요일,강원특별자치도 춘천시 운교동,경상사고,0,0,1,0,차대차 - 추돌,안전운전불이행,건조,맑음,교차로 - 교차로안,이륜,남,33세,상해없음,승용,여,30세,경상
2023090500100060,2023년 9월 5일 06시,화요일,강원특별자치도 춘천시 동산면,중상사고,0,1,1,0,차대차 - 측면충돌,신호위반,건조,맑음,단일로 - 터널,화물,남,48세,상해없음,화물,남,50세,중상
2023090500100088,2023년 9월 5일 07시,화요일,강원도 고성군 죽왕면,경상사고,0,0,1,0,차대차 - 추돌,안전거리미확보,건조,흐림,교차로 - 교차로부근,승용,여,54세,상해없음,승용,남,62세,경상
2023090500100125,2023년 9월 5일 08시,화요일,강원특별자치도 춘천시 후평동,부상신고사고,0,0,0,1,차대사람 - 길가장자리구역통행중,안전운전불이행,건조,맑음,교차로 - 교차로부근,기타불명,기타불명,미분류,기타불명,보행자,남,38세,부상신고
2023090500100126,2023년 9월 5일 08시,화요일,강원특별자치도 강릉시 노암동,경상사고,0,0,1,0,차대차 - 기타,안전운전불이행,건조,맑음,기타 - 기타,승용,여,56세,상해없음,이륜,남,51세,경상
2023090500100127,2023년 9월 5일 08시,화요일,강원특별자치도 삼척시 교동,경상사고,0,0,1,0,차대사람 - 횡단중,신호위반,건조,맑음,교차로 - 교차로안,승용,여,43세,상해없음,보행자,여,30세,경상
2023090500100128,2023년 9월 5일 08시,화요일,강원특별자치도 인제군 인제읍,중상사고,0,1,1,0,차대차 - 측면충돌,중앙선침범,건조,맑음,단일로 - 기타,승용,여,58세,상해없음,승용,여,42세,중상
2023090500100208,2023년 9월 5일 10시,화요일,강원특별자치도 춘천시 중앙로2가,경상사고,0,0,2,0,차대차 - 측면충돌,신호위반,건조,맑음,교차로 - 교차로안,승용,여,54세,상해없음,화물,여,41세,경상
2023090500100209,2023년 9월 5일 10시,화요일,강원특별자치도 춘천시 운교동,중상사고,0,1,0,0,차대차 - 기타,신호위반,건조,맑음,단일로 - 기타,승용,여,29세,상해없음,자전거,여,81세,중상
2023090500100210,2023년 9월 5일 10시,화요일,강원도 강릉시 옥천동,경상사고,0,0,1,0,차대차 - 기타,신호위반,건조,맑음,교차로 - 교차로안,승용,여,41세,상해없음,승용,여,67세,경상
2023090500100211,2023년 9월 5일 10시,화요일,강원도 정선군 정선읍,경상사고,0,0,1,0,차대차 - 측면충돌,안전거리미확보,건조,맑음,단일로 - 기타,화물,남,70세,상해없음,승용,여,29세,경상
2023090500100246,2023년 9월 5일 11시,화요일,강원특별자치도 태백시 황지동,경상사고,0,0,1,0,차대사람 - 횡단중,안전운전불이행,건조,맑음,단일로 - 기타,승용,남,82세,상해없음,보행자,남,67세,경상
2023090500100280,2023년 9월 5일 12시,화요일,강원특별자치도 춘천시 중앙로2가,중상사고,0,1,0,0,차대차 - 기타,안전운전불이행,건조,맑음,교차로 - 교차로안,승합,남,55세,상해없음,승용,남,85세,상해없음
2023090500100313,2023년 9월 5일 13시,화요일,강원특별자치도 춘천시 효자동,중상사고,0,1,0,0,차대차 - 정면충돌,교차로운행방법위반,건조,맑음,교차로 - 교차로안,화물,여,55세,상해없음,이륜,남,42세,중상
2023090500100314,2023년 9월 5일 13시,화요일,강원도 원주시 단계동,경상사고,0,0,1,0,차대차 - 추돌,안전운전불이행,건조,맑음,교차로 - 교차로부근,승용,여,72세,상해없음,승용,남,36세,경상
2023090500100315,2023년 9월 5일 13시,화요일,강원도 영월군 주천면,경상사고,0,0,2,0,차대차 - 측면충돌,직진우회전진행방해,건조,맑음,교차로 - 교차로안,승용,남,59세,경상,승용,여,61세,경상
2023090500100344,2023년 9월 5일 14시,화요일,강원특별자치도 춘천시 중앙로3가,부상신고사고,0,0,0,1,차대차 - 측면충돌,안전운전불이행,건조,맑음,교차로 - 교차로안,승용,여,76세,상해없음,승용,여,54세,부상신고
2023090500100345,2023년 9월 5일 14시,화요일,강원특별자치도 홍천군 홍천읍,경상사고,0,0,1,0,차대차 - 측면충돌,기타,건조,맑음,교차로 - 교차로부근,승용,남,33세,상해없음,승용,여,38세,경상
2023090500100373,2023년 9월 5일 15시,화요일,강원특별자치도 원주시 소초면,경상사고,0,0,1,0,차대차 - 추돌,안전운전불이행,건조,맑음,교차로 - 교차로부근,화물,남,64세,상해없음,승용,남,40세,경상
2023090500100416,2023년 9월 5일 16시,화요일,강원도 동해시 효가동,경상사고,0,0,1,0,차대차 - 추돌,안전운전불이행,건조,맑음,단일로 - 기타,승용,여,22세,상해없음,승용,남,49세,경상
2023090500100460,2023년 9월 5일 17시,화요일,강원도 태백시 황지동,경상사고,0,0,3,2,차대차 - 측면충돌,안전운전불이행,건조,맑음,교차로 - 교차로안,승용,여,73세,부상신고,승용,남,49세,경상
2023090500100514,2023년 9월 5일 18시,화요일,강원특별자치도 춘천시 효자동,경상사고,0,0,1,0,차대차 - 기타,안전운전불이행,건조,맑음,교차로 - 교차로횡단보도내,승용,남,59세,상해없음,자전거,남,12세,경상
2023090500100515,2023년 9월 5일 18시,화요일,강원도 강릉시 교동,경상사고,0,0,1,0,차대차 - 기타,신호위반,건조,흐림,단일로 - 기타,승용,여,55세,상해없음,이륜,남,63세,경상
2023090500100570,2023년 9월 5일 19시,화요일,강원도 평창군 평창읍,중상사고,0,1,0,0,차대차 - 측면충돌,직진우회전진행방해,건조,맑음,교차로 - 교차로안,이륜,남,56세,중상,승용,남,58세,상해없음
2023090600100153,2023년 9월 6일 09시,수요일,강원도 원주시 단계동,경상사고,0,0,2,0,차대차 - 추돌,안전운전불이행,건조,맑음,단일로 - 기타,승용,남,44세,경상,승용,남,69세,경상
2023090600100154,2023년 9월 6일 09시,수요일,강원도 원주시 우산동,경상사고,0,0,2,0,차대차 - 추돌,안전운전불이행,건조,맑음,단일로 - 기타,승용,남,25세,상해없음,승용,여,46세,경상