사고번호,사고일시,요일,시군구,사고내용,사망자수,중상자수,경상자수,부상신고자수,사고유형,법규위반,노면상태,기상상태,도로형태,가해운전자 차종,가해운전자 성별,가해운전자 연령,가해운전자 상해정도,피해운전자 차종,피해운전자 성별,피해운전자 연령,피해운전자 상해정도
2023100200100044,2023년 10월 2일 07시,월요일,강원도 원주시 단계동,경상사고,0,0,1,0,차대차 - 기타,안전거리미확보,건조,맑음,교차로 - 교차로안,승합,남,50세,상해없음,승합,남,42세,경상
2023100200100068,2023년 10월 2일 09시,월요일,강원특별자치도 양양군 서면,부상신고사고,0,0,0,2,차대차 - 측면충돌,차로위반,건조,맑음,단일로 - 기타,승용,여,62세,상해없음,승용,남,49세,부상신고
2023100200100112,2023년 10월 2일 11시,월요일,강원특별자치도 춘천시 서면,부상신고사고,0,0,0,4,차대차 - 추돌,안전운전불이행,건조,맑음,단일로 - 기타,승용,여,40세,상해없음,승용,남,42세,부상신고
2023100200100113,2023년 10월 2일 11시,월요일,강원도 양양군 양양읍,경상사고,0,0,1,0,차대차 - 측면충돌,안전거리미확보,건조,맑음,교차로 - 교차로부근,승용,남,65세,상해없음,원동기,남,25세,경상
2023100200100183,2023년 10월 2일 13시,월요일,강원도 강릉시 교동,중상사고,0,1,0,0,차대차 - 정면충돌,신호위반,건조,맑음,교차로 - 교차로안,승용,여,43세,상해없음,원동기,남,40세,중상
2023100200100184,2023년 10월 2일 13시,월요일,강원도 속초시 설악동,경상사고,0,0,2,0,차대차 - 측면충돌,중앙선침범,건조,맑음,단일로 - 기타,화물,남,58세,경상,화물,남,56세,경상
2023100200100214,2023년 10월 2일 14시,월요일,강원도 양양군 현북면,경상사고,0,0,1,0,차량단독 - 공작물충돌,안전운전불이행,건조,맑음,교차로 - 교차로안,승용,남,45세,상해없음,,,,
2023100200100256,2023년 10월 2일 15시,월요일,강원도 속초시 영랑동,경상사고,0,0,2,0,차대차 - 측면충돌,안전거리미확보,건조,맑음,교차로 - 교차로부근,화물,남,65세,상해없음,승용,여,49세,경상
2023100200100257,2023년 10월 2일 15시,월요일,강원특별자치도 평창군 대관령면,경상사고,0,0,1,0,차대사람 - 차도통행중,안전운전불이행,건조,맑음,단일로 - 지하차도(도로)내,승용,남,64세,상해없음,보행자,남,29세,경상
2023100200100277,2023년 10월 2일 16시,월요일,강원도 강릉시 교동,경상사고,0,0,1,0,차대차 - 기타,안전운전불이행,건조,맑음,교차로 - 교차로안,승용,남,30세,상해없음,승용,남,51세,경상
2023100200100278,2023년 10월 2일 16시,월요일,강원도 동해시 묵호진동,중상사고,0,1,0,0,차대사람 - 횡단중,안전운전불이행,건조,맑음,단일로 - 기타,승용,여,54세,상해없음,보행자,남,78세,중상
2023100200100311,2023년 10월 2일 17시,월요일,강원특별자치도 원주시 단계동,중상사고,0,1,0,0,차대차 - 측면충돌,중앙선침범,건조,맑음,교차로 - 교차로부근,승용,남,64세,상해없음,원동기,남,38세,중상
2023100200100345,2023년 10월 2일 18시,월요일,강원특별자치도 춘천시 효자동,부상신고사고,0,0,0,1,차대사람 - 길가장자리구역통행중,안전운전불이행,건조,맑음,단일로 - 기타,기타불명,기타불명,미분류,기타불명,보행자,남,53세,부상신고
2023100200100346,2023년 10월 2일 18시,월요일,강원도 양양군 현북면,중상사고,0,1,0,0,차대차 - 측면충돌,안전운전불이행,건조,맑음,단일로 - 기타,화물,여,67세,상해없음,자전거,남,16세,중상
2023100200100377,2023년 10월 2일 19시,월요일,강원특별자치도 강릉시 옥천동,경상사고,0,0,2,0,차대차 - 기타,안전운전불이행,건조,맑음,교차로 - 교차로안,승용,여,67세,상해없음,승용,남,40세,경상
2023100200100378,2023년 10월 2일 19시,월요일,강원도 동해시 효가동,경상사고,0,0,3,0,차대사람 - 횡단중,보행자보호의무위반,건조,맑음,교차로 - 교차로부근,승용,여,55세,경상,보행자,남,54세,경상
2023100200100408,2023년 10월 2일 20시,월요일,강원특별자치도 춘천시 후평동,부상신고사고,0,0,0,1,차대차 - 측면충돌,안전운전불이행,건조,맑음,단일로 - 기타,승용,남,23세,상해없음,승합,남,50세,부상신고
2023100200100437,2023년 10월 2일 21시,월요일,강원특별자치도 춘천시 서면,경상사고,0,0,2,0,차대차 - 추돌,안전운전불이행,건조,맑음,단일로 - 기타,승용,남,55세,상해없음,승용,남,40세,경상
2023100200100438,2023년 10월 2일 21시,월요일,강원도 원주시 개운동,경상사고,0,0,2,0,차대차 - 기타,직진우회전진행방해,건조,맑음,교차로 - 교차로안,이륜,남,48세,기타불명,승용,여,60세,경상
2023100200100463,2023년 10월 2일 22시,월요일,강원특별자치도 춘천시 우두동,경상사고,0,0,2,0,차대차 - 기타,안전운전불이행,건조,맑음,단일로 - 기타,승용,남,31세,상해없음,승용,여,49세,경상
2023100300100032,2023년 10월 3일 05시,화요일,강원도 동해시 천곡동,경상사고,0,0,1,0,차대사람 - 횡단중,안전운전불이행,건조,맑음,단일로 - 기타,승용,남,78세,상해없음,보행자,여,73세,경상
2023100300100065,2023년 10월 3일 09시,화요일,강원특별자치도 강릉시 포남동,경상사고,0,0,1,0,차대차 - 측면충돌,안전운전불이행,건조,맑음,교차로 - 교차로부근,승용,여,57세,상해없음,승용,남,34세,경상
2023100300100074,2023년 10월 3일 10시,화요일,강원도 고성군 거진읍,중상사고,0,1,0,0,차대차 - 추돌,안전운전불이행,건조,맑음,교차로 - 교차로부근,승용,남,57세,상해없음,승용,남,66세,중상
2023100300100087,2023년 10월 3일 11시,화요일,강원도 홍천군 홍천읍,경상사고,0,0,1,0,차대차 - 후진중충돌,안전운전불이행,건조,맑음,단일로 - 기타,화물,남,55세,상해없음,승용,여,70세,경상
2023100300100148,2023년 10월 3일 14시,화요일,강원도 원주시 행구동,경상사고,0,0,1,0,차대차 - 기타,안전운전불이행,건조,맑음,단일로 - 기타,승용,여,60세,상해없음,자전거,남,14세,경상
2023100300100149,2023년 10월 3일 14시,화요일,강원특별자치도 평창군 진부면,경상사고,0,0,2,0,차대차 - 추돌,안전운전불이행,건조,맑음,단일로 - 지하차도(도로)내,승용,남,56세,상해없음,승용,남,36세,경상
2023100300100150,2023년 10월 3일 14시,화요일,강원특별자치도 인제군 북면,경상사고,0,0,1,0,차대차 - 정면충돌,안전운전불이행,건조,맑음,기타 - 기타,화물,남,48세,상해없음,사륜오토바이(ATV),여,64세,경상
2023100300100232,2023년 10월 3일 17시,화요일,강원도 삼척시 근덕면,경상사고,0,0,1,0,차대차 - 측면충돌,안전운전불이행,건조,맑음,교차로 - 교차로안,화물,남,28세,상해없음,자전거,남,29세,경상
2023100300100233,2023년 10월 3일 17시,화요일,강원도 홍천군 홍천읍,경상사고,0,0,1,0,차대사람 - 횡단중,보행자보호의무위반,건조,맑음,교차로 - 교차로횡단보도내,승용,여,33세,상해없음,보행자,여,63세,경상
2023100300100268,2023년 10월 3일 18시,화요일,강원도 강릉시 성남동,경상사고,0,0,1,0,차대차 - 측면충돌,안전운전불이행,건조,맑음,교차로 - 교차로안,승용,남,64세,상해없음,승용,남,52세,경상
2023100300100304,2023년 10월 3일 20시,화요일,강원도 강릉시 교동,중상사고,0,1,0,0,차대사람 - 횡단중,보행자보호의무위반,건조,맑음,단일로 - 기타,특수,남,49세,상해없음,보행자,남,76세,중상
2023100300100305,2023년 10월 3일 20시,화요일,강원도 속초시 조양동,경상사고,0,0,1,0,차대차 - 측면충돌,안전운전불이행,건조,맑음,단일로 - 기타,승용,남,29세,상해없음,승용,남,45세,기타불명
2023100300100306,2023년 10월 3일 20시,화요일,강원도 속초시 영랑동,경상사고,0,0,1,0,차대차 - 측면충돌,신호위반,건조,맑음,교차로 - 교차로횡단보도내,승용,남,33세,상해없음,자전거,남,59세,경상
2023100300100326,2023년 10월 3일 21시,화요일,강원특별자치도 원주시 우산동,경상사고,0,0,3,0,차대차 - 측면충돌,신호위반,건조,흐림,교차로 - 교차로안,승용,여,42세,상해없음,승용,여,45세,경상
2023100300100341,2023년 10월 3일 22시,화요일,강원도 속초시 설악동,경상사고,0,0,3,0,차대차 - 기타,안전운전불이행,건조,맑음,교차로 - 교차로부근,승용,남,43세,상해없음,승용,남,40세,경상
2023100400100015,2023년 10월 4일 02시,수요일,강원도 원주시 판부면,사망사고,1,0,0,0,차대사람 - 차도통행중,안전운전불이행,건조,맑음,단일로 - 기타,특수,남,54세,상해없음,보행자,남,82세,사망
2023100400100055,2023년 10월 4일 07시,수요일,강원특별자치도 원주시 무실동,경상사고,0,0,2,0,차대차 - 추돌,안전운전불이행,건조,맑음,교차로 - 교차로안,승용,여,67세,기타불명,승용,여,47세,경상
2023100400100129,2023년 10월 4일 09시,수요일,강원도 속초시 조양동,중상사고,0,1,1,0,차대차 - 기타,안전운전불이행,건조,맑음,단일로 - 기타,승용,여,48세,상해없음,승용,여,68세,경상
2023100400100130,2023년 10월 4일 09시,수요일,강원도 평창군 대화면,경상사고,0,0,2,0,차대차 - 측면충돌,안전운전불이행,건조,맑음,단일로 - 지하차도(도로)내,승용,여,50세,상해없음,승용,여,66세,경상
2023100400100195,2023년 10월 4일 11시,수요일,강원도 원주시 단계동,경상사고,0,0,1,0,차대차 - 측면충돌,안전운전불이행,건조,맑음,교차로 - 교차로안,승용,여,58세,상해없음,승용,여,54세,경상
2023100400100196,2023년 10월 4일 11시,수요일,강원특별자치도 평창군 대관령면,경상사고,0,0,1,0,차대차 - 추돌,안전거리미확보,건조,맑음,단일로 - 기타,승용,남,21세,상해없음,승용,남,33세,경상
2023100400100229,2023년 10월 4일 12시,수요일,강원도 강릉시 강동면,사망사고,1,0,0,0,차량단독 - 기타,안전운전불이행,건조,맑음,단일로 - 기타,자전거,여,51세,사망,,,,
2023100400100230,2023년 10월 4일 12시,수요일,강원도 원주시 단계동,경상사고,0,0,3,0,차대차 - 기타,안전운전불이행,건조,맑음,단일로 - 기타,승용,남,39세,상해없음,승용,남,30세,경상
2023100400100231,2023년 10월 4일 12시,수요일,강원특별자치도 양양군 손양면,경상사고,0,0,3,0,차대차 - 측면충돌,안전운전불이행,건조,맑음,단일로 - 기타,승용,여,71세,상해없음,승용,여,37세,경상
2023100400100372,2023년 10월 4일 16시,수요일,강원특별자치도 인제군 북면,경상사고,0,0,1,0,차량단독 - 전도전복 - 전도,안전운전불이행,건조,맑음,단일로 - 기타,이륜,남,56세,경상,,,,
2023100400100409,2023년 10월 4일 17시,수요일,강원특별자치도 원주시 흥업면,부상신고사고,0,0,0,1,차대사람 - 기타,안전운전불이행,건조,맑음,단일로 - 기타,승용,남,72세,상해없음,보행자,남,84세,부상신고
2023100400100453,2023년 10월 4일 18시,수요일,강원도 원주시 반곡동,경상사고,0,0,1,0,차대차 - 측면충돌,안전운전불이행,건조,맑음,단일로 - 기타,승용,남,63세,상해없음,승용,여,46세,경상
2023100400100502,2023년 10월 4일 19시,수요일,강원도 원주시 학성동,경상사고,0,0,1,0,차대차 - 추돌,안전거리미확보,젖음/습기,비,단일로 - 기타,승용,여,55세,상해없음,이륜,남,29세,경상
2023100400100536,2023년 10월 4일 20시,수요일,강원특별자치도 춘천시 효자동,중상사고,0,1,0,0,차대차 - 기타,안전운전불이행,건조,맑음,단일로 - 기타,승용,여,65세,상해없음,이륜,남,47세,중상
2023100400100537,2023년 10월 4일 20시,수요일,강원도 동해시 동회동,중상사고,0,2,0,0,차대차 - 정면충돌,중앙선침범,건조,맑음,단일로 - 교량,승용,남,55세,상해없음,승용,남,47세,중상
2023100400100557,2023년 10월 4일 21시,수요일,강원도 원주시 반곡동,경상사고,0,0,1,0,차대차 - 추돌,안전운전불이행,건조,흐림,기타 - 기타,승용,남,33세,상해없음,승용,여,24세,경상
2023100500100040,2023년 10월 5일 06시,목요일,강원도 강릉시 입암동,중상사고,0,1,0,0,차대사람 - 횡단중,안전운전불이행,건조,맑음,교차로 - 교차로횡단보도내,화물,남,47세,상해없음,보행자,남,84세,중상
2023100500100094,2023년 10월 5일 08시,목요일,강원특별자치도 춘천시 우두동,중상사고,0,1,0,0,차대차 - 측면충돌,신호위반,건조,맑음,교차로 - 교차로횡단보도내,승용,남,81세,상해없음,자전거,남,12세,중상
2023100500100095,2023년 10월 5일 08시,목요일,강원특별자치도 춘천시 온의동,경상사고,0,0,2,0,차대차 - 기타,신호위반,건조,맑음,교차로 - 교차로안,승용,남,45세,상해없음,승용,남,79세,경상
2023100500100096,2023년 10월 5일 08시,목요일,강원도 원주시 일산동,중상사고,0,1,1,0,차대차 - 측면충돌,직진우회전진행방해,건조,맑음,교차로 - 교차로안,승용,남,60세,상해없음,승용,여,27세,경상
2023100500100142,2023년 10월 5일 09시,목요일,강원특별자치도 강릉시 포남동,부상신고사고,0,0,0,1,차대차 - 추돌,안전운전불이행,건조,맑음,단일로 - 기타,승용,남,52세,기타불명,화물,남,60세,부상신고
2023100500100143,2023년 10월 5일 09시,목요일,강원도 속초시 금호동,중상사고,0,1,0,0,차대사람 - 기타,안전운전불이행,건조,맑음,단일로 - 기타,승용,남,61세,상해없음,보행자,여,75세,중상
2023100500100144,2023년 10월 5일 09시,목요일,강원도 태백시 황지동,경상사고,0,0,1,0,차대차 - 추돌,안전운전불이행,건조,맑음,교차로 - 교차로부근,승합,남,69세,상해없음,화물,남,72세,경상
2023100500100177,2023년 10월 5일 10시,목요일,강원도 원주시 행구동,경상사고,0,0,1,0,차대차 - 측면충돌,안전거리미확보,건조,맑음,단일로 - 기타,승용,여,41세,기타불명,승용,여,39세,경상
2023100500100178,2023년 10월 5일 10시,목요일,강원도 동해시 구미동,경상사고,0,0,1,0,차대차 - 추돌,신호위반,건조,맑음,교차로 - 교차로안,승용,여,53세,상해없음,승용,여,44세,경상
2023100500100211,2023년 10월 5일 11시,목요일,강원도 정선군 사북읍,사망사고,2,0,1,0,차량단독 - 공작물충돌,신호위반,건조,맑음,기타 - 기타,화물,남,63세,기타불명,,,,
2023100500100237,2023년 10월 5일 12시,목요일,강원특별자치도 춘천시 운교동,부상신고사고,0,0,0,1,차대차 - 측면충돌,교차로운행방법위반,건조,맑음,교차로 - 교차로안,화물,남,56세,상해없음,자전거,여,24세,부상신고
2023100500100238,2023년 10월 5일 12시,목요일,강원특별자치도 춘천시 효자동,중상사고,0,1,0,0,차대차 - 기타,기타,건조,맑음,단일로 - 기타,자전거,남,75세,상해없음,자전거,여,59세,중상
2023100500100268,2023년 10월 5일 13시,목요일,강원특별자치도 춘천시 근화동,경상사고,0,0,1,0,차대차 - 측면충돌,교차로운행방법위반,건조,맑음,교차로 - 교차로안,승용,여,52세,상해없음,승용,여,52세,경상
2023100500100269,2023년 10월 5일 13시,목요일,강원도 영월군 영월읍,경상사고,0,0,1,0,차대차 - 기타,안전운전불이행,건조,맑음,단일로 - 기타,승용,여,68세,상해없음,원동기,남,76세,경상
2023100500100456,2023년 10월 5일 18시,목요일,강원특별자치도 춘천시 죽림동,부상신고사고,0,0,0,1,차대사람 - 보도통행중,안전운전불이행,건조,맑음,단일로 - 기타,승용,여,61세,상해없음,보행자,여,57세,부상신고
2023100500100457,2023년 10월 5일 18시,목요일,강원특별자치도 강릉시 교동,중상사고,0,1,0,0,차대차 - 측면충돌,신호위반,건조,맑음,교차로 - 교차로부근,승합,여,56세,상해없음,승용,여,26세,중상
2023100500100458,2023년 10월 5일 18시,목요일,강원도 홍천군 홍천읍,중상사고,0,1,1,0,차대차 - 측면충돌,직진우회전진행방해,건조,맑음,교차로 - 교차로안,화물,남,68세,상해없음,승용,남,39세,상해없음
2023100500100459,2023년 10월 5일 18시,목요일,강원특별자치도 양구군 양구읍,경상사고,0,0,1,1,차대차 - 측면충돌,교차로운행방법위반,건조,맑음,교차로 - 교차로안,승용,남,58세,부상신고,승용,남,24세,경상
2023100500100460,2023년 10월 5일 18시,목요일,강원도 동해시 송정동,경상사고,0,0,1,0,차대차 - 기타,안전운전불이행,건조,맑음,기타 - 기타,승용,남,70세,기타불명,자전거,남,14세,경상
2023100500100491,2023년 10월 5일 19시,목요일,강원도 원주시 관설동,중상사고,0,1,0,0,차대차 - 측면충돌,안전운전불이행,건조,맑음,교차로 - 교차로안,승용,여,61세,상해없음,이륜,남,22세,중상
2023100500100519,2023년 10월 5일 20시,목요일,강원특별자치도 춘천시 효자동,경상사고,0,0,1,0,차대차 - 측면충돌,신호위반,건조,맑음,교차로 - 교차로안,승용,여,56세,상해없음,승용,여,30세,경상
2023100500100541,2023년 10월 5일 21시,목요일,강원도 원주시 우산동,경상사고,0,0,1,0,차대차 - 추돌,안전운전불이행,건조,맑음,단일로 - 기타,승용,여,54세,상해없음,승용,기타불명,미분류,기타불명
2023100500100559,2023년 10월 5일 22시,목요일,강원특별자치도 원주시 지정면,경상사고,0,0,4,0,차대차 - 기타,신호위반,건조,맑음,교차로 - 교차로안,승용,남,37세,상해없음,승용,남,25세,경상
2023100600100047,2023년 10월 6일 06시,금요일,강원도 속초시 노학동,중상사고,0,1,0,0,차대사람 - 보도통행중,안전운전불이행,건조,맑음,단일로 - 지하차도(도로)내,화물,남,71세,상해없음,보행자,남,76세,중상
2023100600100139,2023년 10월 6일 09시,금요일,강원특별자치도 춘천시 온의동,경상사고,0,0,1,0,차대차 - 추돌,안전운전불이행,건조,맑음,교차로 - 교차로부근,승용,여,37세,상해없음,승용,남,60세,경상
2023100600100268,2023년 10월 6일 13시,금요일,강원도 속초시 교동,경상사고,0,0,1,0,차대차 - 측면충돌,교차로운행방법위반,건조,맑음,교차로 - 교차로안,승용,여,54세,상해없음,이륜,남,56세,경상
2023100600100303,2023년 10월 6일 14시,금요일,강원도 원주시 단계동,경상사고,0,0,1,0,차대차 - 측면충돌,직진우회전진행방해,건조,맑음,교차로 - 교차로안,승용,남,73세,상해없음,승용,여,31세,경상
2023100600100343,2023년 10월 6일 15시,금요일,강원도 강릉시 홍제동,경상사고,0,0,2,0,차대차 - 측면충돌,안전운전불이행,건조,맑음,단일로 - 기타,승합,남,71세,상해없음,화물,남,21세,경상
2023100600100344,2023년 10월 6일 15시,금요일,강원도 홍천군 홍천읍,경상사고,0,0,3,0,차대차 - 측면충돌,안전거리미확보,건조,맑음,교차로 - 교차로안,승용,남,69세,상해없음,승용,남,41세,경상
2023100600100378,2023년 10월 6일 16시,금요일,강원특별자치도 춘천시 퇴계동,경상사고,0,0,1,0,차대차 - 측면충돌,신호위반,건조,맑음,교차로 - 교차로안,승용,남,68세,상해없음,승용,남,43세,경상
2023100600100379,2023년 10월 6일 16시,금요일,강원도 태백시 황지동,중상사고,0,1,0,0,차대차 - 측면충돌,직진우회전진행방해,건조,맑음,교차로 - 교차로안,승용,남,20세,상해없음,승용,여,47세,중상
2023100600100380,2023년 10월 6일 16시,금요일,강원도 동해시 단봉동,경상사고,0,0,1,0,차대차 - 기타,안전운전불이행,건조,맑음,단일로 - 기타,승합,남,70세,상해없음,승용,여,43세,경상
2023100600100413,2023년 10월 6일 17시,금요일,강원특별자치도 춘천시 효자동,경상사고,0,0,1,0,차대사람 - 보도통행중,보행자보호의무위반,건조,맑음,교차로 - 교차로횡단보도내,승용,남,26세,상해없음,보행자,여,32세,경상
2023100600100414,2023년 10월 6일 17시,금요일,강원도 원주시 우산동,중상사고,0,1,0,0,차대차 - 기타,중앙선침범,건조,맑음,단일로 - 기타,건설기계,남,40세,상해없음,승용,여,71세,중상
2023100600100415,2023년 10월 6일 17시,금요일,강원도 속초시 조양동,중상사고,0,1,0,0,차대차 - 추돌,기타,건조,맑음,단일로 - 기타,승용,남,37세,상해없음,승용,여,55세,중상
2023100600100457,2023년 10월 6일 18시,금요일,강원도 원주시 반곡동,경상사고,0,0,1,0,차대사람 - 기타,신호위반,건조,맑음,교차로 - 교차로안,승용,남,49세,상해없음,보행자,여,25세,경상
2023100600100458,2023년 10월 6일 18시,금요일,강원도 원주시 우산동,경상사고,0,0,2,0,차대차 - 측면충돌,교차로운행방법위반,건조,맑음,교차로 - 교차로안,승용,남,69세,경상,이륜,남,26세,경상
2023100600100459,2023년 10월 6일 18시,금요일,강원도 양구군 양구읍,중상사고,0,1,0,0,차대사람 - 보도통행중,보행자보호의무위반,건조,맑음,교차로 - 교차로횡단보도내,승용,여,75세,상해없음,보행자,남,7세,중상
2023100600100502,2023년 10월 6일 19시,금요일,강원도 속초시 교동,중상사고,0,1,0,0,차대사람 - 기타,기타,건조,맑음,기타 - 기타,개인형이동수단(PM),남,16세,상해없음,보행자,남,39세,중상
2023100600100503,2023년 10월 6일 19시,금요일,강원특별자치도 태백시 황지동,경상사고,0,0,1,0,차대차 - 측면충돌,안전운전불이행,건조,맑음,교차로 - 교차로안,승합,남,59세,상해없음,승용,남,36세,경상
2023100600100548,2023년 10월 6일 20시,금요일,강원도 삼척시 원당동,경상사고,0,0,2,0,차대차 - 추돌,안전운전불이행,건조,맑음,교차로 - 교차로부근,승용,남,57세,상해없음,승용,남,43세,경상
2023100600100607,2023년 10월 6일 22시,금요일,강원도 원주시 단계동,경상사고,0,0,2,0,차대차 - 측면충돌,신호위반,건조,맑음,교차로 - 교차로안,승용,여,33세,상해없음,승용,여,50세,경상
2023100700100064,2023년 10월 7일 07시,토요일,강원도 원주시 태장동,경상사고,0,0,1,0,차대차 - 기타,안전운전불이행,건조,맑음,교차로 - 교차로안,승용,여,40세,기타불명,승용,남,44세,경상
2023100700100087,2023년 10월 7일 09시,토요일,강원특별자치도 춘천시 동내면,경상사고,0,0,1,0,차대차 - 기타,신호위반,건조,맑음,교차로 - 교차로안,화물,남,77세,상해없음,승용,남,28세,경상
2023100700100117,2023년 10월 7일 10시,토요일,강원특별자치도 춘천시 후평동,부상신고사고,0,0,0,1,차대차 - 추돌,안전운전불이행,건조,맑음,교차로 - 교차로안,승용,여,29세,상해없음,화물,남,63세,부상신고
2023100700100118,2023년 10월 7일 10시,토요일,강원도 원주시 태장동,경상사고,0,0,1,1,차대차 - 측면충돌,안전운전불이행,건조,맑음,단일로 - 기타,승용,남,55세,부상신고,화물,남,46세,경상
2023100700100119,2023년 10월 7일 10시,토요일,강원도 원주시 평원동,중상사고,0,1,0,0,차대차 - 측면충돌,직진우회전진행방해,건조,맑음,교차로 - 교차로안,승용,남,66세,상해없음,자전거,남,72세,중상
2023100700100120,2023년 10월 7일 10시,토요일,강원특별자치도 원주시 소초면,경상사고,0,0,1,1,차대차 - 측면충돌,안전운전불이행,건조,맑음,단일로 - 기타,승용,남,78세,상해없음,이륜,남,53세,부상신고
2023100700100121,2023년 10월 7일 10시,토요일,강원도 양양군 양양읍,중상사고,0,1,1,0,차대차 - 측면충돌,직진우회전진행방해,건조,맑음,교차로 - 교차로안,승용,남,55세,상해없음,화물,남,51세,경상
2023100700100145,2023년 10월 7일 11시,토요일,강원도 삼척시 갈천동,경상사고,0,0,1,0,차대사람 - 횡단중,안전운전불이행,건조,맑음,단일로 - 지하차도(도로)내,화물,남,77세,상해없음,보행자,남,64세,경상
2023100700100179,2023년 10월 7일 12시,토요일,강원도 강릉시 옥천동,중상사고,0,1,0,0,차대차 - 기타,안전운전불이행,건조,맑음,기타 - 기타,승용,여,61세,상해없음,자전거,남,80세,중상
2023100700100222,2023년 10월 7일 13시,토요일,강원특별자치도 강릉시 사천면,경상사고,0,0,1,0,차대차 - 기타,안전운전불이행,건조,맑음,교차로 - 교차로부근,승용,여,64세,상해없음,승용,남,60세,경상
2023100700100223,2023년 10월 7일 13시,토요일,강원특별자치도 원주시 단계동,경상사고,0,0,4,0,차대차 - 기타,안전운전불이행,건조,흐림,교차로 - 교차로안,승용,남,30세,기타불명,승용,여,37세,경상
2023100700100248,2023년 10월 7일 14시,토요일,강원도 속초시 청호동,경상사고,0,0,1,0,차대차 - 추돌,안전운전불이행,건조,맑음,교차로 - 교차로부근,화물,남,64세,상해없음,승용,남,54세,경상
2023100700100249,2023년 10월 7일 14시,토요일,강원도 양구군 해안면,중상사고,0,1,0,0,차대차 - 기타,안전운전불이행,건조,맑음,단일로 - 기타,승용,여,52세,상해없음,자전거,남,76세,중상
2023100700100322,2023년 10월 7일 16시,토요일,강원도 동해시 대구동,경상사고,0,0,1,0,차대차 - 기타,안전운전불이행,젖음/습기,비,교차로 - 교차로부근,승용,남,72세,상해없음,자전거,남,68세,경상
2023100700100352,2023년 10월 7일 17시,토요일,강원특별자치도 춘천시 동내면,부상신고사고,0,0,0,1,차대차 - 측면충돌,안전운전불이행,건조,맑음,단일로 - 기타,승용,여,57세,부상신고,건설기계,남,67세,상해없음
2023100700100353,2023년 10월 7일 17시,토요일,강원도 정선군 사북읍,경상사고,0,0,2,0,차대차 - 기타,안전운전불이행,건조,맑음,교차로 - 교차로안,승용,여,47세,상해없음,승용,남,37세,경상
2023100700100381,2023년 10월 7일 18시,토요일,강원특별자치도 강릉시 홍제동,경상사고,0,0,2,0,차대차 - 기타,안전운전불이행,건조,맑음,교차로 - 교차로안,승용,남,42세,상해없음,승용,남,41세,경상
2023100700100423,2023년 10월 7일 19시,토요일,강원특별자치도 춘천시 퇴계동,경상사고,0,0,1,0,차대사람 - 횡단중,보행자보호의무위반,건조,맑음,교차로 - 교차로횡단보도내,승용,여,63세,상해없음,보행자,남,59세,경상
2023100700100456,2023년 10월 7일 20시,토요일,강원특별자치도 강릉시 임당동,경상사고,0,0,1,0,차대차 - 기타,안전운전불이행,건조,맑음,단일로 - 기타,화물,남,50세,상해없음,이륜,남,26세,경상
2023100700100457,2023년 10월 7일 20시,토요일,강원도 철원군 서면,경상사고,0,0,1,0,차대차 - 정면충돌,중앙선침범,건조,맑음,단일로 - 기타,승용,여,54세,상해없음,승용,여,25세,경상
2023100700100491,2023년 10월 7일 21시,토요일,강원특별자치도 춘천시 효자동,경상사고,0,0,3,0,차대차 - 추돌,안전운전불이행,건조,맑음,교차로 - 교차로부근,승용,남,59세,상해없음,승용,남,37세,경상
2023100800100061,2023년 10월 8일 08시,일요일,강원도 정선군 임계면,중상사고,0,2,0,0,차량단독 - 공작물충돌,안전운전불이행,젖음/습기,흐림,기타 - 기타,승용,여,74세,중상,,,,
2023100800100085,2023년 10월 8일 10시,일요일,강원도 원주시 문막읍,중상사고,0,1,0,0,차대차 - 측면충돌,안전운전불이행,건조,맑음,교차로 - 교차로안,승용,여,40세,상해없음,이륜,남,36세,중상
2023100800100086,2023년 10월 8일 10시,일요일,강원도 원주시 반곡동,경상사고,0,0,2,0,차대차 - 측면충돌,안전운전불이행,건조,맑음,단일로 - 기타,승용,여,43세,상해없음,승용,남,39세,경상
2023100800100106,2023년 10월 8일 11시,일요일,강원도 원주시 태장동,경상사고,0,0,1,0,차대차 - 측면충돌,안전거리미확보,건조,흐림,기타 - 기타,승용,여,69세,상해없음,승용,남,34세,경상
2023100800100121,2023년 10월 8일 12시,일요일,강원도 영월군 영월읍,경상사고,0,0,2,0,차대차 - 측면충돌,신호위반,건조,흐림,교차로 - 교차로안,승용,남,77세,상해없음,승용,남,74세,경상
2023100800100122,2023년 10월 8일 12시,일요일,강원도 동해시 구미동,중상사고,0,1,1,0,차대차 - 추돌,안전운전불이행,건조,맑음,단일로 - 기타,승용,남,84세,상해없음,승용,남,61세,경상
2023100800100191,2023년 10월 8일 15시,일요일,강원도 속초시 설악동,사망사고,1,3,1,0,차대사람 - 기타,안전운전불이행,건조,맑음,기타 - 기타,승용,남,57세,상해없음,보행자,남,65세,사망