사고번호,사고일시,요일,시군구,사고내용,사망자수,중상자수,경상자수,부상신고자수,사고유형,법규위반,노면상태,기상상태,도로형태,가해운전자 차종,가해운전자 성별,가해운전자 연령,가해운전자 상해정도,피해운전자 차종,피해운전자 성별,피해운전자 연령,피해운전자 상해정도
2023100800100261,2023년 10월 8일 18시,일요일,강원도 동해시 묵호진동,경상사고,0,0,3,0,차대차 - 기타,안전운전불이행,건조,맑음,단일로 - 기타,원동기,남,17세,상해없음,승용,여,35세,경상
2023100800100289,2023년 10월 8일 19시,일요일,강원도 원주시 태장동,경상사고,0,0,2,0,차대차 - 측면충돌,직진우회전진행방해,건조,맑음,단일로 - 기타,승용,남,29세,상해없음,승용,남,24세,경상
2023100800100329,2023년 10월 8일 21시,일요일,강원도 속초시 조양동,중상사고,0,1,0,0,차대사람 - 횡단중,신호위반,건조,맑음,교차로 - 교차로안,승용,남,63세,상해없음,보행자,여,53세,중상
2023100800100330,2023년 10월 8일 21시,일요일,강원특별자치도 속초시 조양동,경상사고,0,0,1,0,차대차 - 기타,안전거리미확보,건조,맑음,단일로 - 기타,승용,여,72세,상해없음,승용,남,50세,상해없음
2023100800100331,2023년 10월 8일 21시,일요일,강원도 정선군 여량면,사망사고,1,0,0,0,차대사람 - 기타,안전운전불이행,건조,맑음,기타 - 기타,화물,남,64세,상해없음,보행자,여,64세,사망
2023100900100108,2023년 10월 9일 10시,월요일,강원도 속초시 장사동,중상사고,0,1,1,0,차대차 - 추돌,안전운전불이행,건조,맑음,단일로 - 고가도로위,승용,남,49세,상해없음,승용,여,74세,중상
2023100900100131,2023년 10월 9일 11시,월요일,강원도 춘천시 동산면,경상사고,0,0,2,0,차대차 - 기타,안전거리미확보,건조,맑음,단일로 - 기타,건설기계,남,33세,상해없음,승용,여,38세,경상
2023100900100132,2023년 10월 9일 11시,월요일,강원특별자치도 강릉시 노암동,부상신고사고,0,0,0,1,차대차 - 기타,안전운전불이행,건조,맑음,교차로 - 교차로안,승용,남,67세,기타불명,승용,여,34세,부상신고
2023100900100133,2023년 10월 9일 11시,월요일,강원특별자치도 평창군 봉평면,경상사고,0,0,4,3,차대차 - 추돌,안전운전불이행,건조,맑음,단일로 - 기타,승합,남,68세,상해없음,승용,남,57세,부상신고
2023100900100159,2023년 10월 9일 12시,월요일,강원특별자치도 춘천시 옥천동,중상사고,0,1,0,0,차대사람 - 횡단중,신호위반,건조,맑음,교차로 - 교차로횡단보도내,승용,남,80세,상해없음,보행자,여,70세,중상
2023100900100160,2023년 10월 9일 12시,월요일,강원특별자치도 원주시 우산동,중상사고,0,1,1,0,차대차 - 측면충돌,안전거리미확보,건조,맑음,단일로 - 기타,승용,남,69세,기타불명,승용,남,47세,중상
2023100900100191,2023년 10월 9일 13시,월요일,강원도 화천군 사내면,경상사고,0,0,1,0,차대차 - 측면충돌,중앙선침범,건조,맑음,단일로 - 기타,승용,남,69세,상해없음,화물,남,65세,경상
2023100900100279,2023년 10월 9일 17시,월요일,강원특별자치도 춘천시 삼천동,경상사고,0,0,1,0,차대차 - 기타,안전운전불이행,건조,맑음,단일로 - 기타,승용,남,65세,상해없음,화물,남,55세,경상
2023100900100280,2023년 10월 9일 17시,월요일,강원도 강릉시 입암동,경상사고,0,0,1,0,차대차 - 기타,안전운전불이행,건조,맑음,교차로 - 교차로안,승용,남,49세,상해없음,이륜,남,37세,경상
2023100900100317,2023년 10월 9일 18시,월요일,강원도 강릉시 주문진읍,중상사고,0,1,0,0,차대사람 - 횡단중,안전운전불이행,젖음/습기,비,단일로 - 기타,승용,남,31세,상해없음,보행자,남,67세,중상
2023100900100318,2023년 10월 9일 18시,월요일,강원도 원주시 단계동,경상사고,0,0,4,0,차대차 - 추돌,신호위반,건조,맑음,교차로 - 교차로안,승용,여,27세,경상,승용,남,39세,경상
2023100900100319,2023년 10월 9일 18시,월요일,강원도 원주시 문막읍,중상사고,0,1,0,0,차대차 - 추돌,안전운전불이행,건조,맑음,단일로 - 기타,이륜,남,24세,상해없음,이륜,남,29세,중상
2023100900100350,2023년 10월 9일 19시,월요일,강원도 춘천시 남면,경상사고,0,0,1,0,차대차 - 측면충돌,안전운전불이행,건조,맑음,단일로 - 기타,승용,여,27세,상해없음,승용,여,56세,경상
2023101000100039,2023년 10월 10일 06시,화요일,강원도 강릉시 홍제동,경상사고,0,0,1,0,차대차 - 기타,신호위반,건조,맑음,교차로 - 교차로안,승용,남,69세,상해없음,승용,남,66세,경상
2023101000100099,2023년 10월 10일 08시,화요일,강원도 속초시 중앙동,경상사고,0,0,1,0,차대차 - 추돌,안전운전불이행,건조,맑음,단일로 - 기타,이륜,남,41세,상해없음,승용,여,27세,경상
2023101000100187,2023년 10월 10일 10시,화요일,강원도 평창군 진부면,중상사고,0,1,0,0,차대차 - 측면충돌,안전운전불이행,건조,맑음,교차로 - 교차로안,화물,여,55세,상해없음,이륜,남,58세,중상
2023101000100232,2023년 10월 10일 11시,화요일,강원도 영월군 한반도면,경상사고,0,0,1,0,차대차 - 정면충돌,중앙선침범,건조,맑음,단일로 - 기타,승용,남,80세,상해없음,화물,남,68세,경상
2023101000100304,2023년 10월 10일 13시,화요일,강원특별자치도 춘천시 삼천동,부상신고사고,0,0,0,2,차대차 - 추돌,안전운전불이행,건조,맑음,단일로 - 기타,건설기계,남,51세,상해없음,승용,남,55세,부상신고
2023101000100339,2023년 10월 10일 14시,화요일,강원도 태백시 황지동,경상사고,0,0,1,0,차대차 - 측면충돌,안전운전불이행,건조,맑음,교차로 - 교차로안,화물,남,70세,상해없음,화물,남,41세,경상
2023101000100386,2023년 10월 10일 15시,화요일,강원특별자치도 강릉시 옥천동,중상사고,0,1,0,0,차대사람 - 길가장자리구역통행중,안전운전불이행,건조,맑음,교차로 - 교차로안,승용,남,74세,상해없음,보행자,여,90세,중상
2023101000100430,2023년 10월 10일 16시,화요일,강원특별자치도 춘천시 근화동,경상사고,0,0,1,0,차대차 - 기타,안전운전불이행,건조,맑음,교차로 - 교차로횡단보도내,기타불명,기타불명,미분류,기타불명,자전거,남,76세,경상
2023101000100431,2023년 10월 10일 16시,화요일,강원특별자치도 홍천군 홍천읍,경상사고,0,0,3,0,차대차 - 추돌,안전운전불이행,건조,맑음,단일로 - 지하차도(도로)내,화물,남,55세,상해없음,승용,여,35세,경상
2023101000100432,2023년 10월 10일 16시,화요일,강원도 동해시 발한동,경상사고,0,0,3,0,차대차 - 측면충돌,안전운전불이행,건조,맑음,교차로 - 교차로안,승용,여,68세,상해없음,승용,남,84세,경상
2023101000100516,2023년 10월 10일 18시,화요일,강원특별자치도 춘천시 중앙로2가,중상사고,0,1,0,0,차대사람 - 보도통행중,보행자보호의무위반,건조,맑음,교차로 - 교차로안,승용,남,87세,상해없음,보행자,여,77세,중상
2023101000100611,2023년 10월 10일 21시,화요일,강원특별자치도 춘천시 후평동,경상사고,0,0,1,0,차대차 - 측면충돌,안전운전불이행,건조,맑음,교차로 - 교차로횡단보도내,자전거,여,21세,경상,승용,여,58세,상해없음
2023101000100612,2023년 10월 10일 21시,화요일,강원특별자치도 춘천시 석사동,경상사고,0,0,2,0,차대차 - 정면충돌,신호위반,건조,맑음,교차로 - 교차로안,승용,남,65세,상해없음,승용,여,47세,경상
2023101100100027,2023년 10월 11일 05시,수요일,강원특별자치도 태백시 문곡동,경상사고,0,0,2,0,차대차 - 측면충돌,안전거리미확보,건조,맑음,단일로 - 기타,화물,남,68세,상해없음,승용,남,64세,경상
2023101100100048,2023년 10월 11일 07시,수요일,강원특별자치도 강릉시 죽헌동,경상사고,0,0,1,0,차대차 - 정면충돌,안전운전불이행,건조,맑음,교차로 - 교차로안,승용,남,27세,상해없음,승용,남,45세,경상
2023101100100049,2023년 10월 11일 07시,수요일,강원도 고성군 토성면,경상사고,0,0,1,0,차대차 - 후진중충돌,안전운전불이행,건조,맑음,교차로 - 교차로부근,승용,남,31세,상해없음,화물,남,39세,경상
2023101100100088,2023년 10월 11일 08시,수요일,강원도 강릉시 입암동,중상사고,0,1,0,0,차대차 - 기타,안전운전불이행,건조,맑음,기타 - 기타,승용,여,52세,상해없음,승용,여,44세,중상
2023101100100192,2023년 10월 11일 11시,수요일,강원특별자치도 춘천시 요선동,경상사고,0,0,1,0,차대사람 - 기타,신호위반,건조,맑음,단일로 - 기타,승용,남,35세,상해없음,보행자,남,34세,경상
2023101100100231,2023년 10월 11일 12시,수요일,강원특별자치도 춘천시 약사동,경상사고,0,0,1,0,차대차 - 기타,안전거리미확보,건조,맑음,단일로 - 기타,건설기계,남,56세,상해없음,이륜,남,48세,경상
2023101100100302,2023년 10월 11일 14시,수요일,강원특별자치도 춘천시 신북읍,경상사고,0,0,1,0,차대사람 - 기타,안전운전불이행,건조,기타,단일로 - 기타,승합,남,57세,상해없음,보행자,여,87세,경상
2023101100100303,2023년 10월 11일 14시,수요일,강원도 원주시 흥업면,중상사고,0,2,0,0,차대차 - 측면충돌,중앙선침범,건조,맑음,기타 - 기타,승용,여,61세,기타불명,승용,남,82세,중상
2023101100100304,2023년 10월 11일 14시,수요일,강원도 양양군 양양읍,경상사고,0,0,2,0,차대차 - 측면충돌,신호위반,건조,맑음,교차로 - 교차로안,승용,남,78세,상해없음,승용,여,45세,경상
2023101100100345,2023년 10월 11일 15시,수요일,강원특별자치도 춘천시 후평동,경상사고,0,0,2,0,차대차 - 측면충돌,안전운전불이행,건조,맑음,단일로 - 기타,승용,남,65세,상해없음,승용,남,67세,경상
2023101100100383,2023년 10월 11일 16시,수요일,강원도 원주시 단계동,경상사고,0,0,1,0,차대차 - 추돌,안전거리미확보,건조,맑음,단일로 - 기타,승합,남,66세,상해없음,승용,남,59세,경상
2023101100100413,2023년 10월 11일 17시,수요일,강원도 양양군 양양읍,경상사고,0,0,1,0,차대사람 - 횡단중,안전운전불이행,건조,맑음,단일로 - 기타,승용,남,48세,상해없음,보행자,여,67세,경상
2023101100100414,2023년 10월 11일 17시,수요일,강원도 횡성군 둔내면,경상사고,0,0,1,0,차대차 - 정면충돌,중앙선침범,건조,맑음,단일로 - 기타,화물,남,69세,상해없음,농기계,남,57세,경상
2023101100100484,2023년 10월 11일 18시,수요일,강원도 양구군 양구읍,중상사고,0,1,0,0,차대차 - 추돌,안전거리미확보,건조,맑음,단일로 - 기타,화물,남,61세,상해없음,승용,남,55세,중상
2023101100100551,2023년 10월 11일 19시,수요일,강원특별자치도 홍천군 화촌면,사망사고,1,0,0,0,차대사람 - 횡단중,안전운전불이행,건조,맑음,단일로 - 지하차도(도로)내,승용,여,62세,상해없음,보행자,여,79세,사망
2023101100100593,2023년 10월 11일 20시,수요일,강원특별자치도 동해시 천곡동,경상사고,0,0,2,0,차대차 - 후진중충돌,안전운전불이행,건조,맑음,교차로 - 교차로부근,승용,여,59세,상해없음,승용,남,37세,경상
2023101100100627,2023년 10월 11일 21시,수요일,강원도 정선군 고한읍,경상사고,0,0,1,0,차대차 - 추돌,안전운전불이행,건조,맑음,단일로 - 기타,승용,남,49세,상해없음,건설기계,남,38세,경상
2023101100100628,2023년 10월 11일 21시,수요일,강원도 동해시 효가동,경상사고,0,0,1,0,차대차 - 기타,안전운전불이행,건조,맑음,단일로 - 기타,승용,남,23세,상해없음,승용,여,61세,경상
2023101200100075,2023년 10월 12일 07시,목요일,강원특별자치도 춘천시 사북면,중상사고,0,1,0,0,차대차 - 기타,안전거리미확보,건조,맑음,단일로 - 기타,승용,남,23세,상해없음,승용,남,60세,중상
2023101200100098,2023년 10월 12일 08시,목요일,강원특별자치도 춘천시 후평동,경상사고,0,0,1,0,차대차 - 기타,안전운전불이행,건조,맑음,단일로 - 기타,승용,여,26세,상해없음,승용,남,40세,경상
2023101200100099,2023년 10월 12일 08시,목요일,강원도 강릉시 유천동,경상사고,0,0,1,0,차대차 - 측면충돌,안전운전불이행,건조,맑음,교차로 - 교차로안,승용,남,68세,기타불명,승용,여,26세,경상
2023101200100100,2023년 10월 12일 08시,목요일,강원특별자치도 원주시 무실동,경상사고,0,0,1,0,차대차 - 기타,안전거리미확보,건조,맑음,단일로 - 기타,승용,여,67세,기타불명,승용,여,45세,경상
2023101200100148,2023년 10월 12일 09시,목요일,강원도 동해시 천곡동,중상사고,0,1,0,0,차대사람 - 차도통행중,안전운전불이행,건조,맑음,단일로 - 기타,화물,남,62세,상해없음,보행자,여,58세,중상
2023101200100185,2023년 10월 12일 10시,목요일,강원도 영월군 주천면,중상사고,0,2,0,0,차대차 - 정면충돌,중앙선침범,건조,맑음,단일로 - 기타,화물,남,31세,중상,화물,남,51세,중상
2023101200100214,2023년 10월 12일 11시,목요일,강원도 원주시 일산동,경상사고,0,0,2,0,차대차 - 추돌,안전운전불이행,건조,맑음,단일로 - 기타,승용,여,65세,상해없음,화물,남,35세,경상
2023101200100215,2023년 10월 12일 11시,목요일,강원특별자치도 원주시 평원동,부상신고사고,0,0,0,1,차대차 - 추돌,안전운전불이행,건조,맑음,교차로 - 교차로안,승용,여,35세,상해없음,화물,남,60세,부상신고
2023101200100250,2023년 10월 12일 12시,목요일,강원도 원주시 문막읍,경상사고,0,0,1,0,차대차 - 기타,차로위반,건조,맑음,단일로 - 기타,승용,여,60세,상해없음,승용,남,38세,상해없음
2023101200100251,2023년 10월 12일 12시,목요일,강원특별자치도 원주시 호저면,경상사고,0,0,1,0,차대차 - 측면충돌,안전운전불이행,건조,맑음,교차로 - 교차로안,승용,남,76세,상해없음,승용,남,61세,경상
2023101200100321,2023년 10월 12일 14시,목요일,강원특별자치도 춘천시 동내면,중상사고,0,1,0,0,차대차 - 추돌,안전운전불이행,건조,맑음,교차로 - 교차로안,승용,남,67세,상해없음,이륜,남,66세,중상
2023101200100322,2023년 10월 12일 14시,목요일,강원도 삼척시 읍중동,경상사고,0,0,1,0,차대차 - 측면충돌,중앙선침범,건조,맑음,단일로 - 지하차도(도로)내,자전거,남,80세,경상,승용,남,22세,상해없음
2023101200100323,2023년 10월 12일 14시,목요일,강원도 정선군 남면,사망사고,1,0,0,0,차대차 - 추돌,안전운전불이행,건조,맑음,단일로 - 터널,승용,남,74세,사망,건설기계,남,52세,상해없음
2023101200100363,2023년 10월 12일 15시,목요일,강원도 원주시 우산동,경상사고,0,0,2,0,차대차 - 추돌,신호위반,건조,맑음,교차로 - 교차로안,화물,남,70세,경상,승용,여,52세,경상
2023101200100400,2023년 10월 12일 16시,목요일,강원도 원주시 반곡동,경상사고,0,0,1,0,차대차 - 추돌,안전운전불이행,건조,맑음,교차로 - 교차로부근,이륜,남,20세,상해없음,승합,여,48세,경상
2023101200100401,2023년 10월 12일 16시,목요일,강원도 홍천군 홍천읍,중상사고,0,1,0,0,차대차 - 측면충돌,안전운전불이행,건조,맑음,교차로 - 교차로안,승합,남,64세,상해없음,화물,남,58세,중상
2023101200100541,2023년 10월 12일 19시,목요일,강원도 홍천군 홍천읍,경상사고,0,0,2,0,차대차 - 후진중충돌,안전운전불이행,건조,맑음,단일로 - 기타,승용,남,22세,상해없음,승용,남,33세,경상
2023101200100542,2023년 10월 12일 19시,목요일,강원도 홍천군 홍천읍,경상사고,0,0,2,0,차대차 - 측면충돌,안전운전불이행,건조,맑음,단일로 - 기타,승합,남,29세,경상,승용,여,24세,경상
2023101200100621,2023년 10월 12일 22시,목요일,강원도 강릉시 교동,중상사고,0,1,0,0,차대사람 - 횡단중,안전운전불이행,건조,맑음,교차로 - 교차로부근,승용,남,46세,상해없음,보행자,남,53세,중상
2023101300100098,2023년 10월 13일 08시,금요일,강원도 원주시 인동,중상사고,0,1,0,0,차대차 - 측면충돌,신호위반,건조,맑음,교차로 - 교차로안,승용,여,41세,상해없음,승용,남,64세,중상
2023101300100099,2023년 10월 13일 08시,금요일,강원도 태백시 황지동,경상사고,0,0,3,0,차대차 - 추돌,안전운전불이행,건조,맑음,교차로 - 교차로부근,승용,여,46세,경상,승용,여,57세,경상
2023101300100139,2023년 10월 13일 09시,금요일,강원특별자치도 춘천시 근화동,중상사고,0,1,0,0,차대차 - 기타,안전운전불이행,건조,맑음,기타 - 기타,승용,남,32세,상해없음,자전거,여,30세,중상
2023101300100140,2023년 10월 13일 09시,금요일,강원특별자치도 춘천시 효자동,경상사고,0,0,1,0,차대차 - 추돌,안전운전불이행,건조,맑음,단일로 - 기타,승용,남,63세,상해없음,승용,여,52세,경상
2023101300100141,2023년 10월 13일 09시,금요일,강원특별자치도 원주시 단구동,경상사고,0,0,1,0,차대차 - 기타,안전운전불이행,건조,맑음,단일로 - 기타,화물,남,65세,상해없음,승용,여,25세,경상
2023101300100185,2023년 10월 13일 10시,금요일,강원특별자치도 춘천시 동면,중상사고,0,1,0,1,차대차 - 추돌,안전거리미확보,건조,맑음,단일로 - 기타,이륜,남,47세,중상,승용,여,66세,부상신고
2023101300100186,2023년 10월 13일 10시,금요일,강원도 원주시 단계동,경상사고,0,0,1,0,차대사람 - 횡단중,보행자보호의무위반,건조,맑음,교차로 - 교차로횡단보도내,화물,남,64세,상해없음,보행자,여,66세,경상
2023101300100231,2023년 10월 13일 11시,금요일,강원도 원주시 일산동,경상사고,0,0,1,0,차대차 - 측면충돌,안전운전불이행,건조,맑음,교차로 - 교차로부근,승용,남,25세,상해없음,승용,남,27세,경상
2023101300100272,2023년 10월 13일 12시,금요일,강원도 동해시 송정동,중상사고,0,1,0,0,차대사람 - 횡단중,보행자보호의무위반,건조,맑음,단일로 - 기타,승용,남,66세,상해없음,보행자,남,45세,중상
2023101300100305,2023년 10월 13일 13시,금요일,강원특별자치도 원주시 우산동,경상사고,0,0,1,0,차대차 - 측면충돌,안전운전불이행,건조,맑음,단일로 - 기타,승용,여,64세,상해없음,승용,남,32세,경상
2023101300100306,2023년 10월 13일 13시,금요일,강원특별자치도 평창군 대관령면,경상사고,0,0,1,0,차대차 - 후진중충돌,안전운전불이행,건조,맑음,단일로 - 지하차도(도로)내,승합,남,57세,상해없음,승용,여,27세,경상
2023101300100331,2023년 10월 13일 14시,금요일,강원특별자치도 춘천시 석사동,경상사고,0,0,1,0,차대차 - 기타,안전거리미확보,건조,맑음,단일로 - 기타,승용,남,49세,상해없음,승용,남,34세,경상
2023101300100363,2023년 10월 13일 15시,금요일,강원도 원주시 단계동,중상사고,0,1,0,0,차대차 - 기타,안전운전불이행,건조,맑음,교차로 - 교차로횡단보도내,승용,여,59세,상해없음,자전거,남,14세,중상
2023101300100364,2023년 10월 13일 15시,금요일,강원특별자치도 홍천군 남면,중상사고,0,1,0,0,차대사람 - 차도통행중,안전운전불이행,건조,맑음,교차로 - 교차로부근,승용,남,73세,상해없음,보행자,여,68세,중상
2023101300100365,2023년 10월 13일 15시,금요일,강원특별자치도 홍천군 북방면,경상사고,0,0,1,0,차대차 - 측면충돌,중앙선침범,건조,맑음,단일로 - 기타,건설기계,남,53세,상해없음,건설기계,남,37세,경상
2023101300100506,2023년 10월 13일 18시,금요일,강원도 원주시 무실동,경상사고,0,0,1,0,차대차 - 측면충돌,신호위반,건조,맑음,교차로 - 교차로안,승용,여,53세,상해없음,이륜,남,26세,경상
2023101300100591,2023년 10월 13일 19시,금요일,강원특별자치도 춘천시 신동면,경상사고,0,0,2,0,차대차 - 추돌,안전거리미확보,건조,맑음,단일로 - 기타,원동기,남,38세,상해없음,승용,여,55세,경상
2023101300100592,2023년 10월 13일 19시,금요일,강원도 속초시 조양동,중상사고,0,1,0,0,차대차 - 기타,기타,건조,맑음,교차로 - 교차로부근,승용,남,75세,상해없음,이륜,남,42세,중상
2023101300100708,2023년 10월 13일 23시,금요일,강원특별자치도 강릉시 홍제동,경상사고,0,0,1,0,차대차 - 추돌,안전운전불이행,건조,맑음,단일로 - 기타,승용,남,27세,상해없음,이륜,남,26세,경상
2023101400100032,2023년 10월 14일 03시,토요일,강원특별자치도 춘천시 동면,경상사고,0,0,2,0,차대차 - 기타,안전운전불이행,건조,맑음,교차로 - 교차로안,승용,남,27세,상해없음,승용,여,42세,경상
2023101400100110,2023년 10월 14일 09시,토요일,강원도 태백시 장성동,경상사고,0,0,1,0,차대차 - 측면충돌,직진우회전진행방해,건조,맑음,교차로 - 교차로안,승용,여,69세,상해없음,승용,남,67세,경상
2023101400100111,2023년 10월 14일 09시,토요일,강원특별자치도 원주시 문막읍,중상사고,0,1,0,0,차대사람 - 기타,안전운전불이행,건조,흐림,기타 - 기타,승용,여,52세,상해없음,보행자,여,68세,중상
2023101400100138,2023년 10월 14일 10시,토요일,강원특별자치도 강릉시 성산면,사망사고,1,0,0,0,차대차 - 기타,안전운전불이행,건조,맑음,교차로 - 교차로안,승용,여,54세,상해없음,자전거,여,51세,사망
2023101400100208,2023년 10월 14일 12시,토요일,강원도 강릉시 성산면,경상사고,0,0,5,0,차대차 - 정면충돌,중앙선침범,건조,맑음,단일로 - 기타,승용,여,44세,기타불명,승용,여,48세,경상
2023101400100209,2023년 10월 14일 12시,토요일,강원도 화천군 화천읍,경상사고,0,0,1,0,차대사람 - 횡단중,안전운전불이행,젖음/습기,흐림,단일로 - 기타,화물,남,66세,상해없음,보행자,남,70세,경상
2023101400100249,2023년 10월 14일 13시,토요일,강원도 속초시 조양동,중상사고,0,1,3,0,차대차 - 측면충돌,교차로운행방법위반,건조,맑음,교차로 - 교차로안,승합,남,34세,상해없음,승용,남,51세,경상
2023101400100321,2023년 10월 14일 15시,토요일,강원특별자치도 춘천시 동면,경상사고,0,0,2,0,차대차 - 기타,안전운전불이행,건조,맑음,단일로 - 기타,화물,남,51세,상해없음,승용,남,28세,경상
2023101400100349,2023년 10월 14일 16시,토요일,강원특별자치도 춘천시 온의동,중상사고,0,1,0,0,차대사람 - 기타,안전운전불이행,건조,맑음,단일로 - 기타,화물,남,71세,기타불명,보행자,여,10세,중상
2023101400100350,2023년 10월 14일 16시,토요일,강원도 양양군 강현면,경상사고,0,0,1,0,차대차 - 측면충돌,교차로운행방법위반,건조,맑음,교차로 - 교차로안,승용,여,68세,상해없음,승용,남,65세,상해없음
2023101400100383,2023년 10월 14일 17시,토요일,강원특별자치도 양구군 국토정중앙면,사망사고,1,0,0,0,차량단독 - 공작물충돌,안전운전불이행,건조,맑음,교차로 - 교차로안,사륜오토바이(ATV),남,73세,사망,,,,
2023101400100423,2023년 10월 14일 18시,토요일,강원특별자치도 영월군 김삿갓면,부상신고사고,0,0,0,2,차대차 - 측면충돌,교차로운행방법위반,젖음/습기,흐림,교차로 - 교차로안,승용,남,60세,상해없음,승용,남,49세,부상신고
2023101400100459,2023년 10월 14일 19시,토요일,강원도 속초시 조양동,중상사고,0,1,0,0,차대사람 - 차도통행중,안전운전불이행,건조,맑음,주차장 - 주차장,개인형이동수단(PM),여,15세,상해없음,보행자,여,76세,중상
2023101400100494,2023년 10월 14일 20시,토요일,강원도 원주시 우산동,중상사고,0,1,1,0,차대차 - 기타,직진우회전진행방해,건조,맑음,교차로 - 교차로안,승용,여,64세,경상,이륜,남,30세,중상
2023101400100495,2023년 10월 14일 20시,토요일,강원도 평창군 방림면,경상사고,0,0,1,0,차량단독 - 공작물충돌,안전운전불이행,건조,맑음,단일로 - 지하차도(도로)내,화물,남,68세,경상,,,,
2023101500100043,2023년 10월 15일 04시,일요일,강원도 원주시 단계동,부상신고사고,0,0,0,1,차대사람 - 기타,안전운전불이행,건조,기타,단일로 - 기타,승용,여,43세,상해없음,보행자,남,41세,부상신고
2023101500100082,2023년 10월 15일 09시,일요일,강원특별자치도 춘천시 석사동,경상사고,0,0,1,0,차대차 - 측면충돌,차로위반,건조,맑음,교차로 - 교차로부근,승용,여,36세,경상,승용,남,24세,상해없음
2023101500100103,2023년 10월 15일 10시,일요일,강원도 원주시 인동,경상사고,0,0,1,0,차대차 - 측면충돌,교차로운행방법위반,건조,맑음,교차로 - 교차로안,승용,여,61세,상해없음,승용,여,61세,경상
2023101500100104,2023년 10월 15일 10시,일요일,강원특별자치도 홍천군 서석면,중상사고,0,1,0,0,차대차 - 정면충돌,교차로운행방법위반,건조,맑음,교차로 - 교차로안,화물,여,47세,상해없음,화물,여,69세,중상
2023101500100105,2023년 10월 15일 10시,일요일,강원도 고성군 죽왕면,중상사고,0,1,1,0,차대차 - 추돌,안전운전불이행,건조,맑음,교차로 - 교차로부근,승용,여,50세,상해없음,승용,남,39세,경상
2023101500100127,2023년 10월 15일 11시,일요일,강원도 홍천군 남면,경상사고,0,0,2,0,차대차 - 측면충돌,신호위반,건조,맑음,교차로 - 교차로안,승용,남,68세,상해없음,화물,남,62세,경상
2023101500100149,2023년 10월 15일 12시,일요일,강원특별자치도 춘천시 신북읍,경상사고,0,0,2,0,차대차 - 측면충돌,교차로운행방법위반,건조,맑음,교차로 - 교차로안,화물,남,57세,상해없음,승용,여,31세,경상
2023101500100218,2023년 10월 15일 14시,일요일,강원도 강릉시 강문동,경상사고,0,0,3,0,차대차 - 기타,안전운전불이행,건조,맑음,교차로 - 교차로안,승용,남,59세,상해없음,승용,남,21세,경상
2023101500100219,2023년 10월 15일 14시,일요일,강원도 강릉시 연곡면,중상사고,0,2,1,0,차대차 - 정면충돌,안전운전불이행,건조,맑음,교차로 - 교차로안,승용,남,64세,상해없음,이륜,남,50세,중상
2023101500100261,2023년 10월 15일 15시,일요일,강원특별자치도 춘천시 우두동,중상사고,0,1,1,1,차대사람 - 횡단중,보행자보호의무위반,건조,맑음,교차로 - 교차로횡단보도내,승용,여,56세,상해없음,보행자,여,6세,중상
2023101500100286,2023년 10월 15일 16시,일요일,강원특별자치도 춘천시 삼천동,부상신고사고,0,0,0,5,차대차 - 측면충돌,안전운전불이행,건조,맑음,교차로 - 교차로안,승용,남,26세,부상신고,승용,남,45세,부상신고
2023101500100311,2023년 10월 15일 17시,일요일,강원도 속초시 동명동,경상사고,0,0,2,0,차대차 - 측면충돌,안전거리미확보,건조,맑음,교차로 - 교차로안,승용,남,56세,상해없음,승용,남,42세,경상
2023101500100312,2023년 10월 15일 17시,일요일,강원도 속초시 청호동,중상사고,0,1,0,0,차대사람 - 기타,안전운전불이행,건조,맑음,교차로 - 교차로안,화물,남,80세,상해없음,보행자,여,78세,중상
2023101500100313,2023년 10월 15일 17시,일요일,강원특별자치도 삼척시 남양동,경상사고,0,0,2,0,차대차 - 측면충돌,신호위반,건조,맑음,단일로 - 지하차도(도로)내,승용,남,51세,상해없음,승용,남,55세,경상
2023101500100342,2023년 10월 15일 18시,일요일,강원특별자치도 강릉시 포남동,경상사고,0,0,1,0,차대사람 - 횡단중,보행자보호의무위반,건조,맑음,단일로 - 기타,승용,남,54세,상해없음,보행자,남,63세,경상
2023101500100343,2023년 10월 15일 18시,일요일,강원도 평창군 평창읍,중상사고,0,1,0,0,차대사람 - 횡단중,안전운전불이행,건조,맑음,교차로 - 교차로안,화물,남,52세,상해없음,보행자,남,80세,중상
2023101500100420,2023년 10월 15일 21시,일요일,강원도 원주시 행구동,경상사고,0,0,1,0,차대차 - 측면충돌,신호위반,건조,흐림,교차로 - 교차로안,자전거,남,18세,상해없음,승용,남,40세,경상
2023101600100222,2023년 10월 16일 11시,월요일,강원도 강릉시 노암동,중상사고,0,1,0,0,차대차 - 기타,안전운전불이행,건조,맑음,교차로 - 교차로안,승용,남,31세,상해없음,자전거,여,83세,중상
2023101600100223,2023년 10월 16일 11시,월요일,강원도 원주시 명륜동,중상사고,0,1,0,0,차대사람 - 횡단중,보행자보호의무위반,건조,맑음,기타 - 기타,화물,남,63세,상해없음,보행자,남,59세,중상