사고번호,사고일시,요일,시군구,사고내용,사망자수,중상자수,경상자수,부상신고자수,사고유형,법규위반,노면상태,기상상태,도로형태,가해운전자 차종,가해운전자 성별,가해운전자 연령,가해운전자 상해정도,피해운전자 차종,피해운전자 성별,피해운전자 연령,피해운전자 상해정도
2023102100100408,2023년 10월 21일 16시,토요일,강원특별자치도 원주시 단계동,경상사고,0,0,1,0,차대차 - 추돌,직진우회전진행방해,건조,맑음,교차로 - 교차로부근,승용,남,23세,상해없음,승용,남,28세,경상
2023102100100409,2023년 10월 21일 16시,토요일,강원특별자치도 횡성군 횡성읍,경상사고,0,0,1,0,차대차 - 측면충돌,안전운전불이행,건조,맑음,기타 - 기타,승용,남,63세,상해없음,이륜,남,48세,경상
2023102100100410,2023년 10월 21일 16시,토요일,강원특별자치도 철원군 서면,경상사고,0,0,1,0,차대사람 - 기타,안전운전불이행,건조,맑음,주차장 - 주차장,승용,남,55세,상해없음,보행자,여,15세,경상
2023102100100411,2023년 10월 21일 16시,토요일,강원특별자치도 양구군 해안면,중상사고,0,2,1,0,차량단독 - 도로외이탈 - 추락,기타,건조,맑음,단일로 - 기타,승합,여,54세,상해없음,,,,
2023102100100487,2023년 10월 21일 18시,토요일,강원특별자치도 원주시 관설동,경상사고,0,0,2,0,차대차 - 추돌,안전운전불이행,건조,맑음,교차로 - 교차로안,이륜,남,27세,경상,승용,여,29세,경상
2023102100100529,2023년 10월 21일 19시,토요일,강원특별자치도 원주시 행구동,경상사고,0,0,1,0,차대차 - 측면충돌,안전운전불이행,건조,맑음,단일로 - 기타,승용,여,40세,기타불명,승용,남,27세,경상
2023102100100530,2023년 10월 21일 19시,토요일,강원특별자치도 양양군 강현면,중상사고,0,1,0,0,차대차 - 추돌,안전운전불이행,건조,맑음,단일로 - 기타,승용,남,55세,상해없음,화물,남,54세,중상
2023102100100531,2023년 10월 21일 19시,토요일,강원특별자치도 태백시 통동,경상사고,0,0,2,0,차대차 - 추돌,안전운전불이행,건조,맑음,교차로 - 교차로부근,승용,남,75세,상해없음,승용,남,30세,경상
2023102100100595,2023년 10월 21일 21시,토요일,강원특별자치도 춘천시 온의동,중상사고,0,3,0,0,차대차 - 기타,중앙선침범,건조,맑음,교차로 - 교차로안,승용,남,24세,상해없음,승용,남,27세,중상
2023102100100596,2023년 10월 21일 21시,토요일,강원특별자치도 춘천시 퇴계동,부상신고사고,0,0,0,1,차대차 - 측면충돌,안전거리미확보,건조,맑음,단일로 - 기타,승용,여,49세,상해없음,승용,남,29세,부상신고
2023102100100597,2023년 10월 21일 21시,토요일,강원특별자치도 원주시 단계동,중상사고,0,2,0,0,차대사람 - 기타,안전운전불이행,건조,맑음,교차로 - 교차로안,승용,남,58세,상해없음,보행자,남,52세,중상
2023102100100622,2023년 10월 21일 22시,토요일,강원특별자치도 춘천시 석사동,부상신고사고,0,0,0,1,차대사람 - 기타,안전운전불이행,건조,맑음,단일로 - 기타,승용,남,30세,상해없음,보행자,남,25세,부상신고
2023102200100089,2023년 10월 22일 09시,일요일,강원특별자치도 평창군 평창읍,중상사고,0,1,1,0,차대차 - 정면충돌,직진우회전진행방해,건조,맑음,교차로 - 교차로안,승용,남,71세,상해없음,승용,남,52세,경상
2023102200100120,2023년 10월 22일 10시,일요일,강원특별자치도 춘천시 북산면,경상사고,0,0,1,0,차대차 - 기타,안전운전불이행,건조,맑음,단일로 - 기타,승합,남,51세,상해없음,자전거,남,47세,경상
2023102200100121,2023년 10월 22일 10시,일요일,강원특별자치도 춘천시 신북읍,경상사고,0,0,1,0,차대차 - 추돌,안전거리미확보,건조,맑음,단일로 - 기타,화물,남,64세,상해없음,승용,남,45세,경상
2023102200100173,2023년 10월 22일 12시,일요일,강원특별자치도 춘천시 동면,중상사고,0,3,1,0,차대차 - 기타,신호위반,건조,맑음,교차로 - 교차로안,승용,남,74세,상해없음,승용,남,32세,중상
2023102200100200,2023년 10월 22일 13시,일요일,강원특별자치도 원주시 신림면,중상사고,0,1,0,0,차대차 - 기타,안전운전불이행,건조,맑음,단일로 - 기타,승용,남,40세,기타불명,승용,여,62세,중상
2023102200100201,2023년 10월 22일 13시,일요일,강원특별자치도 홍천군 홍천읍,경상사고,0,0,4,0,차대차 - 추돌,안전거리미확보,건조,맑음,단일로 - 기타,승용,남,26세,상해없음,승용,남,50세,경상
2023102200100234,2023년 10월 22일 14시,일요일,강원특별자치도 춘천시 서면,중상사고,0,1,0,0,차대차 - 정면충돌,안전운전불이행,건조,맑음,기타 - 기타,자전거,여,39세,상해없음,자전거,남,26세,중상
2023102200100235,2023년 10월 22일 14시,일요일,강원특별자치도 태백시 황지동,경상사고,0,0,1,0,차대차 - 측면충돌,교차로운행방법위반,건조,맑음,교차로 - 교차로부근,승용,여,62세,상해없음,이륜,남,50세,경상
2023102200100257,2023년 10월 22일 15시,일요일,강원특별자치도 홍천군 서면,중상사고,0,1,0,1,차대차 - 측면충돌,안전운전불이행,건조,맑음,단일로 - 기타,승용,남,37세,부상신고,이륜,남,52세,중상
2023102200100326,2023년 10월 22일 17시,일요일,강원특별자치도 강릉시 유천동,경상사고,0,0,1,0,차대차 - 기타,안전운전불이행,건조,맑음,교차로 - 교차로부근,승용,남,78세,기타불명,승용,남,40세,상해없음
2023102200100359,2023년 10월 22일 18시,일요일,강원특별자치도 원주시 무실동,부상신고사고,0,0,0,1,차대사람 - 기타,안전운전불이행,건조,맑음,단일로 - 기타,자전거,남,46세,상해없음,보행자,남,63세,부상신고
2023102200100419,2023년 10월 22일 20시,일요일,강원특별자치도 고성군 죽왕면,중상사고,0,2,0,0,차대차 - 정면충돌,안전운전불이행,건조,맑음,단일로 - 기타,승용,남,54세,상해없음,승용,남,29세,중상
2023102200100435,2023년 10월 22일 21시,일요일,강원특별자치도 속초시 조양동,중상사고,0,1,0,0,차대차 - 측면충돌,안전거리미확보,건조,맑음,교차로 - 교차로부근,승용,여,41세,상해없음,승용,남,31세,중상
2023102200100455,2023년 10월 22일 23시,일요일,강원특별자치도 춘천시 효자동,경상사고,0,0,2,0,차대차 - 기타,신호위반,건조,맑음,교차로 - 교차로안,승용,남,55세,상해없음,승용,남,24세,경상
2023102300100034,2023년 10월 23일 06시,월요일,강원특별자치도 속초시 노학동,경상사고,0,0,1,0,차대차 - 추돌,신호위반,건조,맑음,교차로 - 교차로안,승용,여,52세,상해없음,화물,남,40세,경상
2023102300100053,2023년 10월 23일 07시,월요일,강원특별자치도 태백시 황지동,경상사고,0,0,6,0,차대차 - 추돌,안전거리미확보,건조,맑음,단일로 - 기타,승합,남,61세,상해없음,화물,남,41세,경상
2023102300100092,2023년 10월 23일 08시,월요일,강원특별자치도 원주시 명륜동,중상사고,0,1,0,0,차대차 - 측면충돌,신호위반,건조,맑음,교차로 - 교차로부근,승용,여,52세,상해없음,승용,남,32세,중상
2023102300100093,2023년 10월 23일 08시,월요일,강원특별자치도 삼척시 도계읍,경상사고,0,0,2,0,차대차 - 추돌,안전거리미확보,건조,맑음,단일로 - 지하차도(도로)내,승용,여,46세,상해없음,승용,여,60세,경상
2023102300100202,2023년 10월 23일 11시,월요일,강원특별자치도 춘천시 퇴계동,경상사고,0,0,1,1,차대차 - 기타,안전거리미확보,건조,맑음,단일로 - 기타,승용,남,57세,상해없음,승용,여,28세,경상
2023102300100228,2023년 10월 23일 12시,월요일,강원특별자치도 동해시 부곡동,경상사고,0,0,1,0,차대차 - 후진중충돌,안전운전불이행,건조,맑음,단일로 - 기타,승용,남,73세,상해없음,승용,남,48세,경상
2023102300100299,2023년 10월 23일 14시,월요일,강원특별자치도 춘천시 후평동,경상사고,0,0,1,0,차대차 - 측면충돌,안전운전불이행,건조,맑음,교차로 - 교차로안,승용,남,33세,상해없음,승용,여,45세,경상
2023102300100300,2023년 10월 23일 14시,월요일,강원특별자치도 철원군 갈말읍,중상사고,0,1,1,0,차대사람 - 횡단중,안전운전불이행,건조,맑음,교차로 - 교차로안,이륜,여,55세,경상,보행자,여,80세,중상
2023102300100301,2023년 10월 23일 14시,월요일,강원특별자치도 철원군 김화읍,경상사고,0,0,1,0,차대사람 - 보도통행중,보행자보호의무위반,건조,맑음,교차로 - 교차로횡단보도내,승용,여,62세,상해없음,보행자,남,23세,경상
2023102300100302,2023년 10월 23일 14시,월요일,강원특별자치도 동해시 효가동,경상사고,0,0,1,0,차대차 - 측면충돌,안전거리미확보,건조,맑음,교차로 - 교차로부근,승용,여,53세,상해없음,승용,남,55세,경상
2023102300100339,2023년 10월 23일 15시,월요일,강원특별자치도 춘천시 온의동,중상사고,0,1,0,0,차대사람 - 보도통행중,보행자보호의무위반,건조,맑음,교차로 - 교차로안,승용,여,70세,상해없음,보행자,여,70세,중상
2023102300100340,2023년 10월 23일 15시,월요일,강원특별자치도 춘천시 소양로4가,부상신고사고,0,0,0,1,차대사람 - 횡단중,안전운전불이행,건조,맑음,단일로 - 기타,승용,여,55세,상해없음,보행자,남,14세,부상신고
2023102300100414,2023년 10월 23일 17시,월요일,강원특별자치도 춘천시 효자동,경상사고,0,0,2,0,차대차 - 측면충돌,교차로운행방법위반,건조,맑음,교차로 - 교차로안,승용,남,39세,경상,승용,여,62세,경상
2023102300100415,2023년 10월 23일 17시,월요일,강원특별자치도 원주시 무실동,중상사고,0,1,0,1,차대차 - 측면충돌,교차로운행방법위반,건조,맑음,교차로 - 교차로안,승용,여,63세,부상신고,승용,여,31세,중상
2023102300100475,2023년 10월 23일 18시,월요일,강원특별자치도 영월군 영월읍,중상사고,0,1,0,0,차대차 - 측면충돌,교차로운행방법위반,건조,맑음,교차로 - 교차로안,승용,여,28세,상해없음,이륜,남,76세,중상
2023102300100476,2023년 10월 23일 18시,월요일,강원특별자치도 홍천군 두촌면,경상사고,0,0,1,0,차대차 - 측면충돌,교차로운행방법위반,건조,맑음,교차로 - 교차로안,승용,남,68세,상해없음,승용,여,28세,경상
2023102300100521,2023년 10월 23일 19시,월요일,강원특별자치도 인제군 서화면,중상사고,0,1,1,0,차대사람 - 기타,안전운전불이행,건조,맑음,기타 - 기타,이륜,남,61세,상해없음,보행자,남,55세,경상
2023102400100070,2023년 10월 24일 07시,화요일,강원특별자치도 춘천시 온의동,경상사고,0,0,1,0,차대차 - 추돌,안전거리미확보,건조,맑음,단일로 - 기타,화물,남,23세,상해없음,승용,남,64세,경상
2023102400100071,2023년 10월 24일 07시,화요일,강원특별자치도 원주시 관설동,경상사고,0,0,1,0,차대차 - 측면충돌,안전운전불이행,건조,맑음,단일로 - 기타,건설기계,남,51세,기타불명,승용,남,64세,경상
2023102400100093,2023년 10월 24일 08시,화요일,강원특별자치도 평창군 대관령면,경상사고,0,0,2,0,차대차 - 측면충돌,기타,건조,맑음,교차로 - 교차로안,승용,남,26세,경상,승용,남,55세,경상
2023102400100094,2023년 10월 24일 08시,화요일,강원특별자치도 철원군 갈말읍,경상사고,0,0,2,0,차대차 - 측면충돌,직진우회전진행방해,건조,맑음,교차로 - 교차로안,승용,남,63세,상해없음,승용,남,80세,경상
2023102400100150,2023년 10월 24일 09시,화요일,강원특별자치도 춘천시 효자동,경상사고,0,0,1,0,차대차 - 측면충돌,안전운전불이행,건조,맑음,교차로 - 교차로안,자전거,남,59세,경상,승용,여,28세,상해없음
2023102400100151,2023년 10월 24일 09시,화요일,강원특별자치도 정선군 임계면,중상사고,0,1,0,0,차대차 - 정면충돌,안전운전불이행,건조,맑음,교차로 - 교차로안,승합,남,71세,상해없음,화물,남,51세,중상
2023102400100194,2023년 10월 24일 10시,화요일,강원특별자치도 춘천시 퇴계동,중상사고,0,1,0,0,차대사람 - 기타,기타,건조,맑음,단일로 - 기타,승합,남,56세,기타불명,보행자,여,61세,중상
2023102400100250,2023년 10월 24일 12시,화요일,강원특별자치도 평창군 미탄면,경상사고,0,0,2,0,차대차 - 정면충돌,중앙선침범,건조,맑음,단일로 - 지하차도(도로)내,화물,남,30세,상해없음,승용,남,67세,상해없음
2023102400100251,2023년 10월 24일 12시,화요일,강원특별자치도 동해시 천곡동,경상사고,0,0,2,0,차대차 - 기타,안전운전불이행,건조,맑음,단일로 - 기타,화물,남,50세,상해없음,승용,남,41세,경상
2023102400100316,2023년 10월 24일 14시,화요일,강원특별자치도 양양군 양양읍,경상사고,0,0,1,0,차대차 - 추돌,안전운전불이행,건조,맑음,단일로 - 교량,화물,남,70세,상해없음,승용,남,32세,기타불명
2023102400100337,2023년 10월 24일 15시,화요일,강원특별자치도 춘천시 온의동,부상신고사고,0,0,0,1,차대차 - 측면충돌,안전운전불이행,건조,맑음,교차로 - 교차로안,이륜,남,41세,상해없음,승용,남,62세,부상신고
2023102400100338,2023년 10월 24일 15시,화요일,강원특별자치도 춘천시 온의동,경상사고,0,0,1,0,차대차 - 측면충돌,안전거리미확보,건조,맑음,단일로 - 기타,승용,남,76세,상해없음,승용,남,31세,경상
2023102400100395,2023년 10월 24일 16시,화요일,강원특별자치도 춘천시 퇴계동,경상사고,0,0,1,0,차대사람 - 횡단중,신호위반,건조,맑음,교차로 - 교차로횡단보도내,승용,여,78세,상해없음,보행자,여,13세,경상
2023102400100429,2023년 10월 24일 17시,화요일,강원특별자치도 태백시 통동,경상사고,0,0,2,0,차대차 - 정면충돌,안전운전불이행,건조,맑음,단일로 - 기타,화물,남,53세,상해없음,승용,남,61세,경상
2023102400100480,2023년 10월 24일 18시,화요일,강원특별자치도 삼척시 하장면,사망사고,1,0,0,0,차대사람 - 횡단중,안전운전불이행,건조,맑음,단일로 - 기타,화물,남,56세,상해없음,보행자,여,89세,사망
2023102400100481,2023년 10월 24일 18시,화요일,강원특별자치도 평창군 봉평면,중상사고,0,1,0,0,차대사람 - 횡단중,안전운전불이행,건조,맑음,단일로 - 지하차도(도로)내,화물,남,66세,상해없음,보행자,남,59세,중상
2023102400100482,2023년 10월 24일 18시,화요일,강원특별자치도 고성군 토성면,경상사고,0,0,1,0,차대차 - 추돌,안전운전불이행,건조,맑음,기타 - 기타,승용,여,67세,상해없음,농기계,남,34세,경상
2023102400100596,2023년 10월 24일 21시,화요일,강원특별자치도 춘천시 후평동,부상신고사고,0,0,0,1,차대차 - 추돌,안전거리미확보,건조,흐림,교차로 - 교차로안,승용,여,65세,상해없음,이륜,남,22세,부상신고
2023102400100629,2023년 10월 24일 23시,화요일,강원특별자치도 양구군 양구읍,경상사고,0,0,1,0,차대차 - 측면충돌,안전운전불이행,건조,맑음,단일로 - 기타,승용,남,37세,상해없음,승용,남,18세,경상
2023102500100144,2023년 10월 25일 10시,수요일,강원특별자치도 강릉시 내곡동,경상사고,0,0,1,0,차대차 - 기타,안전운전불이행,건조,맑음,기타 - 기타,화물,남,55세,상해없음,승용,여,48세,경상
2023102500100178,2023년 10월 25일 11시,수요일,강원특별자치도 춘천시 후평동,부상신고사고,0,0,0,1,차대사람 - 기타,안전운전불이행,건조,맑음,단일로 - 기타,승용,여,55세,상해없음,보행자,여,68세,부상신고
2023102500100179,2023년 10월 25일 11시,수요일,강원특별자치도 양양군 양양읍,경상사고,0,0,1,0,차대사람 - 기타,안전운전불이행,건조,맑음,단일로 - 기타,승용,남,61세,상해없음,보행자,남,67세,경상
2023102500100272,2023년 10월 25일 14시,수요일,강원특별자치도 홍천군 홍천읍,경상사고,0,0,1,0,차대차 - 측면충돌,직진우회전진행방해,건조,맑음,교차로 - 교차로안,승용,여,83세,상해없음,자전거,남,26세,경상
2023102500100309,2023년 10월 25일 15시,수요일,강원특별자치도 인제군 인제읍,경상사고,0,0,1,0,차대사람 - 기타,안전운전불이행,건조,맑음,단일로 - 기타,승용,여,64세,상해없음,보행자,여,34세,경상
2023102500100385,2023년 10월 25일 17시,수요일,강원특별자치도 강릉시 홍제동,부상신고사고,0,0,0,4,차대차 - 측면충돌,안전운전불이행,건조,맑음,교차로 - 교차로안,승용,여,40세,기타불명,승용,남,23세,부상신고
2023102500100439,2023년 10월 25일 18시,수요일,강원특별자치도 양양군 강현면,경상사고,0,0,1,0,차대차 - 측면충돌,교차로운행방법위반,건조,맑음,교차로 - 교차로부근,승용,남,54세,상해없음,승용,여,64세,경상
2023102500100440,2023년 10월 25일 18시,수요일,강원특별자치도 동해시 용정동,경상사고,0,0,2,0,차대차 - 추돌,안전운전불이행,건조,맑음,단일로 - 기타,승용,남,66세,상해없음,승용,남,25세,경상
2023102500100507,2023년 10월 25일 19시,수요일,강원특별자치도 춘천시 퇴계동,경상사고,0,0,1,0,차대사람 - 보도통행중,보행자보호의무위반,건조,맑음,교차로 - 교차로횡단보도내,승용,남,42세,상해없음,보행자,남,12세,경상
2023102500100534,2023년 10월 25일 20시,수요일,강원특별자치도 춘천시 효자동,부상신고사고,0,0,0,1,차대차 - 기타,차로위반,건조,흐림,단일로 - 기타,기타불명,기타불명,미분류,기타불명,이륜,남,20세,부상신고
2023102500100535,2023년 10월 25일 20시,수요일,강원특별자치도 속초시 교동,경상사고,0,0,1,0,차대차 - 측면충돌,안전거리미확보,건조,맑음,단일로 - 지하차도(도로)내,승용,남,34세,상해없음,이륜,남,39세,경상
2023102600100008,2023년 10월 26일 00시,목요일,강원특별자치도 강릉시 포남동,사망사고,1,1,0,0,차량단독 - 도로외이탈 - 추락,기타,건조,맑음,단일로 - 기타,원동기,남,17세,상해없음,,,,
2023102600100084,2023년 10월 26일 08시,목요일,강원특별자치도 강릉시 초당동,경상사고,0,0,2,0,차대차 - 정면충돌,안전운전불이행,건조,맑음,교차로 - 교차로안,승용,여,57세,상해없음,승용,남,52세,경상
2023102600100122,2023년 10월 26일 09시,목요일,강원특별자치도 원주시 지정면,경상사고,0,0,1,0,차대차 - 측면충돌,신호위반,건조,맑음,교차로 - 교차로안,승용,남,65세,상해없음,특수,남,37세,경상
2023102600100123,2023년 10월 26일 09시,목요일,강원특별자치도 속초시 중앙동,경상사고,0,0,2,0,차대차 - 측면충돌,중앙선침범,건조,맑음,교차로 - 교차로부근,승용,남,28세,상해없음,승용,여,39세,경상
2023102600100124,2023년 10월 26일 09시,목요일,강원특별자치도 양양군 손양면,경상사고,0,0,2,0,차대차 - 측면충돌,안전운전불이행,건조,맑음,단일로 - 기타,승용,여,62세,상해없음,승용,남,50세,경상
2023102600100155,2023년 10월 26일 10시,목요일,강원특별자치도 양양군 서면,경상사고,0,0,1,0,차대차 - 추돌,안전운전불이행,건조,맑음,교차로 - 교차로안,건설기계,남,68세,상해없음,승용,남,64세,경상
2023102600100183,2023년 10월 26일 11시,목요일,강원특별자치도 강릉시 용강동,사망사고,1,0,0,0,차대사람 - 횡단중,보행자보호의무위반,건조,맑음,교차로 - 교차로횡단보도내,특수,남,38세,상해없음,보행자,여,80세,사망
2023102600100184,2023년 10월 26일 11시,목요일,강원특별자치도 원주시 단계동,중상사고,0,1,0,0,차대차 - 추돌,안전운전불이행,건조,맑음,교차로 - 교차로안,승용,여,64세,상해없음,자전거,여,49세,중상
2023102600100185,2023년 10월 26일 11시,목요일,강원특별자치도 홍천군 서석면,중상사고,0,1,0,0,차대차 - 측면충돌,직진우회전진행방해,건조,맑음,교차로 - 교차로안,화물,남,55세,상해없음,승용,여,57세,중상
2023102600100213,2023년 10월 26일 12시,목요일,강원특별자치도 강릉시 주문진읍,경상사고,0,0,1,0,차대차 - 측면충돌,안전운전불이행,건조,맑음,교차로 - 교차로안,화물,남,43세,기타불명,자전거,남,49세,경상
2023102600100214,2023년 10월 26일 12시,목요일,강원특별자치도 양양군 서면,경상사고,0,0,2,0,차대차 - 측면충돌,교차로운행방법위반,건조,맑음,교차로 - 교차로안,승용,남,63세,상해없음,승용,남,66세,경상
2023102600100248,2023년 10월 26일 13시,목요일,강원특별자치도 원주시 문막읍,경상사고,0,0,1,0,차대차 - 추돌,안전거리미확보,건조,맑음,기타 - 기타,승용,남,48세,상해없음,화물,남,54세,경상
2023102600100275,2023년 10월 26일 14시,목요일,강원특별자치도 홍천군 홍천읍,경상사고,0,0,2,0,차대차 - 측면충돌,직진우회전진행방해,건조,맑음,교차로 - 교차로안,승용,여,62세,상해없음,승용,여,43세,경상
2023102600100276,2023년 10월 26일 14시,목요일,강원특별자치도 평창군 진부면,중상사고,0,1,1,0,차대사람 - 횡단중,안전운전불이행,건조,맑음,단일로 - 지하차도(도로)내,승용,남,67세,상해없음,보행자,여,13세,경상
2023102600100347,2023년 10월 26일 16시,목요일,강원특별자치도 춘천시 동내면,경상사고,0,0,1,1,차대차 - 추돌,안전운전불이행,젖음/습기,비,교차로 - 교차로부근,승합,남,53세,기타불명,승용,남,32세,경상
2023102600100348,2023년 10월 26일 16시,목요일,강원특별자치도 원주시 일산동,경상사고,0,0,1,0,차대사람 - 기타,안전운전불이행,젖음/습기,비,단일로 - 기타,승용,여,47세,상해없음,보행자,여,30세,경상
2023102600100400,2023년 10월 26일 17시,목요일,강원특별자치도 춘천시 근화동,경상사고,0,0,1,0,차대차 - 기타,안전거리미확보,건조,맑음,단일로 - 기타,승용,남,58세,상해없음,승용,여,53세,경상
2023102600100401,2023년 10월 26일 17시,목요일,강원특별자치도 춘천시 옥천동,부상신고사고,0,0,0,1,차대차 - 기타,안전운전불이행,젖음/습기,비,교차로 - 교차로부근,기타불명,기타불명,미분류,기타불명,이륜,남,42세,부상신고
2023102600100402,2023년 10월 26일 17시,목요일,강원특별자치도 강릉시 교동,경상사고,0,0,1,0,차대사람 - 횡단중,보행자보호의무위반,건조,맑음,단일로 - 기타,승용,남,80세,상해없음,보행자,남,51세,경상
2023102600100475,2023년 10월 26일 18시,목요일,강원특별자치도 춘천시 후평동,중상사고,0,1,0,0,차대사람 - 횡단중,보행자보호의무위반,젖음/습기,비,교차로 - 교차로안,화물,남,66세,상해없음,보행자,여,83세,중상
2023102600100476,2023년 10월 26일 18시,목요일,강원특별자치도 춘천시 효자동,중상사고,0,1,0,0,차대사람 - 보도통행중,보행자보호의무위반,젖음/습기,비,교차로 - 교차로횡단보도내,승용,남,67세,상해없음,보행자,여,47세,중상
2023102600100477,2023년 10월 26일 18시,목요일,강원특별자치도 원주시 흥업면,경상사고,0,0,1,0,차대차 - 추돌,안전운전불이행,건조,맑음,교차로 - 교차로부근,승합,남,68세,상해없음,승용,여,31세,경상
2023102600100560,2023년 10월 26일 20시,목요일,강원특별자치도 원주시 관설동,경상사고,0,0,1,0,차대차 - 추돌,안전운전불이행,젖음/습기,비,단일로 - 기타,승용,여,43세,기타불명,승용,여,43세,경상
2023102600100561,2023년 10월 26일 20시,목요일,강원특별자치도 원주시 단구동,경상사고,0,0,1,0,차대차 - 측면충돌,안전운전불이행,젖음/습기,비,교차로 - 교차로안,승용,남,27세,상해없음,승용,남,69세,경상
2023102600100562,2023년 10월 26일 20시,목요일,강원특별자치도 홍천군 홍천읍,경상사고,0,0,1,0,차량단독 - 공작물충돌,안전운전불이행,젖음/습기,비,단일로 - 기타,화물,남,59세,경상,,,,
2023102600100582,2023년 10월 26일 21시,목요일,강원특별자치도 동해시 쇄운동,중상사고,0,1,1,0,차대사람 - 횡단중,보행자보호의무위반,젖음/습기,비,단일로 - 기타,승용,남,51세,상해없음,보행자,남,63세,경상
2023102700100065,2023년 10월 27일 07시,금요일,강원특별자치도 원주시 호저면,경상사고,0,0,1,0,차대차 - 측면충돌,안전운전불이행,건조,맑음,단일로 - 기타,승용,남,63세,상해없음,건설기계,남,59세,경상
2023102700100093,2023년 10월 27일 08시,금요일,강원특별자치도 춘천시 온의동,부상신고사고,0,0,0,3,차대차 - 추돌,안전거리미확보,건조,맑음,교차로 - 교차로부근,승용,여,75세,상해없음,승용,남,43세,부상신고
2023102700100168,2023년 10월 27일 10시,금요일,강원특별자치도 양양군 손양면,사망사고,1,0,0,0,차량단독 - 도로외이탈 - 추락,안전운전불이행,건조,맑음,단일로 - 기타,화물,남,79세,사망,,,,
2023102700100198,2023년 10월 27일 11시,금요일,강원특별자치도 원주시 일산동,경상사고,0,0,1,0,차대사람 - 횡단중,보행자보호의무위반,젖음/습기,맑음,교차로 - 교차로횡단보도내,승용,여,62세,상해없음,보행자,남,40세,경상
2023102700100199,2023년 10월 27일 11시,금요일,강원특별자치도 원주시 인동,중상사고,0,1,0,0,차대차 - 측면충돌,신호위반,건조,맑음,교차로 - 교차로안,승용,남,64세,상해없음,승용,남,44세,중상
2023102700100229,2023년 10월 27일 12시,금요일,강원특별자치도 강릉시 노암동,경상사고,0,0,1,0,차대차 - 기타,안전운전불이행,젖음/습기,비,기타 - 기타,승용,남,52세,상해없음,승용,여,58세,경상
2023102700100266,2023년 10월 27일 13시,금요일,강원특별자치도 원주시 판부면,경상사고,0,0,2,0,차대차 - 측면충돌,안전거리미확보,건조,맑음,기타 - 기타,건설기계,남,58세,상해없음,승용,남,70세,상해없음
2023102700100316,2023년 10월 27일 15시,금요일,강원특별자치도 춘천시 중앙로2가,부상신고사고,0,0,0,1,차대차 - 기타,안전운전불이행,건조,맑음,교차로 - 교차로부근,승용,남,53세,부상신고,승용,여,71세,상해없음
2023102700100317,2023년 10월 27일 15시,금요일,강원특별자치도 횡성군 우천면,중상사고,0,1,0,0,차대차 - 측면충돌,교차로운행방법위반,건조,맑음,교차로 - 교차로안,승용,남,59세,상해없음,승용,남,39세,중상
2023102700100365,2023년 10월 27일 16시,금요일,강원특별자치도 춘천시 근화동,경상사고,0,0,1,0,차대차 - 측면충돌,안전운전불이행,건조,맑음,단일로 - 기타,승용,여,45세,상해없음,자전거,남,38세,경상
2023102700100366,2023년 10월 27일 16시,금요일,강원특별자치도 강릉시 장현동,경상사고,0,0,1,0,차대사람 - 기타,기타,건조,흐림,단일로 - 기타,승용,남,36세,상해없음,보행자,남,8세,경상
2023102700100412,2023년 10월 27일 17시,금요일,강원특별자치도 춘천시 동면,경상사고,0,0,1,0,차대차 - 추돌,안전거리미확보,건조,맑음,교차로 - 교차로부근,승용,남,32세,상해없음,승용,여,36세,경상
2023102700100413,2023년 10월 27일 17시,금요일,강원특별자치도 홍천군 북방면,중상사고,0,1,0,0,차대차 - 정면충돌,중앙선침범,건조,맑음,단일로 - 기타,승용,남,61세,상해없음,승용,남,36세,중상
2023102700100414,2023년 10월 27일 17시,금요일,강원특별자치도 횡성군 횡성읍,경상사고,0,0,1,0,차대차 - 측면충돌,안전운전불이행,건조,맑음,교차로 - 교차로안,이륜,남,17세,상해없음,승용,여,54세,경상
2023102700100466,2023년 10월 27일 18시,금요일,강원특별자치도 삼척시 남양동,경상사고,0,0,3,0,차대차 - 추돌,안전운전불이행,건조,맑음,단일로 - 지하차도(도로)내,승용,남,44세,상해없음,승용,남,55세,경상
2023102700100467,2023년 10월 27일 18시,금요일,강원특별자치도 인제군 인제읍,경상사고,0,0,1,0,차대차 - 정면충돌,안전운전불이행,건조,기타,단일로 - 기타,승용,남,35세,상해없음,자전거,여,80세,경상
2023102700100468,2023년 10월 27일 18시,금요일,강원특별자치도 동해시 나안동,중상사고,0,2,3,0,차대차 - 추돌,안전운전불이행,건조,맑음,단일로 - 교량,화물,남,31세,상해없음,승용,남,71세,중상
2023102700100533,2023년 10월 27일 19시,금요일,강원특별자치도 춘천시 동면,중상사고,0,1,0,0,차대사람 - 횡단중,보행자보호의무위반,건조,맑음,교차로 - 교차로횡단보도내,승용,남,24세,상해없음,보행자,여,83세,중상