사고번호,사고일시,요일,시군구,사고내용,사망자수,중상자수,경상자수,부상신고자수,사고유형,법규위반,노면상태,기상상태,도로형태,가해운전자 차종,가해운전자 성별,가해운전자 연령,가해운전자 상해정도,피해운전자 차종,피해운전자 성별,피해운전자 연령,피해운전자 상해정도
2023102700100534,2023년 10월 27일 19시,금요일,강원특별자치도 원주시 태장동,경상사고,0,0,1,0,차대사람 - 기타,안전운전불이행,건조,맑음,단일로 - 기타,승용,남,86세,상해없음,보행자,남,63세,경상
2023102700100535,2023년 10월 27일 19시,금요일,강원특별자치도 태백시 황지동,경상사고,0,0,3,0,차대차 - 추돌,안전운전불이행,건조,맑음,교차로 - 교차로안,승용,남,70세,상해없음,승용,남,70세,경상
2023102700100578,2023년 10월 27일 20시,금요일,강원특별자치도 춘천시 교동,경상사고,0,0,1,0,차대차 - 기타,중앙선침범,건조,맑음,단일로 - 기타,이륜,남,19세,상해없음,이륜,남,28세,경상
2023102700100606,2023년 10월 27일 21시,금요일,강원특별자치도 춘천시 효자동,경상사고,0,0,1,0,차대사람 - 횡단중,신호위반,건조,맑음,교차로 - 교차로횡단보도내,승용,남,29세,상해없음,보행자,여,21세,경상
2023102700100607,2023년 10월 27일 21시,금요일,강원특별자치도 속초시 청학동,중상사고,0,1,0,0,차대차 - 측면충돌,직진우회전진행방해,건조,맑음,교차로 - 교차로안,승용,남,61세,상해없음,이륜,남,54세,중상
2023102700100635,2023년 10월 27일 22시,금요일,강원특별자치도 강릉시 교동,중상사고,0,1,0,0,차대사람 - 횡단중,안전운전불이행,건조,맑음,단일로 - 기타,승용,여,42세,상해없음,보행자,남,75세,중상
2023102700100636,2023년 10월 27일 22시,금요일,강원특별자치도 원주시 단계동,중상사고,0,1,0,0,차대사람 - 기타,안전운전불이행,건조,맑음,단일로 - 기타,승용,남,33세,상해없음,보행자,남,41세,중상
2023102800100141,2023년 10월 28일 09시,토요일,강원특별자치도 속초시 교동,중상사고,0,1,0,0,차대사람 - 차도통행중,안전운전불이행,건조,맑음,단일로 - 기타,승용,남,52세,상해없음,보행자,여,86세,중상
2023102800100200,2023년 10월 28일 11시,토요일,강원특별자치도 영월군 영월읍,경상사고,0,0,2,0,차대차 - 추돌,안전운전불이행,건조,맑음,단일로 - 기타,승용,남,34세,상해없음,승용,남,30세,경상
2023102800100201,2023년 10월 28일 11시,토요일,강원특별자치도 태백시 황지동,경상사고,0,0,1,0,차대차 - 측면충돌,안전거리미확보,건조,맑음,단일로 - 기타,승용,여,65세,상해없음,승용,남,37세,경상
2023102800100281,2023년 10월 28일 13시,토요일,강원특별자치도 속초시 교동,경상사고,0,0,4,0,차대차 - 측면충돌,차로위반,건조,맑음,단일로 - 기타,승용,여,50세,상해없음,승용,남,40세,경상
2023102800100329,2023년 10월 28일 14시,토요일,강원특별자치도 원주시 우산동,경상사고,0,0,1,0,차대차 - 측면충돌,신호위반,건조,맑음,교차로 - 교차로안,승용,여,43세,상해없음,승용,여,41세,경상
2023102800100330,2023년 10월 28일 14시,토요일,강원특별자치도 홍천군 홍천읍,부상신고사고,0,0,0,1,차대차 - 측면충돌,안전운전불이행,건조,맑음,교차로 - 교차로안,자전거,남,10세,부상신고,승용,남,38세,상해없음
2023102800100374,2023년 10월 28일 15시,토요일,강원특별자치도 강릉시 노암동,경상사고,0,0,1,0,차대차 - 측면충돌,안전운전불이행,건조,맑음,교차로 - 교차로안,승용,여,53세,상해없음,승용,여,57세,경상
2023102800100375,2023년 10월 28일 15시,토요일,강원특별자치도 평창군 대관령면,경상사고,0,0,3,0,차대차 - 측면충돌,교차로운행방법위반,건조,맑음,교차로 - 교차로안,승용,남,37세,상해없음,승용,여,32세,경상
2023102800100420,2023년 10월 28일 16시,토요일,강원특별자치도 영월군 주천면,경상사고,0,0,2,0,차대차 - 기타,안전운전불이행,건조,맑음,기타 - 기타,승용,여,60세,상해없음,승용,남,38세,경상
2023102800100456,2023년 10월 28일 17시,토요일,강원특별자치도 춘천시 석사동,중상사고,0,1,0,0,차대사람 - 기타,보행자보호의무위반,건조,맑음,교차로 - 교차로횡단보도내,사륜오토바이(ATV),남,47세,상해없음,보행자,여,51세,중상
2023102800100506,2023년 10월 28일 18시,토요일,강원특별자치도 춘천시 퇴계동,경상사고,0,0,1,0,차대차 - 기타,신호위반,건조,맑음,교차로 - 교차로안,승용,남,67세,상해없음,승용,남,62세,경상
2023102800100507,2023년 10월 28일 18시,토요일,강원특별자치도 원주시 행구동,중상사고,0,1,0,0,차대사람 - 횡단중,안전운전불이행,건조,맑음,교차로 - 교차로부근,승용,여,58세,상해없음,보행자,여,59세,중상
2023102800100508,2023년 10월 28일 18시,토요일,강원특별자치도 정선군 북평면,경상사고,0,0,1,0,차대차 - 측면충돌,안전운전불이행,건조,맑음,교차로 - 교차로안,이륜,남,60세,경상,승용,남,72세,상해없음
2023102800100509,2023년 10월 28일 18시,토요일,강원특별자치도 양양군 현남면,중상사고,0,1,2,0,차대차 - 추돌,신호위반,건조,맑음,단일로 - 기타,화물,남,65세,상해없음,승용,남,48세,경상
2023102800100558,2023년 10월 28일 19시,토요일,강원특별자치도 춘천시 효자동,중상사고,0,1,0,0,차대사람 - 횡단중,신호위반,건조,맑음,교차로 - 교차로횡단보도내,승용,여,37세,상해없음,보행자,남,40세,중상
2023102900100013,2023년 10월 29일 01시,일요일,강원특별자치도 강릉시 안현동,경상사고,0,0,2,0,차대차 - 기타,안전운전불이행,건조,맑음,기타 - 기타,승용,남,26세,상해없음,특수,여,51세,경상
2023102900100061,2023년 10월 29일 07시,일요일,강원특별자치도 강릉시 노암동,경상사고,0,0,2,0,차대차 - 측면충돌,안전운전불이행,건조,맑음,교차로 - 교차로안,이륜,남,50세,상해없음,승용,남,29세,경상
2023102900100086,2023년 10월 29일 09시,일요일,강원특별자치도 철원군 동송읍,경상사고,0,0,1,0,차대사람 - 횡단중,안전운전불이행,건조,맑음,단일로 - 기타,승용,남,33세,상해없음,보행자,남,5세,경상
2023102900100108,2023년 10월 29일 10시,일요일,강원특별자치도 양양군 양양읍,중상사고,0,2,2,0,차대차 - 측면충돌,신호위반,건조,맑음,교차로 - 교차로안,이륜,남,54세,중상,승용,남,65세,경상
2023102900100141,2023년 10월 29일 11시,일요일,강원특별자치도 홍천군 홍천읍,경상사고,0,0,3,0,차대차 - 측면충돌,기타,건조,맑음,교차로 - 교차로안,승용,남,31세,상해없음,승용,남,61세,상해없음
2023102900100199,2023년 10월 29일 13시,일요일,강원특별자치도 원주시 관설동,경상사고,0,0,3,0,차대차 - 측면충돌,교차로운행방법위반,건조,맑음,교차로 - 교차로안,승용,여,27세,상해없음,승용,여,37세,경상
2023102900100200,2023년 10월 29일 13시,일요일,강원특별자치도 인제군 남면,경상사고,0,0,7,0,차대차 - 정면충돌,중앙선침범,건조,맑음,기타 - 기타,승용,남,73세,상해없음,승용,남,61세,경상
2023102900100239,2023년 10월 29일 14시,일요일,강원특별자치도 춘천시 온의동,부상신고사고,0,0,0,1,차대차 - 측면충돌,안전거리미확보,건조,맑음,단일로 - 기타,승용,남,22세,상해없음,승용,여,48세,부상신고
2023102900100240,2023년 10월 29일 14시,일요일,강원특별자치도 속초시 교동,경상사고,0,0,2,0,차대차 - 측면충돌,교차로운행방법위반,건조,맑음,교차로 - 교차로안,승용,남,61세,상해없음,승용,남,40세,경상
2023102900100283,2023년 10월 29일 15시,일요일,강원특별자치도 원주시 행구동,경상사고,0,0,3,0,차대차 - 추돌,직진우회전진행방해,건조,맑음,교차로 - 교차로안,승용,여,25세,경상,승용,여,48세,경상
2023102900100322,2023년 10월 29일 16시,일요일,강원특별자치도 홍천군 북방면,중상사고,0,1,0,0,차대차 - 추돌,안전운전불이행,건조,맑음,단일로 - 기타,승용,남,62세,상해없음,승용,여,25세,중상
2023102900100400,2023년 10월 29일 18시,일요일,강원특별자치도 양구군 국토정중앙면,중상사고,0,1,1,0,차대차 - 추돌,안전거리미확보,건조,맑음,교차로 - 교차로부근,화물,남,49세,경상,승합,남,51세,상해없음
2023103000100159,2023년 10월 30일 10시,월요일,강원특별자치도 춘천시 퇴계동,경상사고,0,0,1,0,차대차 - 기타,안전거리미확보,건조,맑음,단일로 - 기타,승용,남,43세,상해없음,승합,남,47세,상해없음
2023103000100194,2023년 10월 30일 11시,월요일,강원특별자치도 원주시 호저면,부상신고사고,0,0,0,1,차대차 - 측면충돌,차로위반,건조,맑음,단일로 - 기타,승용,여,63세,상해없음,화물,남,70세,상해없음
2023103000100250,2023년 10월 30일 13시,월요일,강원특별자치도 원주시 문막읍,중상사고,0,1,2,0,차대차 - 측면충돌,직진우회전진행방해,건조,맑음,교차로 - 교차로안,승용,남,40세,상해없음,승용,남,61세,경상
2023103000100251,2023년 10월 30일 13시,월요일,강원특별자치도 정선군 정선읍,경상사고,0,0,2,0,차대차 - 기타,안전운전불이행,건조,맑음,교차로 - 교차로안,화물,남,67세,상해없음,승용,남,72세,경상
2023103000100252,2023년 10월 30일 13시,월요일,강원특별자치도 횡성군 공근면,중상사고,0,1,1,0,차대차 - 측면충돌,안전운전불이행,건조,맑음,단일로 - 기타,건설기계,남,62세,상해없음,승용,남,71세,중상
2023103000100329,2023년 10월 30일 15시,월요일,강원특별자치도 삼척시 교동,경상사고,0,0,1,0,차대사람 - 횡단중,보행자보호의무위반,건조,맑음,단일로 - 기타,승용,여,29세,상해없음,보행자,남,24세,경상
2023103000100330,2023년 10월 30일 15시,월요일,강원특별자치도 태백시 황지동,경상사고,0,0,1,0,차대차 - 측면충돌,교차로운행방법위반,건조,맑음,교차로 - 교차로안,승용,남,66세,상해없음,승용,남,34세,경상
2023103000100368,2023년 10월 30일 16시,월요일,강원특별자치도 정선군 정선읍,경상사고,0,0,1,0,차대차 - 측면충돌,안전운전불이행,건조,맑음,교차로 - 교차로안,승용,남,73세,상해없음,승용,남,59세,경상
2023103000100453,2023년 10월 30일 18시,월요일,강원특별자치도 원주시 소초면,중상사고,0,1,1,0,차대차 - 추돌,안전거리미확보,건조,맑음,단일로 - 기타,화물,남,45세,상해없음,승용,남,44세,중상
2023103000100507,2023년 10월 30일 19시,월요일,강원특별자치도 삼척시 당저동,경상사고,0,0,1,0,차대차 - 측면충돌,안전운전불이행,건조,맑음,교차로 - 교차로안,승합,남,69세,상해없음,이륜,남,39세,경상
2023103000100558,2023년 10월 30일 21시,월요일,강원특별자치도 강릉시 내곡동,중상사고,0,1,0,0,차대차 - 측면충돌,안전운전불이행,건조,맑음,단일로 - 기타,승용,남,44세,상해없음,승용,여,78세,중상
2023103000100559,2023년 10월 30일 21시,월요일,강원특별자치도 원주시 단계동,경상사고,0,0,1,0,차대차 - 기타,불법유턴,건조,맑음,교차로 - 교차로부근,자전거,여,60세,경상,승용,여,25세,상해없음
2023103100100027,2023년 10월 31일 02시,화요일,강원특별자치도 춘천시 우두동,사망사고,1,0,1,0,차대차 - 측면충돌,안전운전불이행,건조,맑음,단일로 - 기타,승용,남,27세,사망,승용,남,28세,경상
2023103100100049,2023년 10월 31일 05시,화요일,강원특별자치도 춘천시 운교동,경상사고,0,0,1,0,차대사람 - 횡단중,안전운전불이행,건조,맑음,교차로 - 교차로횡단보도내,화물,남,30세,상해없음,보행자,여,80세,경상
2023103100100101,2023년 10월 31일 08시,화요일,강원특별자치도 강릉시 노암동,경상사고,0,0,1,0,차대차 - 정면충돌,안전운전불이행,건조,맑음,교차로 - 교차로부근,승용,여,63세,상해없음,승용,여,47세,경상
2023103100100188,2023년 10월 31일 10시,화요일,강원특별자치도 강릉시 포남동,경상사고,0,0,1,0,차대사람 - 기타,안전운전불이행,건조,맑음,주차장 - 주차장,승용,남,89세,상해없음,보행자,남,30세,경상
2023103100100217,2023년 10월 31일 11시,화요일,강원특별자치도 춘천시 효자동,경상사고,0,0,1,0,차대차 - 측면충돌,안전운전불이행,건조,맑음,교차로 - 교차로안,승용,남,69세,상해없음,승용,남,29세,경상
2023103100100218,2023년 10월 31일 11시,화요일,강원특별자치도 삼척시 도계읍,경상사고,0,0,1,0,차대사람 - 횡단중,보행자보호의무위반,건조,맑음,교차로 - 교차로횡단보도내,승용,여,56세,상해없음,보행자,여,59세,경상
2023103100100256,2023년 10월 31일 12시,화요일,강원특별자치도 속초시 조양동,중상사고,0,2,1,0,차대차 - 측면충돌,교차로운행방법위반,건조,맑음,교차로 - 교차로안,승용,남,27세,상해없음,승용,남,61세,경상
2023103100100361,2023년 10월 31일 15시,화요일,강원특별자치도 원주시 명륜동,중상사고,0,1,0,0,차대사람 - 횡단중,보행자보호의무위반,건조,맑음,교차로 - 교차로횡단보도내,승용,남,49세,상해없음,보행자,남,83세,중상
2023103100100362,2023년 10월 31일 15시,화요일,강원특별자치도 속초시 청학동,중상사고,0,1,2,0,차대차 - 측면충돌,불법유턴,건조,맑음,교차로 - 교차로부근,화물,남,53세,상해없음,승합,남,55세,상해없음
2023103100100389,2023년 10월 31일 16시,화요일,강원특별자치도 강릉시 송정동,경상사고,0,0,1,0,차대차 - 기타,안전운전불이행,건조,맑음,기타 - 기타,자전거,남,75세,경상,화물,남,40세,기타불명
2023103100100430,2023년 10월 31일 17시,화요일,강원특별자치도 춘천시 소양로1가,중상사고,0,1,1,0,차대차 - 추돌,안전거리미확보,건조,맑음,단일로 - 교량,승용,여,41세,상해없음,승용,남,53세,경상
2023103100100431,2023년 10월 31일 17시,화요일,강원특별자치도 강릉시 포남동,경상사고,0,0,1,0,차대차 - 기타,안전운전불이행,건조,맑음,교차로 - 교차로안,승용,여,62세,상해없음,이륜,남,30세,경상
2023103100100432,2023년 10월 31일 17시,화요일,강원특별자치도 원주시 소초면,경상사고,0,0,1,0,차대차 - 기타,차로위반,건조,맑음,단일로 - 기타,승용,남,77세,기타불명,승용,여,31세,경상
2023103100100433,2023년 10월 31일 17시,화요일,강원특별자치도 태백시 황지동,경상사고,0,0,1,0,차대차 - 기타,안전거리미확보,건조,맑음,단일로 - 기타,승용,남,72세,상해없음,승용,남,41세,경상
2023103100100502,2023년 10월 31일 18시,화요일,강원특별자치도 강릉시 교동,중상사고,0,1,0,0,차대사람 - 횡단중,중앙선침범,건조,흐림,기타 - 기타,승용,남,29세,상해없음,보행자,남,65세,중상
2023103100100503,2023년 10월 31일 18시,화요일,강원특별자치도 원주시 명륜동,경상사고,0,0,1,0,차대차 - 측면충돌,차로위반,건조,맑음,교차로 - 교차로안,승용,여,34세,상해없음,승용,남,40세,경상
2023103100100504,2023년 10월 31일 18시,화요일,강원특별자치도 평창군 대관령면,중상사고,0,2,0,0,차량단독 - 공작물충돌,안전운전불이행,건조,맑음,단일로 - 지하차도(도로)내,승용,남,23세,중상,,,,
2023103100100505,2023년 10월 31일 18시,화요일,강원특별자치도 동해시 나안동,경상사고,0,0,1,0,차대차 - 추돌,안전운전불이행,건조,맑음,교차로 - 교차로부근,승용,여,44세,상해없음,승용,여,59세,경상
2023103100100559,2023년 10월 31일 19시,화요일,강원특별자치도 강릉시 교동,경상사고,0,0,1,0,차대차 - 기타,안전운전불이행,건조,맑음,교차로 - 교차로부근,승합,남,54세,상해없음,이륜,남,38세,경상
2023103100100560,2023년 10월 31일 19시,화요일,강원특별자치도 원주시 호저면,중상사고,0,1,0,1,차대차 - 추돌,안전운전불이행,건조,맑음,단일로 - 기타,승용,남,27세,부상신고,화물,남,43세,중상
2023103100100588,2023년 10월 31일 20시,화요일,강원특별자치도 춘천시 퇴계동,경상사고,0,0,3,0,차대차 - 추돌,안전거리미확보,건조,맑음,단일로 - 기타,승용,여,57세,기타불명,승용,남,24세,경상
2023103100100589,2023년 10월 31일 20시,화요일,강원특별자치도 강릉시 내곡동,경상사고,0,0,1,0,차대사람 - 기타,안전운전불이행,건조,맑음,교차로 - 교차로횡단보도내,승용,남,41세,상해없음,보행자,여,21세,경상
2023103100100629,2023년 10월 31일 22시,화요일,강원특별자치도 원주시 단구동,경상사고,0,0,1,0,차대차 - 측면충돌,안전운전불이행,건조,흐림,교차로 - 교차로안,승용,남,87세,상해없음,승용,남,49세,상해없음
2023110100100025,2023년 11월 1일 04시,수요일,강원특별자치도 춘천시 퇴계동,경상사고,0,0,1,0,차대차 - 측면충돌,안전운전불이행,건조,맑음,교차로 - 교차로안,승용,남,78세,상해없음,이륜,남,49세,경상
2023110100100111,2023년 11월 1일 08시,수요일,강원특별자치도 춘천시 우두동,부상신고사고,0,0,0,1,차대사람 - 기타,안전운전불이행,건조,맑음,단일로 - 기타,승용,여,19세,상해없음,보행자,남,52세,부상신고
2023110100100190,2023년 11월 1일 10시,수요일,강원특별자치도 춘천시 동내면,경상사고,0,0,1,0,차대차 - 측면충돌,신호위반,건조,맑음,교차로 - 교차로안,화물,남,28세,상해없음,승용,남,57세,경상
2023110100100214,2023년 11월 1일 11시,수요일,강원특별자치도 원주시 관설동,경상사고,0,0,2,0,차대차 - 기타,직진우회전진행방해,건조,맑음,교차로 - 교차로안,승용,여,66세,경상,승용,여,29세,경상
2023110100100245,2023년 11월 1일 12시,수요일,강원특별자치도 원주시 무실동,경상사고,0,0,1,0,차대사람 - 기타,안전운전불이행,건조,맑음,단일로 - 기타,승용,여,23세,기타불명,보행자,남,57세,경상
2023110100100327,2023년 11월 1일 15시,수요일,강원특별자치도 속초시 교동,경상사고,0,0,1,0,차대차 - 측면충돌,안전거리미확보,건조,맑음,교차로 - 교차로부근,승용,여,64세,상해없음,화물,남,20세,경상
2023110100100362,2023년 11월 1일 16시,수요일,강원특별자치도 홍천군 영귀미면,중상사고,0,1,0,0,차량단독 - 기타,안전운전불이행,건조,맑음,교차로 - 교차로안,사륜오토바이(ATV),남,62세,중상,,,,
2023110100100398,2023년 11월 1일 17시,수요일,강원특별자치도 홍천군 남면,경상사고,0,0,1,0,차대차 - 후진중충돌,불법유턴,건조,맑음,단일로 - 기타,기타불명,남,81세,상해없음,승용,여,23세,경상
2023110100100447,2023년 11월 1일 18시,수요일,강원특별자치도 강릉시 왕산면,경상사고,0,0,1,0,차대차 - 측면충돌,안전운전불이행,건조,맑음,단일로 - 기타,승용,여,55세,상해없음,승합,남,54세,경상
2023110100100496,2023년 11월 1일 19시,수요일,강원특별자치도 삼척시 교동,경상사고,0,0,1,0,차량단독 - 기타,안전운전불이행,건조,맑음,단일로 - 지하차도(도로)내,자전거,남,11세,경상,,,,
2023110100100497,2023년 11월 1일 19시,수요일,강원특별자치도 동해시 발한동,중상사고,0,1,0,0,차대사람 - 기타,안전운전불이행,건조,맑음,교차로 - 교차로부근,승용,남,67세,상해없음,보행자,남,48세,중상
2023110200100045,2023년 11월 2일 06시,목요일,강원특별자치도 춘천시 후평동,중상사고,0,1,0,0,차대사람 - 횡단중,보행자보호의무위반,건조,맑음,교차로 - 교차로횡단보도내,승용,남,64세,상해없음,보행자,남,78세,중상
2023110200100046,2023년 11월 2일 06시,목요일,강원특별자치도 삼척시 남양동,중상사고,0,1,0,0,차대사람 - 기타,안전운전불이행,건조,맑음,단일로 - 지하차도(도로)내,승용,남,27세,상해없음,보행자,남,43세,중상
2023110200100066,2023년 11월 2일 07시,목요일,강원특별자치도 강릉시 교동,경상사고,0,0,1,0,차대차 - 기타,신호위반,건조,맑음,교차로 - 교차로안,승용,남,70세,상해없음,승용,남,66세,경상
2023110200100067,2023년 11월 2일 07시,목요일,강원특별자치도 원주시 관설동,경상사고,0,0,1,0,차대차 - 측면충돌,안전운전불이행,건조,맑음,단일로 - 기타,승합,남,61세,상해없음,승용,남,35세,경상
2023110200100151,2023년 11월 2일 09시,목요일,강원특별자치도 횡성군 횡성읍,중상사고,0,1,0,0,차대차 - 정면충돌,안전운전불이행,건조,맑음,기타 - 기타,화물,남,80세,상해없음,화물,남,41세,중상
2023110200100152,2023년 11월 2일 09시,목요일,강원특별자치도 동해시 천곡동,중상사고,0,1,0,0,차대차 - 측면충돌,직진우회전진행방해,건조,맑음,교차로 - 교차로안,승용,남,72세,상해없음,승용,여,55세,중상
2023110200100217,2023년 11월 2일 11시,목요일,강원특별자치도 평창군 봉평면,중상사고,0,1,0,0,차대차 - 정면충돌,중앙선침범,건조,맑음,단일로 - 지하차도(도로)내,화물,남,65세,상해없음,이륜,남,30세,중상
2023110200100218,2023년 11월 2일 11시,목요일,강원특별자치도 양구군 국토정중앙면,중상사고,0,1,0,0,차대차 - 측면충돌,교차로운행방법위반,건조,맑음,교차로 - 교차로안,승용,남,42세,상해없음,이륜,남,74세,중상
2023110200100290,2023년 11월 2일 13시,목요일,강원특별자치도 춘천시 근화동,경상사고,0,0,1,0,차량단독 - 기타,안전운전불이행,건조,맑음,단일로 - 기타,승합,남,46세,기타불명,,,,
2023110200100291,2023년 11월 2일 13시,목요일,강원특별자치도 횡성군 우천면,중상사고,0,1,1,0,차대차 - 추돌,안전운전불이행,건조,맑음,단일로 - 기타,화물,남,79세,상해없음,승용,남,70세,중상
2023110200100292,2023년 11월 2일 13시,목요일,강원특별자치도 동해시 천곡동,경상사고,0,0,2,0,차대차 - 기타,중앙선침범,건조,맑음,단일로 - 기타,승용,여,61세,상해없음,화물,남,67세,경상
2023110200100332,2023년 11월 2일 14시,목요일,강원특별자치도 원주시 문막읍,중상사고,0,1,0,0,차대차 - 기타,신호위반,건조,맑음,교차로 - 교차로안,승용,여,48세,기타불명,화물,남,57세,중상
2023110200100372,2023년 11월 2일 15시,목요일,강원특별자치도 강릉시 입암동,중상사고,0,1,0,0,차대차 - 측면충돌,안전운전불이행,건조,맑음,교차로 - 교차로안,승용,여,63세,상해없음,이륜,남,24세,중상
2023110200100373,2023년 11월 2일 15시,목요일,강원특별자치도 강릉시 왕산면,경상사고,0,0,1,0,차대차 - 기타,안전운전불이행,건조,맑음,기타 - 기타,화물,남,67세,상해없음,화물,남,59세,경상
2023110200100412,2023년 11월 2일 16시,목요일,강원특별자치도 원주시 우산동,경상사고,0,0,1,0,차대차 - 기타,안전운전불이행,건조,맑음,단일로 - 기타,화물,남,65세,상해없음,승합,남,53세,경상
2023110200100519,2023년 11월 2일 18시,목요일,강원특별자치도 원주시 인동,경상사고,0,0,1,0,차대사람 - 횡단중,보행자보호의무위반,건조,맑음,교차로 - 교차로횡단보도내,승용,남,42세,기타불명,보행자,여,28세,경상
2023110200100520,2023년 11월 2일 18시,목요일,강원특별자치도 정선군 신동읍,중상사고,0,1,0,0,차대차 - 추돌,안전운전불이행,건조,맑음,단일로 - 기타,화물,남,63세,중상,화물,남,52세,상해없음
2023110200100521,2023년 11월 2일 18시,목요일,강원특별자치도 횡성군 횡성읍,사망사고,1,0,0,0,차대사람 - 기타,안전운전불이행,건조,맑음,단일로 - 기타,승용,남,49세,상해없음,보행자,남,66세,사망
2023110200100581,2023년 11월 2일 19시,목요일,강원특별자치도 원주시 단구동,경상사고,0,0,5,0,차대차 - 추돌,안전운전불이행,건조,맑음,단일로 - 기타,승용,남,29세,상해없음,승용,남,63세,경상
2023110200100614,2023년 11월 2일 20시,목요일,강원특별자치도 속초시 동명동,중상사고,0,1,0,0,차대사람 - 기타,안전운전불이행,건조,맑음,주차장 - 주차장,승합,남,58세,상해없음,보행자,여,52세,중상
2023110200100671,2023년 11월 2일 22시,목요일,강원특별자치도 강릉시 홍제동,중상사고,0,1,0,0,차대차 - 측면충돌,안전운전불이행,건조,맑음,교차로 - 교차로안,승용,남,35세,상해없음,이륜,남,41세,중상
2023110300100005,2023년 11월 3일 00시,금요일,강원특별자치도 횡성군 우천면,경상사고,0,0,1,0,차대차 - 측면충돌,교차로운행방법위반,건조,맑음,교차로 - 교차로안,승용,남,69세,기타불명,승용,여,34세,경상
2023110300100186,2023년 11월 3일 10시,금요일,강원특별자치도 원주시 무실동,경상사고,0,0,2,0,차대차 - 기타,안전거리미확보,건조,맑음,교차로 - 교차로부근,승용,남,66세,기타불명,승용,남,27세,경상
2023110300100187,2023년 11월 3일 10시,금요일,강원특별자치도 인제군 인제읍,중상사고,0,1,0,0,차대차 - 정면충돌,중앙선침범,건조,맑음,단일로 - 기타,승용,남,36세,상해없음,특수,남,36세,중상
2023110300100188,2023년 11월 3일 10시,금요일,강원특별자치도 철원군 갈말읍,경상사고,0,0,1,0,차대차 - 기타,안전운전불이행,건조,맑음,주차장 - 주차장,승용,남,79세,상해없음,화물,남,35세,경상
2023110300100283,2023년 11월 3일 13시,금요일,강원특별자치도 원주시 우산동,경상사고,0,0,1,0,차대차 - 측면충돌,안전거리미확보,건조,맑음,단일로 - 기타,승용,남,66세,기타불명,승용,남,30세,경상
2023110300100284,2023년 11월 3일 13시,금요일,강원특별자치도 강릉시 옥계면,경상사고,0,0,2,0,차대차 - 측면충돌,안전운전불이행,건조,맑음,단일로 - 기타,승용,여,57세,경상,승합,여,47세,경상
2023110300100350,2023년 11월 3일 15시,금요일,강원특별자치도 강릉시 남문동,경상사고,0,0,1,0,차대차 - 기타,신호위반,건조,맑음,교차로 - 교차로안,승합,남,57세,상해없음,승용,남,39세,경상
2023110300100450,2023년 11월 3일 17시,금요일,강원특별자치도 원주시 태장동,경상사고,0,0,1,0,차대차 - 정면충돌,안전운전불이행,건조,기타,교차로 - 교차로안,승용,남,64세,상해없음,승용,남,50세,경상
2023110300100451,2023년 11월 3일 17시,금요일,강원특별자치도 평창군 대관령면,중상사고,0,1,0,0,차대차 - 기타,교차로운행방법위반,건조,맑음,교차로 - 교차로안,승용,남,73세,상해없음,승용,남,27세,중상
2023110300100656,2023년 11월 3일 22시,금요일,강원특별자치도 춘천시 석사동,경상사고,0,0,1,0,차대사람 - 횡단중,보행자보호의무위반,젖음/습기,비,교차로 - 교차로횡단보도내,승용,남,67세,상해없음,보행자,여,32세,경상
2023110400100033,2023년 11월 4일 03시,토요일,강원특별자치도 양구군 국토정중앙면,중상사고,0,1,0,1,차량단독 - 기타,안전운전불이행,젖음/습기,맑음,교차로 - 교차로부근,승용,남,19세,부상신고,,,,
2023110400100056,2023년 11월 4일 06시,토요일,강원특별자치도 횡성군 공근면,경상사고,0,0,1,0,차대차 - 측면충돌,안전운전불이행,건조,맑음,단일로 - 기타,승용,남,48세,상해없음,승용,여,44세,경상
2023110400100080,2023년 11월 4일 08시,토요일,강원특별자치도 원주시 문막읍,경상사고,0,0,2,0,차대차 - 측면충돌,차로위반,건조,맑음,단일로 - 기타,특수,남,59세,상해없음,승용,여,62세,경상
2023110400100101,2023년 11월 4일 09시,토요일,강원특별자치도 속초시 장사동,경상사고,0,0,2,0,차대차 - 추돌,안전운전불이행,젖음/습기,비,교차로 - 교차로부근,승용,여,67세,상해없음,승용,여,43세,경상
2023110400100162,2023년 11월 4일 11시,토요일,강원특별자치도 춘천시 후평동,경상사고,0,0,2,0,차대차 - 측면충돌,안전거리미확보,건조,맑음,교차로 - 교차로안,승용,남,56세,상해없음,승용,여,58세,경상
2023110400100200,2023년 11월 4일 12시,토요일,강원특별자치도 원주시 단계동,경상사고,0,0,3,0,차대차 - 측면충돌,안전운전불이행,건조,맑음,교차로 - 교차로부근,기타불명,기타불명,미분류,기타불명,승용,남,55세,경상
2023110400100201,2023년 11월 4일 12시,토요일,강원특별자치도 원주시 일산동,경상사고,0,0,2,0,차대차 - 기타,안전거리미확보,건조,맑음,단일로 - 기타,승용,여,57세,기타불명,승용,남,51세,경상
2023110400100283,2023년 11월 4일 14시,토요일,강원특별자치도 태백시 통동,중상사고,0,1,0,0,차량단독 - 공작물충돌,안전운전불이행,젖음/습기,비,단일로 - 기타,승용,남,76세,상해없음,,,,