사고번호,사고일시,요일,시군구,사고내용,사망자수,중상자수,경상자수,부상신고자수,사고유형,법규위반,노면상태,기상상태,도로형태,가해운전자 차종,가해운전자 성별,가해운전자 연령,가해운전자 상해정도,피해운전자 차종,피해운전자 성별,피해운전자 연령,피해운전자 상해정도
2023111100100171,2023년 11월 11일 11시,토요일,강원특별자치도 춘천시 후평동,경상사고,0,0,1,0,차량단독 - 기타,안전운전불이행,건조,맑음,단일로 - 기타,승합,남,55세,상해없음,,,,
2023111100100172,2023년 11월 11일 11시,토요일,강원특별자치도 원주시 단구동,부상신고사고,0,0,0,1,차대사람 - 기타,안전운전불이행,건조,맑음,단일로 - 기타,이륜,남,29세,상해없음,보행자,남,5세,부상신고
2023111100100247,2023년 11월 11일 13시,토요일,강원특별자치도 원주시 개운동,경상사고,0,0,2,0,차대차 - 기타,안전운전불이행,건조,맑음,교차로 - 교차로부근,승용,남,50세,상해없음,승용,남,44세,경상
2023111100100313,2023년 11월 11일 15시,토요일,강원특별자치도 강릉시 교동,경상사고,0,0,1,0,차대차 - 기타,안전운전불이행,건조,맑음,교차로 - 교차로안,승용,남,63세,상해없음,승용,여,65세,경상
2023111100100314,2023년 11월 11일 15시,토요일,강원특별자치도 고성군 간성읍,중상사고,0,1,0,0,차대사람 - 기타,안전운전불이행,건조,맑음,주차장 - 주차장,승용,여,42세,상해없음,보행자,남,5세,중상
2023111100100393,2023년 11월 11일 17시,토요일,강원특별자치도 춘천시 동내면,경상사고,0,0,2,0,차대차 - 측면충돌,차로위반,건조,흐림,교차로 - 교차로부근,승용,남,65세,상해없음,승용,여,64세,경상
2023111100100394,2023년 11월 11일 17시,토요일,강원특별자치도 동해시 천곡동,중상사고,0,1,2,0,차대차 - 측면충돌,안전운전불이행,건조,맑음,단일로 - 기타,승용,여,41세,상해없음,승용,남,31세,중상
2023111100100435,2023년 11월 11일 18시,토요일,강원특별자치도 동해시 쇄운동,경상사고,0,0,1,0,차대차 - 측면충돌,신호위반,건조,맑음,교차로 - 교차로안,승용,여,51세,상해없음,승용,여,26세,경상
2023111100100506,2023년 11월 11일 20시,토요일,강원특별자치도 동해시 나안동,경상사고,0,0,3,0,차대차 - 측면충돌,안전운전불이행,건조,맑음,교차로 - 교차로안,승용,남,60세,상해없음,승용,여,56세,경상
2023111200100038,2023년 11월 12일 03시,일요일,강원특별자치도 원주시 명륜동,경상사고,0,0,2,0,차대차 - 측면충돌,안전거리미확보,건조,맑음,교차로 - 교차로부근,승용,여,21세,상해없음,승용,남,32세,경상
2023111200100060,2023년 11월 12일 07시,일요일,강원특별자치도 동해시 발한동,경상사고,0,0,1,0,차대차 - 측면충돌,직진우회전진행방해,건조,맑음,교차로 - 교차로안,승용,남,81세,상해없음,승용,남,78세,경상
2023111200100183,2023년 11월 12일 13시,일요일,강원특별자치도 횡성군 횡성읍,경상사고,0,0,1,0,차대차 - 기타,안전운전불이행,건조,맑음,단일로 - 기타,화물,남,67세,상해없음,승합,남,64세,상해없음
2023111200100239,2023년 11월 12일 15시,일요일,강원특별자치도 춘천시 조양동,부상신고사고,0,0,0,1,차대사람 - 기타,안전운전불이행,건조,맑음,교차로 - 교차로부근,이륜,남,17세,상해없음,보행자,남,11세,부상신고
2023111200100240,2023년 11월 12일 15시,일요일,강원특별자치도 강릉시 포남동,경상사고,0,0,1,0,차대차 - 기타,안전운전불이행,건조,맑음,교차로 - 교차로안,승용,여,18세,상해없음,승용,남,63세,경상
2023111200100241,2023년 11월 12일 15시,일요일,강원특별자치도 삼척시 마달동,경상사고,0,0,3,0,차대차 - 측면충돌,안전운전불이행,건조,맑음,교차로 - 교차로안,승용,여,42세,상해없음,승용,남,37세,경상
2023111300100015,2023년 11월 13일 03시,월요일,강원특별자치도 속초시 교동,경상사고,0,0,1,0,차대차 - 측면충돌,중앙선침범,건조,맑음,단일로 - 기타,승용,남,58세,상해없음,이륜,남,18세,경상
2023111300100016,2023년 11월 13일 03시,월요일,강원특별자치도 원주시 판부면,경상사고,0,0,1,0,차대차 - 추돌,안전운전불이행,건조,맑음,단일로 - 기타,승용,남,50세,상해없음,승용,여,55세,경상
2023111300100054,2023년 11월 13일 06시,월요일,강원특별자치도 춘천시 남산면,경상사고,0,0,1,0,차대차 - 기타,중앙선침범,건조,맑음,단일로 - 기타,승용,여,61세,상해없음,승용,남,61세,경상
2023111300100055,2023년 11월 13일 06시,월요일,강원특별자치도 원주시 문막읍,경상사고,0,0,1,0,차대차 - 추돌,안전운전불이행,건조,맑음,단일로 - 기타,화물,남,42세,기타불명,승용,남,64세,경상
2023111300100081,2023년 11월 13일 07시,월요일,강원특별자치도 춘천시 동산면,경상사고,0,0,2,0,차대차 - 측면충돌,중앙선침범,건조,맑음,단일로 - 기타,승합,남,60세,상해없음,화물,남,58세,경상
2023111300100128,2023년 11월 13일 08시,월요일,강원특별자치도 춘천시 퇴계동,중상사고,0,1,0,0,차대사람 - 횡단중,보행자보호의무위반,건조,맑음,교차로 - 교차로횡단보도내,승용,여,54세,상해없음,보행자,남,25세,중상
2023111300100129,2023년 11월 13일 08시,월요일,강원특별자치도 속초시 영랑동,경상사고,0,0,4,0,차대차 - 측면충돌,신호위반,건조,맑음,교차로 - 교차로안,화물,남,55세,상해없음,승용,여,44세,경상
2023111300100130,2023년 11월 13일 08시,월요일,강원특별자치도 철원군 동송읍,경상사고,0,0,2,0,차대차 - 측면충돌,중앙선침범,건조,맑음,단일로 - 기타,승용,남,81세,상해없음,승용,여,53세,경상
2023111300100217,2023년 11월 13일 10시,월요일,강원특별자치도 원주시 태장동,경상사고,0,0,1,0,차대차 - 후진중충돌,안전운전불이행,건조,맑음,단일로 - 기타,승용,남,70세,상해없음,이륜,남,31세,경상
2023111300100218,2023년 11월 13일 10시,월요일,강원특별자치도 화천군 상서면,중상사고,0,1,0,0,차대차 - 측면충돌,기타,건조,맑음,단일로 - 기타,건설기계,남,68세,상해없음,화물,남,53세,중상
2023111300100249,2023년 11월 13일 11시,월요일,강원특별자치도 춘천시 석사동,경상사고,0,0,2,0,차대차 - 측면충돌,안전운전불이행,건조,맑음,단일로 - 기타,승용,남,57세,상해없음,화물,남,30세,경상
2023111300100356,2023년 11월 13일 14시,월요일,강원특별자치도 춘천시 후평동,경상사고,0,0,1,0,차대차 - 추돌,안전운전불이행,건조,맑음,교차로 - 교차로부근,승용,여,67세,상해없음,승용,여,57세,경상
2023111300100393,2023년 11월 13일 15시,월요일,강원특별자치도 춘천시 효자동,중상사고,0,1,1,0,차대차 - 기타,안전운전불이행,건조,맑음,단일로 - 기타,승용,여,48세,상해없음,승용,남,59세,상해없음
2023111300100394,2023년 11월 13일 15시,월요일,강원특별자치도 태백시 황지동,경상사고,0,0,1,0,차대차 - 측면충돌,직진우회전진행방해,건조,맑음,교차로 - 교차로안,승용,남,59세,상해없음,승용,여,44세,경상
2023111300100483,2023년 11월 13일 17시,월요일,강원특별자치도 화천군 하남면,경상사고,0,0,1,0,차대차 - 측면충돌,안전거리미확보,건조,맑음,단일로 - 기타,승용,남,42세,상해없음,승용,남,25세,경상
2023111300100548,2023년 11월 13일 18시,월요일,강원특별자치도 춘천시 효자동,부상신고사고,0,0,0,1,차대차 - 측면충돌,안전운전불이행,건조,맑음,단일로 - 기타,승용,여,38세,상해없음,이륜,남,25세,부상신고
2023111300100549,2023년 11월 13일 18시,월요일,강원특별자치도 동해시 효가동,경상사고,0,0,1,0,차대차 - 기타,안전운전불이행,건조,맑음,단일로 - 기타,승용,남,20세,상해없음,승용,여,40세,경상
2023111300100614,2023년 11월 13일 19시,월요일,강원특별자치도 양구군 양구읍,부상신고사고,0,0,0,3,차대차 - 측면충돌,교차로운행방법위반,건조,맑음,교차로 - 교차로안,승용,남,50세,부상신고,화물,남,44세,부상신고
2023111300100644,2023년 11월 13일 20시,월요일,강원특별자치도 춘천시 석사동,경상사고,0,0,3,0,차대차 - 정면충돌,교차로운행방법위반,건조,맑음,교차로 - 교차로횡단보도내,승용,여,71세,상해없음,승용,남,44세,경상
2023111300100680,2023년 11월 13일 22시,월요일,강원특별자치도 강릉시 입암동,경상사고,0,0,1,0,차대사람 - 길가장자리구역통행중,중앙선침범,건조,맑음,단일로 - 기타,승용,여,58세,상해없음,보행자,여,43세,경상
2023111400100006,2023년 11월 14일 00시,화요일,강원특별자치도 고성군 토성면,중상사고,0,1,0,0,차대차 - 측면충돌,안전운전불이행,건조,맑음,교차로 - 교차로안,승용,남,25세,상해없음,승용,남,74세,중상
2023111400100040,2023년 11월 14일 06시,화요일,강원특별자치도 속초시 장사동,중상사고,0,1,0,0,차대차 - 측면충돌,차로위반,건조,맑음,교차로 - 교차로부근,자전거,남,60세,중상,승용,여,46세,상해없음
2023111400100102,2023년 11월 14일 08시,화요일,강원특별자치도 원주시 지정면,경상사고,0,0,1,0,차대차 - 기타,신호위반,건조,맑음,교차로 - 교차로안,승용,남,33세,상해없음,승용,남,41세,경상
2023111400100103,2023년 11월 14일 08시,화요일,강원특별자치도 태백시 황지동,경상사고,0,0,1,0,차대차 - 측면충돌,직진우회전진행방해,건조,맑음,단일로 - 기타,승용,남,65세,상해없음,승용,여,41세,경상
2023111400100152,2023년 11월 14일 09시,화요일,강원특별자치도 춘천시 남산면,경상사고,0,0,1,0,차대차 - 기타,신호위반,건조,맑음,교차로 - 교차로안,승용,여,51세,상해없음,화물,남,51세,경상
2023111400100153,2023년 11월 14일 09시,화요일,강원특별자치도 강릉시 옥천동,경상사고,0,0,1,0,차대차 - 측면충돌,안전운전불이행,건조,맑음,교차로 - 교차로안,승용,여,63세,상해없음,승용,여,40세,경상
2023111400100186,2023년 11월 14일 10시,화요일,강원특별자치도 원주시 지정면,경상사고,0,0,2,0,차대차 - 측면충돌,차로위반,건조,맑음,단일로 - 기타,승용,여,27세,상해없음,승용,여,31세,경상
2023111400100187,2023년 11월 14일 10시,화요일,강원특별자치도 정선군 정선읍,경상사고,0,0,1,0,차대차 - 기타,안전운전불이행,건조,맑음,기타 - 기타,승용,남,49세,상해없음,건설기계,남,74세,경상
2023111400100215,2023년 11월 14일 11시,화요일,강원특별자치도 춘천시 온의동,경상사고,0,0,1,0,차대차 - 측면충돌,신호위반,건조,맑음,교차로 - 교차로안,승용,여,66세,상해없음,승용,남,52세,경상
2023111400100216,2023년 11월 14일 11시,화요일,강원특별자치도 강릉시 포남동,부상신고사고,0,0,0,1,차대차 - 기타,안전운전불이행,건조,맑음,교차로 - 교차로안,승용,여,43세,기타불명,승용,남,71세,부상신고
2023111400100217,2023년 11월 14일 11시,화요일,강원특별자치도 원주시 일산동,경상사고,0,0,1,0,차대사람 - 횡단중,안전운전불이행,건조,맑음,단일로 - 기타,승용,여,53세,상해없음,보행자,여,75세,경상
2023111400100278,2023년 11월 14일 13시,화요일,강원특별자치도 춘천시 퇴계동,경상사고,0,0,1,0,차대사람 - 기타,안전운전불이행,건조,맑음,기타 - 기타,자전거,남,37세,상해없음,보행자,남,48세,경상
2023111400100279,2023년 11월 14일 13시,화요일,강원특별자치도 속초시 교동,중상사고,0,1,0,0,차대사람 - 횡단중,보행자보호의무위반,건조,맑음,교차로 - 교차로안,승용,여,59세,상해없음,보행자,여,6세,중상
2023111400100280,2023년 11월 14일 13시,화요일,강원특별자치도 태백시 장성동,경상사고,0,0,1,0,차대차 - 정면충돌,직진우회전진행방해,건조,맑음,교차로 - 교차로안,승용,남,68세,상해없음,승용,남,32세,경상
2023111400100281,2023년 11월 14일 13시,화요일,강원특별자치도 태백시 황지동,경상사고,0,0,2,0,차대차 - 측면충돌,중앙선침범,건조,맑음,단일로 - 기타,승용,남,73세,상해없음,승용,남,41세,경상
2023111400100324,2023년 11월 14일 14시,화요일,강원특별자치도 강릉시 주문진읍,경상사고,0,0,1,0,차대사람 - 보도통행중,안전운전불이행,건조,맑음,교차로 - 교차로부근,승용,남,41세,상해없음,보행자,남,41세,경상
2023111400100364,2023년 11월 14일 15시,화요일,강원특별자치도 횡성군 횡성읍,경상사고,0,0,4,0,차대차 - 추돌,안전운전불이행,건조,맑음,교차로 - 교차로부근,승용,남,62세,상해없음,승용,여,36세,경상
2023111400100393,2023년 11월 14일 16시,화요일,강원특별자치도 춘천시 퇴계동,경상사고,0,0,1,0,차대차 - 기타,교차로운행방법위반,건조,맑음,교차로 - 교차로안,승용,남,51세,상해없음,이륜,남,48세,경상
2023111400100394,2023년 11월 14일 16시,화요일,강원특별자치도 홍천군 북방면,경상사고,0,0,8,0,차대차 - 측면충돌,안전운전불이행,건조,맑음,단일로 - 교량,승합,남,55세,상해없음,승합,남,75세,경상
2023111400100428,2023년 11월 14일 17시,화요일,강원특별자치도 춘천시 신북읍,경상사고,0,0,1,0,차대차 - 기타,차로위반,건조,맑음,단일로 - 기타,승용,남,54세,상해없음,승용,여,34세,경상
2023111400100430,2023년 11월 14일 17시,화요일,강원특별자치도 강릉시 포남동,경상사고,0,0,1,0,차대차 - 기타,안전운전불이행,건조,맑음,교차로 - 교차로안,승용,여,42세,상해없음,승용,여,41세,경상
2023111400100431,2023년 11월 14일 17시,화요일,강원특별자치도 속초시 청호동,중상사고,0,1,0,0,차대차 - 측면충돌,교차로운행방법위반,건조,맑음,교차로 - 교차로안,승용,남,71세,상해없음,이륜,남,64세,중상
2023111400100486,2023년 11월 14일 18시,화요일,강원특별자치도 강릉시 교동,경상사고,0,0,1,0,차대차 - 기타,안전운전불이행,건조,맑음,교차로 - 교차로안,승용,남,30세,상해없음,화물,남,40세,경상
2023111400100487,2023년 11월 14일 18시,화요일,강원특별자치도 삼척시 교동,경상사고,0,0,1,0,차대차 - 측면충돌,안전운전불이행,건조,맑음,교차로 - 교차로부근,승용,남,56세,상해없음,자전거,남,21세,경상
2023111400100488,2023년 11월 14일 18시,화요일,강원특별자치도 철원군 갈말읍,중상사고,0,1,0,0,차대차 - 측면충돌,교차로운행방법위반,건조,맑음,교차로 - 교차로안,승용,남,47세,상해없음,승용,남,53세,중상
2023111400100539,2023년 11월 14일 19시,화요일,강원특별자치도 동해시 천곡동,중상사고,0,2,0,0,차대차 - 정면충돌,중앙선침범,건조,맑음,교차로 - 교차로안,승용,남,68세,상해없음,승용,남,61세,중상
2023111400100573,2023년 11월 14일 20시,화요일,강원특별자치도 강릉시 연곡면,사망사고,1,0,0,0,차대사람 - 차도통행중,안전운전불이행,건조,맑음,단일로 - 기타,승용,남,49세,상해없음,보행자,남,64세,사망
2023111500100108,2023년 11월 15일 08시,수요일,강원특별자치도 강릉시 내곡동,중상사고,0,1,0,0,차대차 - 기타,안전운전불이행,건조,맑음,단일로 - 기타,승용,남,66세,상해없음,이륜,남,39세,중상
2023111500100109,2023년 11월 15일 08시,수요일,강원특별자치도 원주시 명륜동,경상사고,0,0,1,0,차대차 - 측면충돌,직진우회전진행방해,건조,맑음,교차로 - 교차로부근,화물,남,66세,상해없음,승용,남,53세,경상
2023111500100110,2023년 11월 15일 08시,수요일,강원특별자치도 태백시 황지동,경상사고,0,0,1,0,차대차 - 측면충돌,교차로운행방법위반,건조,맑음,교차로 - 교차로안,승용,남,76세,상해없음,승용,남,49세,경상
2023111500100111,2023년 11월 15일 08시,수요일,강원특별자치도 인제군 서화면,중상사고,0,1,0,0,차대차 - 추돌,안전운전불이행,건조,맑음,단일로 - 기타,승용,남,22세,상해없음,승용,여,59세,중상
2023111500100177,2023년 11월 15일 10시,수요일,강원특별자치도 동해시 부곡동,경상사고,0,0,1,0,차대차 - 측면충돌,안전운전불이행,건조,맑음,단일로 - 기타,승용,여,42세,상해없음,자전거,남,76세,경상
2023111500100217,2023년 11월 15일 11시,수요일,강원특별자치도 춘천시 후평동,중상사고,0,1,0,0,차대차 - 측면충돌,차로위반,건조,맑음,교차로 - 교차로부근,승용,여,32세,상해없음,이륜,남,89세,중상
2023111500100280,2023년 11월 15일 13시,수요일,강원특별자치도 춘천시 소양로1가,경상사고,0,0,2,0,차대차 - 추돌,안전거리미확보,건조,맑음,단일로 - 기타,승용,여,68세,상해없음,승용,여,69세,경상
2023111500100281,2023년 11월 15일 13시,수요일,강원특별자치도 강릉시 포남동,경상사고,0,0,1,0,차대차 - 기타,안전운전불이행,건조,맑음,교차로 - 교차로안,승용,여,71세,상해없음,승용,남,81세,경상
2023111500100345,2023년 11월 15일 15시,수요일,강원특별자치도 강릉시 교동,경상사고,0,0,1,0,차대차 - 기타,안전운전불이행,건조,맑음,교차로 - 교차로부근,승용,여,46세,상해없음,승용,여,42세,경상
2023111500100346,2023년 11월 15일 15시,수요일,강원특별자치도 원주시 단계동,중상사고,0,1,2,0,차대차 - 측면충돌,신호위반,건조,맑음,교차로 - 교차로안,승용,여,48세,상해없음,승용,남,75세,경상
2023111500100347,2023년 11월 15일 15시,수요일,강원특별자치도 인제군 인제읍,중상사고,0,1,0,0,차대차 - 측면충돌,안전운전불이행,건조,맑음,교차로 - 교차로안,화물,남,64세,상해없음,승용,여,53세,중상
2023111500100383,2023년 11월 15일 16시,수요일,강원특별자치도 춘천시 서면,부상신고사고,0,0,0,1,차대차 - 후진중충돌,안전거리미확보,건조,맑음,단일로 - 기타,화물,여,62세,상해없음,승용,여,61세,부상신고
2023111500100384,2023년 11월 15일 16시,수요일,강원특별자치도 횡성군 둔내면,경상사고,0,0,1,0,차대사람 - 횡단중,안전운전불이행,건조,맑음,교차로 - 교차로횡단보도내,건설기계,남,46세,상해없음,보행자,여,83세,경상
2023111500100428,2023년 11월 15일 17시,수요일,강원특별자치도 원주시 개운동,경상사고,0,0,2,0,차대차 - 기타,교차로운행방법위반,건조,맑음,교차로 - 교차로안,승용,남,67세,상해없음,승용,남,66세,경상
2023111500100480,2023년 11월 15일 18시,수요일,강원특별자치도 횡성군 안흥면,사망사고,2,0,0,0,차대사람 - 횡단중,보행자보호의무위반,기타,흐림,교차로 - 교차로횡단보도내,승용,남,25세,상해없음,보행자,남,86세,사망
2023111500100532,2023년 11월 15일 19시,수요일,강원특별자치도 속초시 교동,경상사고,0,0,1,0,차대차 - 추돌,안전운전불이행,건조,맑음,교차로 - 교차로안,승용,남,54세,상해없음,승용,남,22세,경상
2023111600100034,2023년 11월 16일 06시,목요일,강원특별자치도 춘천시 남면,중상사고,0,2,1,0,차대차 - 측면충돌,중앙선침범,건조,맑음,단일로 - 기타,승용,여,61세,중상,화물,남,38세,경상
2023111600100070,2023년 11월 16일 08시,목요일,강원특별자치도 원주시 문막읍,경상사고,0,0,1,0,차대차 - 측면충돌,안전운전불이행,건조,맑음,교차로 - 교차로부근,승용,남,47세,상해없음,화물,남,44세,경상
2023111600100096,2023년 11월 16일 09시,목요일,강원특별자치도 춘천시 신북읍,경상사고,0,0,1,0,차대차 - 기타,중앙선침범,건조,맑음,단일로 - 기타,기타불명,기타불명,미분류,기타불명,건설기계,남,47세,경상
2023111600100097,2023년 11월 16일 09시,목요일,강원특별자치도 춘천시 동면,경상사고,0,0,1,0,차대차 - 기타,안전운전불이행,건조,맑음,교차로 - 교차로안,승용,남,62세,상해없음,승용,남,51세,경상
2023111600100218,2023년 11월 16일 13시,목요일,강원특별자치도 홍천군 서면,경상사고,0,0,1,0,차대차 - 측면충돌,안전운전불이행,건조,맑음,교차로 - 교차로안,승용,남,44세,상해없음,승용,남,60세,경상
2023111600100246,2023년 11월 16일 14시,목요일,강원특별자치도 삼척시 원덕읍,경상사고,0,0,1,0,차대차 - 측면충돌,중앙선침범,건조,맑음,단일로 - 지하차도(도로)내,승용,남,78세,상해없음,승용,남,40세,경상
2023111600100270,2023년 11월 16일 15시,목요일,강원특별자치도 춘천시 사북면,경상사고,0,0,1,0,차대차 - 정면충돌,안전운전불이행,젖음/습기,맑음,단일로 - 터널,화물,남,51세,상해없음,화물,남,52세,경상
2023111600100313,2023년 11월 16일 16시,목요일,강원특별자치도 춘천시 근화동,경상사고,0,0,1,0,차대차 - 측면충돌,중앙선침범,젖음/습기,비,교차로 - 교차로안,승용,남,35세,상해없음,승용,남,69세,경상
2023111600100314,2023년 11월 16일 16시,목요일,강원특별자치도 강릉시 교동,경상사고,0,0,1,0,차대사람 - 횡단중,보행자보호의무위반,건조,맑음,교차로 - 교차로안,승용,남,27세,상해없음,보행자,남,68세,경상
2023111600100315,2023년 11월 16일 16시,목요일,강원특별자치도 삼척시 정상동,경상사고,0,0,2,0,차대차 - 추돌,안전운전불이행,건조,맑음,단일로 - 지하차도(도로)내,승용,여,69세,경상,승용,여,63세,경상
2023111600100376,2023년 11월 16일 17시,목요일,강원특별자치도 횡성군 횡성읍,부상신고사고,0,0,0,1,차대차 - 기타,안전운전불이행,젖음/습기,비,교차로 - 교차로안,승합,남,68세,상해없음,자전거,남,84세,부상신고
2023111600100446,2023년 11월 16일 18시,목요일,강원특별자치도 강릉시 노암동,중상사고,0,1,1,0,차대차 - 추돌,안전운전불이행,건조,맑음,단일로 - 기타,승용,남,35세,상해없음,승용,남,57세,경상
2023111600100447,2023년 11월 16일 18시,목요일,강원특별자치도 원주시 단구동,경상사고,0,0,1,0,차대차 - 측면충돌,안전거리미확보,건조,흐림,교차로 - 교차로부근,승용,남,38세,상해없음,승용,남,49세,경상
2023111600100448,2023년 11월 16일 18시,목요일,강원특별자치도 원주시 무실동,중상사고,0,1,0,0,차대차 - 기타,안전운전불이행,건조,맑음,단일로 - 기타,승용,남,32세,상해없음,자전거,남,65세,중상
2023111600100449,2023년 11월 16일 18시,목요일,강원특별자치도 속초시 장사동,중상사고,0,2,2,0,차량단독 - 공작물충돌,안전운전불이행,건조,맑음,교차로 - 교차로안,승합,남,63세,상해없음,,,,
2023111600100450,2023년 11월 16일 18시,목요일,강원특별자치도 평창군 진부면,경상사고,0,0,1,0,차대차 - 측면충돌,차로위반,젖음/습기,비,교차로 - 교차로부근,화물,남,61세,상해없음,화물,남,67세,경상
2023111600100451,2023년 11월 16일 18시,목요일,강원특별자치도 정선군 남면,경상사고,0,0,1,0,차대차 - 추돌,안전운전불이행,젖음/습기,비,교차로 - 교차로부근,승용,여,60세,상해없음,승용,남,38세,경상
2023111600100587,2023년 11월 16일 21시,목요일,강원특별자치도 춘천시 사농동,경상사고,0,0,1,0,차대차 - 기타,안전운전불이행,젖음/습기,흐림,교차로 - 교차로부근,화물,남,64세,상해없음,승용,여,26세,경상
2023111700100081,2023년 11월 17일 07시,금요일,강원특별자치도 춘천시 퇴계동,부상신고사고,0,0,0,1,차대차 - 기타,안전운전불이행,건조,맑음,교차로 - 교차로부근,승용,남,66세,상해없음,자전거,남,82세,부상신고
2023111700100116,2023년 11월 17일 08시,금요일,강원특별자치도 춘천시 효자동,경상사고,0,0,2,0,차대차 - 기타,신호위반,건조,맑음,교차로 - 교차로안,화물,남,60세,상해없음,화물,남,55세,경상
2023111700100117,2023년 11월 17일 08시,금요일,강원특별자치도 강릉시 주문진읍,중상사고,0,1,0,0,차대사람 - 횡단중,신호위반,건조,맑음,교차로 - 교차로안,건설기계,남,61세,상해없음,보행자,남,72세,중상
2023111700100118,2023년 11월 17일 08시,금요일,강원특별자치도 원주시 반곡동,경상사고,0,0,1,0,차대차 - 추돌,안전운전불이행,건조,맑음,교차로 - 교차로부근,승용,남,69세,상해없음,화물,남,50세,경상
2023111700100119,2023년 11월 17일 08시,금요일,강원특별자치도 원주시 태장동,경상사고,0,0,7,1,차대차 - 측면충돌,안전운전불이행,건조,맑음,교차로 - 교차로안,화물,남,77세,상해없음,승합,여,39세,경상
2023111700100120,2023년 11월 17일 08시,금요일,강원특별자치도 정선군 정선읍,경상사고,0,0,1,0,차대차 - 기타,안전운전불이행,건조,맑음,교차로 - 교차로안,승용,남,60세,상해없음,승용,여,40세,경상
2023111700100170,2023년 11월 17일 09시,금요일,강원특별자치도 춘천시 후평동,경상사고,0,0,1,0,차대차 - 기타,직진우회전진행방해,건조,맑음,교차로 - 교차로안,화물,남,55세,상해없음,승용,남,68세,경상
2023111700100171,2023년 11월 17일 09시,금요일,강원특별자치도 원주시 반곡동,중상사고,0,1,0,0,차대차 - 측면충돌,신호위반,건조,흐림,교차로 - 교차로안,승용,여,42세,상해없음,승용,남,70세,중상
2023111700100172,2023년 11월 17일 09시,금요일,강원특별자치도 양양군 현남면,경상사고,0,0,2,0,차대차 - 추돌,안전운전불이행,건조,맑음,교차로 - 교차로부근,승용,남,28세,상해없음,승용,여,29세,경상
2023111700100173,2023년 11월 17일 09시,금요일,강원특별자치도 영월군 주천면,경상사고,0,0,1,0,차대사람 - 횡단중,보행자보호의무위반,건조,맑음,교차로 - 교차로횡단보도내,화물,남,40세,상해없음,보행자,남,60세,경상
2023111700100174,2023년 11월 17일 09시,금요일,강원특별자치도 고성군 간성읍,경상사고,0,0,1,0,차대차 - 정면충돌,기타,건조,맑음,교차로 - 교차로안,승용,남,58세,상해없음,승용,여,65세,경상
2023111700100241,2023년 11월 17일 11시,금요일,강원특별자치도 춘천시 효자동,중상사고,0,1,0,0,차대차 - 측면충돌,교차로운행방법위반,건조,맑음,교차로 - 교차로안,화물,남,63세,상해없음,승용,남,37세,중상
2023111700100242,2023년 11월 17일 11시,금요일,강원특별자치도 양구군 국토정중앙면,경상사고,0,0,5,0,차대차 - 측면충돌,중앙선침범,건조,맑음,단일로 - 기타,승용,여,43세,경상,승용,남,44세,경상
2023111700100285,2023년 11월 17일 12시,금요일,강원특별자치도 양구군 국토정중앙면,중상사고,0,1,0,0,차대사람 - 기타,기타,건조,맑음,단일로 - 기타,승용,여,61세,상해없음,보행자,여,32세,중상
2023111700100344,2023년 11월 17일 14시,금요일,강원특별자치도 횡성군 안흥면,경상사고,0,0,1,0,차대사람 - 차도통행중,안전운전불이행,건조,맑음,단일로 - 기타,화물,남,71세,상해없음,보행자,남,44세,경상
2023111700100380,2023년 11월 17일 15시,금요일,강원특별자치도 홍천군 화촌면,경상사고,0,0,1,0,차대차 - 측면충돌,안전운전불이행,건조,맑음,단일로 - 터널,승합,남,34세,상해없음,승용,남,37세,경상
2023111700100475,2023년 11월 17일 17시,금요일,강원특별자치도 춘천시 석사동,중상사고,0,1,0,0,차대차 - 기타,안전운전불이행,건조,맑음,교차로 - 교차로안,자전거,남,12세,중상,승용,남,65세,상해없음
2023111700100476,2023년 11월 17일 17시,금요일,강원특별자치도 태백시 황지동,경상사고,0,0,1,0,차대사람 - 차도통행중,안전운전불이행,건조,맑음,단일로 - 기타,승용,남,47세,상해없음,보행자,남,13세,경상
2023111700100530,2023년 11월 17일 18시,금요일,강원특별자치도 춘천시 후평동,경상사고,0,0,1,0,차대사람 - 횡단중,보행자보호의무위반,건조,맑음,교차로 - 교차로횡단보도내,승용,여,25세,상해없음,보행자,남,27세,경상
2023111700100531,2023년 11월 17일 18시,금요일,강원특별자치도 원주시 태장동,경상사고,0,0,1,0,차대차 - 측면충돌,안전운전불이행,건조,맑음,단일로 - 기타,화물,남,58세,기타불명,승용,여,63세,경상
2023111700100599,2023년 11월 17일 19시,금요일,강원특별자치도 춘천시 조양동,경상사고,0,0,1,0,차대차 - 기타,중앙선침범,젖음/습기,맑음,단일로 - 기타,기타불명,기타불명,미분류,기타불명,이륜,남,31세,경상
2023111700100729,2023년 11월 17일 23시,금요일,강원특별자치도 춘천시 효자동,경상사고,0,0,1,0,차대차 - 추돌,안전운전불이행,건조,맑음,단일로 - 기타,승용,남,33세,상해없음,승용,남,22세,경상