사고번호,사고일시,요일,시군구,사고내용,사망자수,중상자수,경상자수,부상신고자수,사고유형,법규위반,노면상태,기상상태,도로형태,가해운전자 차종,가해운전자 성별,가해운전자 연령,가해운전자 상해정도,피해운전자 차종,피해운전자 성별,피해운전자 연령,피해운전자 상해정도
2023111800100056,2023년 11월 18일 05시,토요일,강원특별자치도 영월군 산솔면,경상사고,0,0,1,0,차대차 - 추돌,안전운전불이행,건조,맑음,단일로 - 기타,승용,남,62세,상해없음,승용,남,59세,경상
2023111800100117,2023년 11월 18일 08시,토요일,강원특별자치도 태백시 황지동,경상사고,0,0,2,0,차대차 - 추돌,안전운전불이행,건조,맑음,단일로 - 기타,승용,남,62세,상해없음,화물,남,58세,경상
2023111800100140,2023년 11월 18일 09시,토요일,강원특별자치도 강릉시 교동,경상사고,0,0,2,0,차대차 - 기타,안전운전불이행,건조,맑음,교차로 - 교차로안,승용,여,40세,상해없음,승용,여,21세,경상
2023111800100263,2023년 11월 18일 12시,토요일,강원특별자치도 춘천시 후평동,경상사고,0,0,3,0,차대차 - 기타,신호위반,건조,맑음,교차로 - 교차로안,승용,남,37세,경상,이륜,남,29세,경상
2023111800100299,2023년 11월 18일 13시,토요일,강원특별자치도 철원군 근남면,경상사고,0,0,2,0,차대차 - 측면충돌,안전운전불이행,건조,맑음,단일로 - 기타,승용,남,23세,상해없음,승용,남,53세,경상
2023111800100333,2023년 11월 18일 14시,토요일,강원특별자치도 춘천시 후평동,경상사고,0,0,1,0,차대차 - 측면충돌,안전운전불이행,건조,맑음,교차로 - 교차로횡단보도내,승용,여,64세,상해없음,자전거,남,71세,경상
2023111800100334,2023년 11월 18일 14시,토요일,강원특별자치도 강릉시 내곡동,경상사고,0,0,1,0,차대차 - 측면충돌,신호위반,건조,맑음,단일로 - 기타,승용,여,62세,상해없음,화물,남,42세,경상
2023111800100335,2023년 11월 18일 14시,토요일,강원특별자치도 속초시 대포동,중상사고,0,2,0,0,차대차 - 측면충돌,신호위반,건조,맑음,교차로 - 교차로안,승용,여,39세,상해없음,승용,여,58세,중상
2023111800100427,2023년 11월 18일 17시,토요일,강원특별자치도 원주시 태장동,경상사고,0,0,1,0,차대차 - 측면충돌,안전운전불이행,건조,흐림,단일로 - 기타,승용,여,58세,상해없음,승용,남,44세,경상
2023111800100428,2023년 11월 18일 17시,토요일,강원특별자치도 인제군 북면,중상사고,0,1,0,0,차대차 - 측면충돌,안전운전불이행,건조,맑음,단일로 - 기타,승용,남,87세,상해없음,승용,여,52세,중상
2023111800100478,2023년 11월 18일 18시,토요일,강원특별자치도 양양군 손양면,경상사고,0,0,4,0,차대차 - 측면충돌,신호위반,건조,맑음,교차로 - 교차로안,승용,여,32세,상해없음,승용,남,41세,경상
2023111800100533,2023년 11월 18일 20시,토요일,강원특별자치도 태백시 황지동,경상사고,0,0,1,0,차대차 - 추돌,안전거리미확보,건조,맑음,단일로 - 기타,승용,남,27세,상해없음,승용,남,52세,경상
2023111800100566,2023년 11월 18일 22시,토요일,강원특별자치도 삼척시 교동,중상사고,0,2,2,0,차대차 - 측면충돌,안전운전불이행,건조,맑음,교차로 - 교차로안,승용,남,18세,경상,승용,남,56세,경상
2023111800100567,2023년 11월 18일 22시,토요일,강원특별자치도 태백시 황지동,경상사고,0,0,1,0,차대차 - 측면충돌,안전운전불이행,건조,맑음,교차로 - 교차로안,승용,남,69세,상해없음,승용,남,36세,경상
2023111800100568,2023년 11월 18일 22시,토요일,강원특별자치도 횡성군 둔내면,사망사고,1,0,0,0,차량단독 - 도로외이탈 - 추락,안전운전불이행,건조,맑음,단일로 - 기타,승용,남,45세,사망,,,,
2023111800100581,2023년 11월 18일 23시,토요일,강원특별자치도 원주시 일산동,경상사고,0,0,1,0,차대사람 - 기타,안전운전불이행,건조,맑음,주차장 - 주차장,승용,여,64세,상해없음,보행자,남,32세,경상
2023111900100042,2023년 11월 19일 05시,일요일,강원특별자치도 강릉시 옥천동,경상사고,0,0,1,0,차대차 - 측면충돌,안전운전불이행,건조,맑음,교차로 - 교차로안,승용,남,60세,상해없음,승용,여,63세,경상
2023111900100086,2023년 11월 19일 09시,일요일,강원특별자치도 원주시 호저면,경상사고,0,0,1,0,차대차 - 측면충돌,안전운전불이행,건조,맑음,교차로 - 교차로안,승용,남,31세,상해없음,승용,여,43세,경상
2023111900100107,2023년 11월 19일 10시,일요일,강원특별자치도 영월군 영월읍,중상사고,0,1,0,0,차대사람 - 기타,안전운전불이행,건조,흐림,단일로 - 기타,원동기,남,71세,상해없음,보행자,여,87세,중상
2023111900100175,2023년 11월 19일 13시,일요일,강원특별자치도 강릉시 교동,경상사고,0,0,1,0,차대차 - 기타,중앙선침범,건조,맑음,단일로 - 기타,승용,남,68세,상해없음,이륜,남,30세,경상
2023111900100211,2023년 11월 19일 14시,일요일,강원특별자치도 동해시 이도동,중상사고,0,1,0,0,차대차 - 기타,안전운전불이행,건조,맑음,교차로 - 교차로안,승용,남,61세,상해없음,승용,여,60세,중상
2023111900100249,2023년 11월 19일 15시,일요일,강원특별자치도 태백시 황지동,중상사고,0,2,7,0,차대차 - 추돌,안전운전불이행,건조,맑음,단일로 - 기타,승용,여,56세,상해없음,승용,남,58세,경상
2023111900100300,2023년 11월 19일 17시,일요일,강원특별자치도 춘천시 서면,경상사고,0,0,1,0,차대차 - 측면충돌,안전거리미확보,건조,맑음,단일로 - 기타,승용,여,67세,기타불명,승용,남,20세,경상
2023111900100301,2023년 11월 19일 17시,일요일,강원특별자치도 강릉시 교동,경상사고,0,0,1,0,차대차 - 기타,안전운전불이행,건조,맑음,교차로 - 교차로안,화물,남,57세,상해없음,승용,남,69세,경상
2023111900100302,2023년 11월 19일 17시,일요일,강원특별자치도 속초시 교동,경상사고,0,0,2,0,차대차 - 정면충돌,교차로운행방법위반,건조,맑음,교차로 - 교차로안,승용,여,63세,상해없음,이륜,남,26세,경상
2023111900100340,2023년 11월 19일 18시,일요일,강원특별자치도 원주시 단계동,부상신고사고,0,0,0,1,차대차 - 측면충돌,신호위반,건조,맑음,교차로 - 교차로안,이륜,남,22세,기타불명,승용,남,38세,상해없음
2023111900100341,2023년 11월 19일 18시,일요일,강원특별자치도 화천군 상서면,경상사고,0,0,1,0,차대차 - 측면충돌,중앙선침범,건조,맑음,단일로 - 기타,승용,남,22세,상해없음,승용,여,60세,경상
2023111900100455,2023년 11월 19일 23시,일요일,강원특별자치도 춘천시 후평동,부상신고사고,0,0,0,1,차대차 - 기타,신호위반,건조,맑음,교차로 - 교차로안,기타불명,기타불명,미분류,기타불명,승용,남,29세,상해없음
2023112000100099,2023년 11월 20일 08시,월요일,강원특별자치도 원주시 행구동,중상사고,0,1,0,0,차대사람 - 기타,안전운전불이행,건조,흐림,교차로 - 교차로안,승용,여,47세,상해없음,보행자,남,59세,중상
2023112000100100,2023년 11월 20일 08시,월요일,강원특별자치도 원주시 지정면,경상사고,0,0,1,0,차대차 - 추돌,안전거리미확보,건조,맑음,단일로 - 기타,화물,여,52세,상해없음,승용,남,51세,상해없음
2023112000100101,2023년 11월 20일 08시,월요일,강원특별자치도 홍천군 홍천읍,경상사고,0,0,1,0,차대차 - 측면충돌,신호위반,건조,맑음,교차로 - 교차로안,화물,남,66세,상해없음,승용,여,38세,경상
2023112000100165,2023년 11월 20일 09시,월요일,강원특별자치도 강릉시 연곡면,경상사고,0,0,1,0,차대차 - 추돌,안전운전불이행,건조,맑음,교차로 - 교차로부근,화물,남,62세,상해없음,승용,여,62세,경상
2023112000100194,2023년 11월 20일 10시,월요일,강원특별자치도 속초시 교동,중상사고,0,1,0,0,차대차 - 측면충돌,차로위반,건조,맑음,교차로 - 교차로부근,승용,남,53세,상해없음,이륜,남,46세,중상
2023112000100195,2023년 11월 20일 10시,월요일,강원특별자치도 홍천군 홍천읍,경상사고,0,0,1,0,차대차 - 측면충돌,차로위반,건조,맑음,교차로 - 교차로부근,화물,남,71세,상해없음,이륜,남,81세,경상
2023112000100236,2023년 11월 20일 11시,월요일,강원특별자치도 횡성군 우천면,사망사고,1,0,0,0,차대차 - 측면충돌,안전운전불이행,건조,맑음,단일로 - 기타,화물,남,74세,상해없음,자전거,남,85세,사망
2023112000100276,2023년 11월 20일 12시,월요일,강원특별자치도 양양군 강현면,경상사고,0,0,2,0,차대차 - 측면충돌,교차로운행방법위반,건조,맑음,교차로 - 교차로부근,화물,남,72세,상해없음,승용,남,28세,경상
2023112000100323,2023년 11월 20일 13시,월요일,강원특별자치도 속초시 청학동,중상사고,0,1,4,0,차대차 - 측면충돌,직진우회전진행방해,건조,맑음,교차로 - 교차로안,승용,남,41세,상해없음,승용,남,58세,중상
2023112000100324,2023년 11월 20일 13시,월요일,강원특별자치도 홍천군 두촌면,경상사고,0,0,1,0,차대차 - 측면충돌,안전운전불이행,건조,맑음,교차로 - 교차로부근,승용,남,54세,상해없음,승용,여,36세,경상
2023112000100363,2023년 11월 20일 14시,월요일,강원특별자치도 강릉시 송정동,중상사고,0,1,0,0,차대사람 - 횡단중,보행자보호의무위반,건조,맑음,교차로 - 교차로부근,승용,여,50세,상해없음,보행자,여,77세,중상
2023112000100408,2023년 11월 20일 15시,월요일,강원특별자치도 인제군 상남면,경상사고,0,0,1,0,차대차 - 정면충돌,중앙선침범,건조,맑음,단일로 - 기타,화물,남,60세,상해없음,화물,남,62세,경상
2023112000100445,2023년 11월 20일 16시,월요일,강원특별자치도 원주시 단구동,경상사고,0,0,1,0,차대차 - 측면충돌,안전거리미확보,건조,맑음,기타 - 기타,이륜,남,77세,기타불명,승용,남,41세,경상
2023112000100480,2023년 11월 20일 17시,월요일,강원특별자치도 원주시 단계동,경상사고,0,0,1,0,차대사람 - 기타,안전운전불이행,건조,맑음,주차장 - 주차장,승용,남,60세,기타불명,보행자,여,48세,경상
2023112000100529,2023년 11월 20일 18시,월요일,강원특별자치도 강릉시 입암동,중상사고,0,1,0,0,차대사람 - 차도통행중,안전운전불이행,건조,맑음,단일로 - 기타,승용,여,52세,상해없음,보행자,남,57세,중상
2023112000100629,2023년 11월 20일 21시,월요일,강원특별자치도 춘천시 석사동,경상사고,0,0,1,0,차대차 - 기타,안전운전불이행,건조,맑음,단일로 - 기타,승용,남,30세,상해없음,승용,여,43세,경상
2023112000100655,2023년 11월 20일 22시,월요일,강원특별자치도 춘천시 효자동,경상사고,0,0,1,1,차대차 - 정면충돌,신호위반,건조,맑음,교차로 - 교차로안,이륜,남,24세,부상신고,승용,여,32세,경상
2023112100100108,2023년 11월 21일 08시,화요일,강원특별자치도 춘천시 근화동,경상사고,0,0,1,0,차대차 - 추돌,안전거리미확보,건조,맑음,교차로 - 교차로부근,승용,남,54세,상해없음,승용,여,27세,경상
2023112100100109,2023년 11월 21일 08시,화요일,강원특별자치도 속초시 교동,경상사고,0,0,1,0,차대차 - 후진중충돌,안전운전불이행,건조,맑음,주차장 - 주차장,승용,여,48세,상해없음,승용,남,31세,경상
2023112100100110,2023년 11월 21일 08시,화요일,강원특별자치도 태백시 문곡동,경상사고,0,0,4,0,차대차 - 추돌,안전거리미확보,건조,맑음,단일로 - 기타,승용,남,60세,경상,승용,남,50세,상해없음
2023112100100236,2023년 11월 21일 11시,화요일,강원특별자치도 삼척시 근덕면,중상사고,0,1,1,0,차대차 - 측면충돌,기타,건조,맑음,단일로 - 지하차도(도로)내,승용,남,65세,상해없음,승용,여,52세,경상
2023112100100301,2023년 11월 21일 13시,화요일,강원특별자치도 춘천시 효자동,중상사고,0,1,0,1,차대차 - 측면충돌,안전운전불이행,건조,맑음,단일로 - 기타,승합,남,59세,상해없음,이륜,남,45세,중상
2023112100100302,2023년 11월 21일 13시,화요일,강원특별자치도 강릉시 홍제동,경상사고,0,0,1,0,차대차 - 측면충돌,신호위반,건조,맑음,교차로 - 교차로안,승용,여,44세,상해없음,승용,남,29세,경상
2023112100100303,2023년 11월 21일 13시,화요일,강원특별자치도 원주시 흥업면,중상사고,0,2,0,0,차대차 - 측면충돌,안전운전불이행,건조,흐림,단일로 - 기타,화물,남,45세,기타불명,승용,여,70세,중상
2023112100100304,2023년 11월 21일 13시,화요일,강원특별자치도 인제군 북면,중상사고,0,1,1,0,차대차 - 측면충돌,안전운전불이행,건조,맑음,교차로 - 교차로안,화물,남,69세,상해없음,승용,남,70세,경상
2023112100100305,2023년 11월 21일 13시,화요일,강원특별자치도 인제군 북면,중상사고,0,1,0,0,차대사람 - 횡단중,안전운전불이행,건조,맑음,교차로 - 교차로안,승용,남,20세,상해없음,보행자,여,78세,중상
2023112100100336,2023년 11월 21일 14시,화요일,강원특별자치도 원주시 명륜동,경상사고,0,0,1,0,차대차 - 측면충돌,교차로운행방법위반,건조,맑음,교차로 - 교차로안,승용,남,34세,상해없음,이륜,남,78세,경상
2023112100100337,2023년 11월 21일 14시,화요일,강원특별자치도 원주시 반곡동,경상사고,0,0,1,0,차대차 - 기타,안전운전불이행,건조,맑음,기타 - 기타,승합,남,56세,상해없음,승용,여,23세,경상
2023112100100484,2023년 11월 21일 17시,화요일,강원특별자치도 춘천시 효자동,부상신고사고,0,0,0,1,차대차 - 기타,안전거리미확보,건조,맑음,단일로 - 기타,이륜,남,30세,부상신고,화물,남,56세,상해없음
2023112100100485,2023년 11월 21일 17시,화요일,강원특별자치도 춘천시 신북읍,경상사고,0,0,1,0,차대사람 - 횡단중,보행자보호의무위반,건조,맑음,교차로 - 교차로부근,승용,남,75세,상해없음,보행자,여,80세,경상
2023112100100486,2023년 11월 21일 17시,화요일,강원특별자치도 철원군 갈말읍,경상사고,0,0,1,0,차대사람 - 보도통행중,안전운전불이행,건조,맑음,단일로 - 기타,승합,남,69세,상해없음,보행자,남,14세,경상
2023112100100538,2023년 11월 21일 18시,화요일,강원특별자치도 춘천시 퇴계동,경상사고,0,0,1,0,차대차 - 추돌,안전운전불이행,건조,맑음,교차로 - 교차로안,승용,남,55세,상해없음,승용,여,44세,경상
2023112100100539,2023년 11월 21일 18시,화요일,강원특별자치도 춘천시 퇴계동,경상사고,0,0,1,0,차대차 - 기타,신호위반,건조,맑음,교차로 - 교차로안,승용,남,55세,상해없음,이륜,남,53세,경상
2023112100100540,2023년 11월 21일 18시,화요일,강원특별자치도 춘천시 퇴계동,경상사고,0,0,1,0,차대차 - 측면충돌,안전운전불이행,건조,맑음,단일로 - 기타,승용,여,39세,상해없음,승용,남,49세,경상
2023112100100541,2023년 11월 21일 18시,화요일,강원특별자치도 원주시 문막읍,사망사고,1,0,0,0,차대사람 - 횡단중,기타,건조,흐림,기타 - 기타,승용,남,56세,기타불명,보행자,여,78세,사망
2023112100100542,2023년 11월 21일 18시,화요일,강원특별자치도 홍천군 홍천읍,중상사고,0,1,23,3,차대차 - 추돌,안전거리미확보,건조,맑음,단일로 - 기타,승합,남,63세,상해없음,승합,남,70세,상해없음
2023112100100629,2023년 11월 21일 20시,화요일,강원특별자치도 강릉시 주문진읍,경상사고,0,0,1,0,차대차 - 정면충돌,중앙선침범,건조,맑음,단일로 - 기타,이륜,남,66세,상해없음,이륜,여,42세,경상
2023112100100650,2023년 11월 21일 21시,화요일,강원특별자치도 원주시 문막읍,경상사고,0,0,2,0,차대차 - 추돌,안전운전불이행,건조,맑음,교차로 - 교차로부근,승용,여,44세,상해없음,승용,여,59세,경상
2023112100100651,2023년 11월 21일 21시,화요일,강원특별자치도 속초시 영랑동,경상사고,0,0,1,0,차대차 - 측면충돌,신호위반,건조,맑음,교차로 - 교차로안,자전거,남,59세,상해없음,승용,남,68세,상해없음
2023112100100671,2023년 11월 21일 22시,화요일,강원특별자치도 홍천군 서석면,중상사고,0,3,0,0,차대차 - 측면충돌,직진우회전진행방해,건조,맑음,교차로 - 교차로안,승용,남,63세,상해없음,승용,남,61세,중상
2023112100100683,2023년 11월 21일 23시,화요일,강원특별자치도 춘천시 효자동,경상사고,0,0,1,1,차대차 - 기타,차로위반,건조,맑음,단일로 - 기타,이륜,남,49세,부상신고,승용,여,64세,경상
2023112200100007,2023년 11월 22일 00시,수요일,강원특별자치도 횡성군 우천면,경상사고,0,0,1,0,차대차 - 추돌,안전운전불이행,건조,맑음,단일로 - 기타,화물,남,53세,상해없음,승용,여,48세,경상
2023112200100054,2023년 11월 22일 06시,수요일,강원특별자치도 춘천시 퇴계동,사망사고,3,0,0,0,차대사람 - 보도통행중,신호위반,건조,맑음,교차로 - 교차로안,승용,남,82세,상해없음,보행자,여,72세,사망
2023112200100078,2023년 11월 22일 07시,수요일,강원특별자치도 강릉시 지변동,중상사고,0,1,1,0,차대차 - 정면충돌,안전운전불이행,건조,맑음,교차로 - 교차로안,승용,남,68세,상해없음,승용,여,47세,경상
2023112200100079,2023년 11월 22일 07시,수요일,강원특별자치도 원주시 문막읍,경상사고,0,0,2,0,차대차 - 기타,교차로운행방법위반,건조,맑음,교차로 - 교차로안,화물,남,70세,상해없음,승합,여,61세,경상
2023112200100080,2023년 11월 22일 07시,수요일,강원특별자치도 원주시 봉산동,사망사고,1,0,0,0,차대사람 - 횡단중,보행자보호의무위반,건조,맑음,단일로 - 기타,승용,남,30세,상해없음,보행자,남,72세,사망
2023112200100160,2023년 11월 22일 09시,수요일,강원특별자치도 동해시 천곡동,경상사고,0,0,1,0,차대차 - 측면충돌,중앙선침범,건조,맑음,단일로 - 기타,승용,남,24세,상해없음,승용,남,58세,경상
2023112200100206,2023년 11월 22일 10시,수요일,강원특별자치도 원주시 문막읍,경상사고,0,0,1,0,차대차 - 기타,안전운전불이행,건조,맑음,단일로 - 기타,사륜오토바이(ATV),여,73세,경상,승용,남,81세,상해없음
2023112200100207,2023년 11월 22일 10시,수요일,강원특별자치도 횡성군 우천면,경상사고,0,0,1,0,차대차 - 측면충돌,안전운전불이행,건조,맑음,단일로 - 기타,건설기계,남,62세,상해없음,승용,여,55세,경상
2023112200100208,2023년 11월 22일 10시,수요일,강원특별자치도 동해시 천곡동,중상사고,0,1,0,0,차대사람 - 횡단중,안전운전불이행,건조,맑음,교차로 - 교차로안,특수,남,62세,상해없음,보행자,남,80세,중상
2023112200100271,2023년 11월 22일 12시,수요일,강원특별자치도 원주시 단구동,경상사고,0,0,1,0,차대차 - 기타,불법유턴,건조,맑음,교차로 - 교차로부근,화물,남,62세,상해없음,이륜,남,31세,경상
2023112200100329,2023년 11월 22일 14시,수요일,강원특별자치도 춘천시 운교동,경상사고,0,0,1,0,차대차 - 측면충돌,신호위반,건조,맑음,교차로 - 교차로안,화물,남,61세,상해없음,승용,남,37세,경상
2023112200100487,2023년 11월 22일 18시,수요일,강원특별자치도 춘천시 퇴계동,경상사고,0,0,1,0,차대차 - 측면충돌,안전거리미확보,건조,맑음,교차로 - 교차로횡단보도내,승용,남,46세,상해없음,자전거,남,37세,경상
2023112200100488,2023년 11월 22일 18시,수요일,강원특별자치도 원주시 관설동,경상사고,0,0,1,0,차대사람 - 기타,안전운전불이행,건조,맑음,교차로 - 교차로부근,승용,여,60세,상해없음,보행자,여,51세,경상
2023112200100545,2023년 11월 22일 19시,수요일,강원특별자치도 원주시 무실동,중상사고,0,1,0,0,차대차 - 추돌,신호위반,건조,맑음,교차로 - 교차로안,화물,남,60세,상해없음,승용,남,47세,중상
2023112200100576,2023년 11월 22일 20시,수요일,강원특별자치도 속초시 조양동,중상사고,0,1,0,0,차대사람 - 횡단중,안전운전불이행,건조,맑음,단일로 - 기타,승용,남,34세,상해없음,보행자,남,57세,중상
2023112200100597,2023년 11월 22일 21시,수요일,강원특별자치도 속초시 교동,경상사고,0,0,1,0,차대사람 - 차도통행중,안전운전불이행,건조,맑음,교차로 - 교차로안,승용,남,28세,상해없음,보행자,남,56세,경상
2023112300100003,2023년 11월 23일 00시,목요일,강원특별자치도 춘천시 신동면,경상사고,0,0,2,5,차대차 - 추돌,안전거리미확보,건조,맑음,단일로 - 기타,승용,남,68세,상해없음,승용,남,43세,경상
2023112300100033,2023년 11월 23일 05시,목요일,강원특별자치도 동해시 송정동,중상사고,0,1,0,0,차대차 - 기타,안전운전불이행,건조,맑음,교차로 - 교차로안,승용,남,61세,상해없음,자전거,남,62세,중상
2023112300100068,2023년 11월 23일 07시,목요일,강원특별자치도 고성군 토성면,경상사고,0,0,1,0,차대차 - 측면충돌,안전운전불이행,건조,맑음,기타 - 기타,승용,여,66세,상해없음,승용,남,28세,경상
2023112300100098,2023년 11월 23일 08시,목요일,강원특별자치도 강릉시 홍제동,경상사고,0,0,1,0,차대차 - 기타,안전운전불이행,건조,맑음,교차로 - 교차로안,건설기계,남,44세,상해없음,승용,남,57세,경상
2023112300100099,2023년 11월 23일 08시,목요일,강원특별자치도 속초시 조양동,중상사고,0,1,0,0,차대차 - 측면충돌,신호위반,건조,맑음,교차로 - 교차로안,승용,남,59세,상해없음,승용,여,55세,중상
2023112300100142,2023년 11월 23일 09시,목요일,강원특별자치도 원주시 일산동,경상사고,0,0,1,0,차대차 - 기타,안전운전불이행,건조,흐림,단일로 - 기타,승용,남,63세,상해없음,승용,남,62세,경상
2023112300100170,2023년 11월 23일 10시,목요일,강원특별자치도 춘천시 서면,경상사고,0,0,1,0,차대차 - 추돌,안전거리미확보,젖음/습기,맑음,교차로 - 교차로부근,승용,남,55세,상해없음,승용,여,53세,경상
2023112300100171,2023년 11월 23일 10시,목요일,강원특별자치도 원주시 단계동,경상사고,0,0,1,0,차대차 - 기타,안전운전불이행,건조,맑음,교차로 - 교차로부근,승용,남,31세,기타불명,자전거,남,80세,경상
2023112300100196,2023년 11월 23일 11시,목요일,강원특별자치도 강릉시 대전동,경상사고,0,0,1,0,차대차 - 추돌,안전운전불이행,건조,맑음,단일로 - 기타,화물,남,53세,상해없음,승용,여,63세,경상
2023112300100197,2023년 11월 23일 11시,목요일,강원특별자치도 원주시 우산동,중상사고,0,1,0,0,차대차 - 측면충돌,교차로운행방법위반,건조,맑음,교차로 - 교차로안,승용,남,45세,상해없음,자전거,여,69세,중상
2023112300100198,2023년 11월 23일 11시,목요일,강원특별자치도 원주시 단계동,경상사고,0,0,1,0,차대차 - 정면충돌,신호위반,건조,맑음,교차로 - 교차로안,승용,남,22세,상해없음,승용,남,65세,경상
2023112300100225,2023년 11월 23일 12시,목요일,강원특별자치도 원주시 반곡동,경상사고,0,0,2,0,차대차 - 측면충돌,안전운전불이행,건조,맑음,교차로 - 교차로안,승용,여,59세,상해없음,승용,남,44세,경상
2023112300100226,2023년 11월 23일 12시,목요일,강원특별자치도 원주시 행구동,경상사고,0,0,1,0,차대차 - 추돌,안전운전불이행,건조,맑음,단일로 - 기타,승용,남,81세,상해없음,승용,여,62세,경상
2023112300100227,2023년 11월 23일 12시,목요일,강원특별자치도 원주시 단계동,경상사고,0,0,1,0,차대차 - 측면충돌,차로위반,건조,맑음,단일로 - 기타,승용,남,80세,기타불명,승합,남,52세,경상
2023112300100317,2023년 11월 23일 15시,목요일,강원특별자치도 태백시 황지동,경상사고,0,0,1,0,차대사람 - 횡단중,보행자보호의무위반,건조,맑음,교차로 - 교차로횡단보도내,승용,남,64세,상해없음,보행자,남,56세,경상
2023112300100443,2023년 11월 23일 18시,목요일,강원특별자치도 춘천시 근화동,경상사고,0,0,3,0,차대차 - 기타,차로위반,건조,맑음,단일로 - 기타,승용,남,37세,상해없음,승용,남,38세,경상
2023112300100444,2023년 11월 23일 18시,목요일,강원특별자치도 강릉시 사천면,경상사고,0,0,2,0,차대차 - 추돌,안전운전불이행,건조,흐림,단일로 - 기타,승용,여,39세,상해없음,승용,남,30세,경상
2023112300100445,2023년 11월 23일 18시,목요일,강원특별자치도 원주시 학성동,경상사고,0,0,2,0,차대차 - 기타,신호위반,젖음/습기,비,교차로 - 교차로안,화물,남,30세,기타불명,승용,여,47세,경상
2023112300100446,2023년 11월 23일 18시,목요일,강원특별자치도 속초시 교동,경상사고,0,0,1,0,차대차 - 추돌,안전운전불이행,건조,맑음,교차로 - 교차로안,승용,남,56세,상해없음,승용,여,36세,경상
2023112300100447,2023년 11월 23일 18시,목요일,강원특별자치도 양구군 양구읍,중상사고,0,1,0,0,차대차 - 측면충돌,안전거리미확보,젖음/습기,비,단일로 - 기타,화물,남,70세,상해없음,화물,남,79세,상해없음
2023112300100448,2023년 11월 23일 18시,목요일,강원특별자치도 원주시 문막읍,경상사고,0,0,3,0,차대차 - 측면충돌,차로위반,건조,맑음,단일로 - 기타,승합,남,65세,상해없음,승용,여,26세,경상
2023112300100500,2023년 11월 23일 19시,목요일,강원특별자치도 강릉시 옥천동,중상사고,0,1,0,0,차대차 - 기타,신호위반,건조,기타,교차로 - 교차로안,승용,여,52세,기타불명,승용,남,66세,중상
2023112300100565,2023년 11월 23일 21시,목요일,강원특별자치도 강릉시 교동,경상사고,0,0,1,0,차대차 - 기타,안전운전불이행,건조,맑음,교차로 - 교차로안,승용,남,24세,상해없음,승용,여,26세,경상
2023112300100589,2023년 11월 23일 22시,목요일,강원특별자치도 강릉시 구정면,중상사고,0,1,0,0,차량단독 - 공작물충돌,안전운전불이행,건조,맑음,단일로 - 기타,승용,남,21세,상해없음,,,,
2023112400100038,2023년 11월 24일 05시,금요일,강원특별자치도 원주시 중앙동,경상사고,0,0,1,0,차대차 - 추돌,안전거리미확보,건조,맑음,교차로 - 교차로안,승용,남,41세,상해없음,승용,남,55세,경상
2023112400100051,2023년 11월 24일 06시,금요일,강원특별자치도 원주시 지정면,중상사고,0,1,1,0,차대차 - 추돌,안전거리미확보,건조,맑음,단일로 - 기타,승합,남,59세,상해없음,승용,남,37세,중상
2023112400100103,2023년 11월 24일 08시,금요일,강원특별자치도 원주시 일산동,경상사고,0,0,1,0,차대차 - 후진중충돌,안전운전불이행,건조,맑음,단일로 - 기타,승용,여,46세,기타불명,승용,여,27세,경상
2023112400100180,2023년 11월 24일 10시,금요일,강원특별자치도 춘천시 동면,부상신고사고,0,0,0,1,차대차 - 측면충돌,안전운전불이행,건조,맑음,단일로 - 기타,화물,남,61세,상해없음,승용,여,58세,부상신고
2023112400100250,2023년 11월 24일 12시,금요일,강원특별자치도 춘천시 신동면,경상사고,0,0,1,0,차대차 - 측면충돌,안전운전불이행,건조,맑음,단일로 - 기타,승용,남,30세,상해없음,승용,여,54세,경상
2023112400100294,2023년 11월 24일 13시,금요일,강원특별자치도 영월군 주천면,중상사고,0,2,0,0,차대차 - 측면충돌,직진우회전진행방해,건조,맑음,교차로 - 교차로부근,건설기계,남,63세,상해없음,이륜,남,83세,중상
2023112400100373,2023년 11월 24일 15시,금요일,강원특별자치도 동해시 북평동,중상사고,0,1,0,0,차대사람 - 횡단중,안전운전불이행,건조,맑음,단일로 - 기타,승용,여,39세,상해없음,보행자,남,14세,중상
2023112400100405,2023년 11월 24일 16시,금요일,강원특별자치도 춘천시 효자동,경상사고,0,0,1,0,차대차 - 기타,신호위반,건조,맑음,교차로 - 교차로안,승용,여,40세,상해없음,승용,남,24세,경상
2023112400100406,2023년 11월 24일 16시,금요일,강원특별자치도 강릉시 송정동,사망사고,1,0,0,0,차대사람 - 기타,신호위반,건조,맑음,교차로 - 교차로안,승용,남,47세,상해없음,보행자,여,53세,사망
2023112400100407,2023년 11월 24일 16시,금요일,강원특별자치도 원주시 단구동,중상사고,0,1,0,0,차대차 - 측면충돌,교차로운행방법위반,건조,맑음,교차로 - 교차로안,승용,여,46세,상해없음,자전거,남,85세,중상