사고번호,사고일시,요일,시군구,사고내용,사망자수,중상자수,경상자수,부상신고자수,사고유형,법규위반,노면상태,기상상태,도로형태,가해운전자 차종,가해운전자 성별,가해운전자 연령,가해운전자 상해정도,피해운전자 차종,피해운전자 성별,피해운전자 연령,피해운전자 상해정도
2023122500100058,2023년 12월 25일 08시,월요일,강원특별자치도 영월군 영월읍,중상사고,0,1,0,0,차대차 - 측면충돌,교차로운행방법위반,적설,눈,교차로 - 교차로안,승용,여,52세,상해없음,화물,남,69세,중상
2023122500100165,2023년 12월 25일 14시,월요일,강원특별자치도 춘천시 후평동,경상사고,0,0,2,0,차대차 - 후진중충돌,안전운전불이행,건조,맑음,단일로 - 기타,승용,남,27세,상해없음,승용,남,31세,경상
2023122500100210,2023년 12월 25일 16시,월요일,강원특별자치도 강릉시 왕산면,사망사고,1,0,0,0,차량단독 - 공작물충돌,안전운전불이행,서리/결빙,맑음,단일로 - 기타,승용,여,45세,기타불명,,,,
2023122500100211,2023년 12월 25일 16시,월요일,강원특별자치도 인제군 상남면,경상사고,0,0,3,0,차대차 - 추돌,안전운전불이행,건조,맑음,단일로 - 터널,승용,남,27세,상해없음,승용,여,33세,경상
2023122500100263,2023년 12월 25일 18시,월요일,강원특별자치도 원주시 일산동,경상사고,0,0,2,0,차대차 - 측면충돌,기타,건조,맑음,교차로 - 교차로부근,승용,남,45세,상해없음,승용,남,19세,경상
2023122600100087,2023년 12월 26일 08시,화요일,강원특별자치도 속초시 조양동,경상사고,0,0,1,0,차대차 - 측면충돌,신호위반,건조,맑음,교차로 - 교차로안,승용,여,61세,상해없음,승용,남,75세,경상
2023122600100130,2023년 12월 26일 09시,화요일,강원특별자치도 원주시 단계동,경상사고,0,0,1,0,차대차 - 추돌,교차로운행방법위반,건조,맑음,교차로 - 교차로안,승용,남,74세,상해없음,승용,남,32세,경상
2023122600100131,2023년 12월 26일 09시,화요일,강원특별자치도 삼척시 도계읍,경상사고,0,0,2,0,차대차 - 측면충돌,신호위반,건조,맑음,교차로 - 교차로안,건설기계,남,63세,상해없음,승용,남,55세,경상
2023122600100213,2023년 12월 26일 12시,화요일,강원특별자치도 홍천군 서면,중상사고,0,1,0,0,차대사람 - 기타,안전운전불이행,건조,맑음,주차장 - 주차장,승합,남,26세,상해없음,보행자,여,25세,중상
2023122600100250,2023년 12월 26일 13시,화요일,강원특별자치도 강릉시 성남동,중상사고,0,1,0,0,차대사람 - 기타,안전운전불이행,건조,맑음,기타 - 기타,승용,남,73세,상해없음,보행자,여,58세,중상
2023122600100251,2023년 12월 26일 13시,화요일,강원특별자치도 홍천군 남면,중상사고,0,1,0,0,차대사람 - 기타,안전운전불이행,건조,맑음,단일로 - 기타,승용,남,32세,상해없음,보행자,여,92세,중상
2023122600100285,2023년 12월 26일 14시,화요일,강원특별자치도 태백시 황지동,중상사고,0,1,0,0,차대차 - 측면충돌,안전거리미확보,건조,맑음,단일로 - 기타,이륜,남,84세,중상,승용,남,78세,상해없음
2023122600100321,2023년 12월 26일 15시,화요일,강원특별자치도 속초시 교동,중상사고,0,1,0,0,차대차 - 측면충돌,안전거리미확보,건조,맑음,단일로 - 기타,승용,남,40세,기타불명,승용,여,78세,중상
2023122600100364,2023년 12월 26일 16시,화요일,강원특별자치도 원주시 무실동,경상사고,0,0,1,0,차대차 - 측면충돌,안전거리미확보,건조,맑음,교차로 - 교차로부근,승용,여,68세,상해없음,승용,남,61세,경상
2023122600100365,2023년 12월 26일 16시,화요일,강원특별자치도 삼척시 정상동,경상사고,0,0,2,0,차대차 - 측면충돌,직진우회전진행방해,건조,맑음,교차로 - 교차로안,승용,남,71세,경상,승용,남,60세,경상
2023122600100366,2023년 12월 26일 16시,화요일,강원특별자치도 고성군 간성읍,중상사고,0,1,0,0,차대사람 - 횡단중,안전운전불이행,건조,맑음,교차로 - 교차로횡단보도내,승용,남,51세,상해없음,보행자,여,86세,중상
2023122600100410,2023년 12월 26일 17시,화요일,강원특별자치도 강릉시 구정면,경상사고,0,0,2,0,차대차 - 후진중충돌,안전운전불이행,건조,맑음,단일로 - 기타,화물,남,59세,상해없음,승용,남,30세,경상
2023122600100411,2023년 12월 26일 17시,화요일,강원특별자치도 횡성군 횡성읍,사망사고,1,0,0,0,차대사람 - 횡단중,안전운전불이행,건조,맑음,단일로 - 기타,승용,남,67세,상해없음,보행자,여,67세,사망
2023122600100412,2023년 12월 26일 17시,화요일,강원특별자치도 양구군 해안면,경상사고,0,0,1,0,차대차 - 정면충돌,중앙선침범,기타,눈,단일로 - 기타,승용,남,33세,상해없음,승용,여,49세,경상
2023122600100555,2023년 12월 26일 20시,화요일,강원특별자치도 원주시 반곡동,중상사고,0,1,0,0,차대사람 - 횡단중,보행자보호의무위반,젖음/습기,맑음,교차로 - 교차로안,이륜,남,23세,상해없음,보행자,남,43세,중상
2023122600100556,2023년 12월 26일 20시,화요일,강원특별자치도 홍천군 홍천읍,경상사고,0,0,1,0,차대차 - 추돌,안전운전불이행,건조,맑음,단일로 - 기타,승용,여,64세,상해없음,승용,남,44세,경상
2023122600100591,2023년 12월 26일 22시,화요일,강원특별자치도 원주시 판부면,경상사고,0,0,1,0,차대차 - 측면충돌,신호위반,건조,맑음,교차로 - 교차로부근,승용,남,28세,기타불명,승용,남,26세,경상
2023122700100098,2023년 12월 27일 08시,수요일,강원특별자치도 강릉시 옥천동,경상사고,0,0,1,0,차대차 - 측면충돌,안전운전불이행,건조,맑음,교차로 - 교차로안,승용,남,56세,상해없음,승용,여,29세,경상
2023122700100099,2023년 12월 27일 08시,수요일,강원특별자치도 양구군 양구읍,경상사고,0,0,3,0,차대차 - 측면충돌,안전거리미확보,건조,맑음,교차로 - 교차로안,이륜,남,87세,경상,승용,여,38세,경상
2023122700100138,2023년 12월 27일 09시,수요일,강원특별자치도 강릉시 성내동,중상사고,0,1,0,0,차대사람 - 횡단중,신호위반,건조,맑음,교차로 - 교차로부근,화물,남,61세,상해없음,보행자,여,31세,중상
2023122700100183,2023년 12월 27일 10시,수요일,강원특별자치도 삼척시 우지동,경상사고,0,0,1,0,차대차 - 측면충돌,안전거리미확보,건조,맑음,단일로 - 기타,건설기계,남,61세,상해없음,승용,남,45세,상해없음
2023122700100184,2023년 12월 27일 10시,수요일,강원특별자치도 삼척시 원덕읍,사망사고,2,0,1,0,차대차 - 추돌,안전운전불이행,건조,맑음,기타 - 기타,승용,남,63세,사망,화물,남,49세,경상
2023122700100219,2023년 12월 27일 11시,수요일,강원특별자치도 춘천시 신동면,중상사고,0,1,0,1,차대차 - 측면충돌,안전운전불이행,건조,맑음,단일로 - 기타,승용,남,34세,부상신고,화물,남,64세,중상
2023122700100220,2023년 12월 27일 11시,수요일,강원특별자치도 원주시 중앙동,부상신고사고,0,0,0,1,차대사람 - 기타,안전운전불이행,건조,맑음,단일로 - 기타,기타불명,기타불명,미분류,기타불명,보행자,남,64세,부상신고
2023122700100252,2023년 12월 27일 12시,수요일,강원특별자치도 태백시 황지동,경상사고,0,0,1,0,차대사람 - 기타,안전운전불이행,건조,맑음,주차장 - 주차장,화물,남,59세,상해없음,보행자,남,52세,경상
2023122700100253,2023년 12월 27일 12시,수요일,강원특별자치도 정선군 사북읍,경상사고,0,0,1,0,차대차 - 측면충돌,안전운전불이행,건조,맑음,교차로 - 교차로안,승용,남,69세,경상,승용,남,56세,상해없음
2023122700100380,2023년 12월 27일 16시,수요일,강원특별자치도 원주시 흥업면,경상사고,0,0,1,0,차대차 - 측면충돌,안전거리미확보,건조,맑음,교차로 - 교차로안,화물,남,55세,상해없음,승용,남,64세,경상
2023122700100381,2023년 12월 27일 16시,수요일,강원특별자치도 태백시 장성동,경상사고,0,0,1,0,차대차 - 추돌,안전운전불이행,건조,맑음,교차로 - 교차로안,승용,남,62세,상해없음,승용,여,50세,경상
2023122700100436,2023년 12월 27일 17시,수요일,강원특별자치도 원주시 중앙동,중상사고,0,1,0,0,차대사람 - 횡단중,안전운전불이행,건조,맑음,교차로 - 교차로부근,승용,남,36세,기타불명,보행자,남,71세,중상
2023122700100437,2023년 12월 27일 17시,수요일,강원특별자치도 원주시 단계동,경상사고,0,0,1,0,차대차 - 기타,교차로운행방법위반,건조,흐림,교차로 - 교차로안,승용,남,57세,상해없음,승용,여,33세,경상
2023122700100438,2023년 12월 27일 17시,수요일,강원특별자치도 속초시 대포동,중상사고,0,1,0,0,차량단독 - 기타,안전거리미확보,건조,맑음,단일로 - 기타,승합,남,46세,상해없음,,,,
2023122700100486,2023년 12월 27일 18시,수요일,강원특별자치도 양양군 강현면,중상사고,0,1,1,0,차대사람 - 횡단중,보행자보호의무위반,건조,맑음,단일로 - 기타,승용,여,22세,상해없음,보행자,남,60세,경상
2023122700100487,2023년 12월 27일 18시,수요일,강원특별자치도 인제군 인제읍,경상사고,0,0,1,0,차대차 - 측면충돌,안전운전불이행,서리/결빙,기타,단일로 - 기타,승용,남,31세,상해없음,승용,남,28세,경상
2023122700100610,2023년 12월 27일 21시,수요일,강원특별자치도 양구군 국토정중앙면,부상신고사고,0,0,0,1,차량단독 - 공작물충돌,안전운전불이행,건조,맑음,단일로 - 기타,승용,남,62세,부상신고,,,,
2023122700100645,2023년 12월 27일 23시,수요일,강원특별자치도 원주시 관설동,사망사고,1,0,0,0,차대사람 - 횡단중,안전운전불이행,건조,맑음,단일로 - 기타,승용,남,37세,상해없음,보행자,남,46세,사망
2023122800100039,2023년 12월 28일 06시,목요일,강원특별자치도 동해시 구미동,중상사고,0,1,0,0,차대사람 - 차도통행중,안전운전불이행,건조,맑음,단일로 - 기타,원동기,남,65세,상해없음,보행자,남,44세,중상
2023122800100086,2023년 12월 28일 08시,목요일,강원특별자치도 춘천시 교동,경상사고,0,0,1,0,차대차 - 측면충돌,안전운전불이행,건조,맑음,단일로 - 기타,승용,남,74세,상해없음,승용,여,32세,경상
2023122800100087,2023년 12월 28일 08시,목요일,강원특별자치도 화천군 사내면,중상사고,0,1,0,0,차대차 - 정면충돌,안전운전불이행,건조,맑음,단일로 - 기타,승용,남,55세,상해없음,승용,남,28세,중상
2023122800100088,2023년 12월 28일 08시,목요일,강원특별자치도 횡성군 횡성읍,경상사고,0,0,1,0,차대차 - 측면충돌,안전운전불이행,기타,맑음,단일로 - 기타,승용,남,75세,상해없음,승용,여,41세,경상
2023122800100089,2023년 12월 28일 08시,목요일,강원특별자치도 동해시 부곡동,경상사고,0,0,1,1,차대차 - 정면충돌,중앙선침범,서리/결빙,맑음,단일로 - 기타,승용,여,36세,부상신고,승용,남,33세,경상
2023122800100125,2023년 12월 28일 09시,목요일,강원특별자치도 춘천시 약사동,경상사고,0,0,1,1,차대차 - 기타,안전거리미확보,건조,맑음,단일로 - 기타,승용,여,62세,부상신고,승용,여,55세,경상
2023122800100126,2023년 12월 28일 09시,목요일,강원특별자치도 홍천군 홍천읍,경상사고,0,0,1,0,차대사람 - 기타,안전운전불이행,건조,맑음,주차장 - 주차장,승용,남,38세,상해없음,보행자,남,67세,경상
2023122800100162,2023년 12월 28일 11시,목요일,강원특별자치도 춘천시 중앙로3가,경상사고,0,0,1,0,차대차 - 기타,안전운전불이행,건조,맑음,교차로 - 교차로부근,승용,남,50세,상해없음,자전거,남,76세,경상
2023122800100163,2023년 12월 28일 11시,목요일,강원특별자치도 양양군 강현면,경상사고,0,0,2,0,차대차 - 추돌,안전운전불이행,건조,맑음,단일로 - 고가도로위,승용,남,80세,상해없음,승용,남,71세,경상
2023122800100187,2023년 12월 28일 12시,목요일,강원특별자치도 속초시 교동,경상사고,0,0,1,0,차대차 - 측면충돌,안전거리미확보,건조,맑음,단일로 - 기타,승용,남,52세,상해없음,승용,여,52세,경상
2023122800100188,2023년 12월 28일 12시,목요일,강원특별자치도 영월군 남면,사망사고,1,0,0,0,차대사람 - 길가장자리구역통행중,안전운전불이행,건조,맑음,교차로 - 교차로부근,화물,남,59세,상해없음,보행자,여,90세,사망
2023122800100233,2023년 12월 28일 13시,목요일,강원특별자치도 철원군 동송읍,경상사고,0,0,1,0,차대사람 - 차도통행중,안전운전불이행,건조,맑음,단일로 - 기타,승용,여,42세,상해없음,보행자,여,24세,경상
2023122800100326,2023년 12월 28일 16시,목요일,강원특별자치도 춘천시 온의동,경상사고,0,0,1,0,차대차 - 기타,안전거리미확보,건조,맑음,단일로 - 기타,승용,여,47세,상해없음,승합,남,59세,상해없음
2023122800100327,2023년 12월 28일 16시,목요일,강원특별자치도 태백시 황지동,부상신고사고,0,0,0,1,차대사람 - 기타,안전운전불이행,건조,맑음,주차장 - 주차장,승용,여,61세,상해없음,보행자,남,37세,부상신고
2023122800100328,2023년 12월 28일 16시,목요일,강원특별자치도 횡성군 횡성읍,부상신고사고,0,0,0,2,차대차 - 추돌,안전운전불이행,건조,맑음,단일로 - 기타,승용,남,64세,상해없음,승용,남,26세,부상신고
2023122800100470,2023년 12월 28일 19시,목요일,강원특별자치도 춘천시 동내면,경상사고,0,0,1,0,차대차 - 측면충돌,교차로운행방법위반,건조,맑음,교차로 - 교차로횡단보도내,승용,남,29세,상해없음,승용,남,49세,경상
2023122800100471,2023년 12월 28일 19시,목요일,강원특별자치도 속초시 대포동,중상사고,0,1,0,0,차대차 - 측면충돌,안전거리미확보,건조,맑음,단일로 - 지하차도(도로)내,승용,여,28세,상해없음,승용,남,40세,상해없음
2023122800100496,2023년 12월 28일 20시,목요일,강원특별자치도 강릉시 홍제동,경상사고,0,0,1,0,차대차 - 기타,신호위반,건조,맑음,교차로 - 교차로안,승용,남,58세,상해없음,승용,남,58세,경상
2023122800100497,2023년 12월 28일 20시,목요일,강원특별자치도 동해시 구호동,경상사고,0,0,1,0,차대차 - 기타,차로위반,건조,맑음,단일로 - 기타,건설기계,남,48세,상해없음,승용,남,60세,경상
2023122800100526,2023년 12월 28일 21시,목요일,강원특별자치도 춘천시 운교동,부상신고사고,0,0,0,1,차대사람 - 기타,안전운전불이행,건조,맑음,단일로 - 기타,승용,남,56세,상해없음,보행자,남,28세,부상신고
2023122900100049,2023년 12월 29일 05시,금요일,강원특별자치도 고성군 토성면,경상사고,0,0,1,0,차대차 - 측면충돌,신호위반,건조,맑음,교차로 - 교차로안,승용,남,79세,상해없음,승용,남,65세,경상
2023122900100059,2023년 12월 29일 06시,금요일,강원특별자치도 속초시 조양동,중상사고,0,1,0,0,차대사람 - 횡단중,안전운전불이행,건조,맑음,교차로 - 교차로횡단보도내,승용,남,78세,상해없음,보행자,여,71세,중상
2023122900100098,2023년 12월 29일 08시,금요일,강원특별자치도 화천군 하남면,중상사고,0,2,2,0,차대차 - 정면충돌,중앙선침범,젖음/습기,맑음,단일로 - 기타,승용,여,28세,중상,승용,남,28세,경상
2023122900100156,2023년 12월 29일 10시,금요일,강원특별자치도 태백시 황지동,경상사고,0,0,1,1,차대차 - 측면충돌,안전운전불이행,건조,맑음,단일로 - 기타,승합,남,61세,상해없음,화물,남,57세,경상
2023122900100192,2023년 12월 29일 11시,금요일,강원특별자치도 양구군 양구읍,경상사고,0,0,2,0,차대차 - 기타,직진우회전진행방해,건조,맑음,교차로 - 교차로안,승용,여,42세,경상,승용,여,63세,경상
2023122900100235,2023년 12월 29일 12시,금요일,강원특별자치도 태백시 황지동,중상사고,0,1,0,0,차대사람 - 기타,안전운전불이행,건조,맑음,단일로 - 기타,승용,여,66세,상해없음,보행자,남,81세,중상
2023122900100269,2023년 12월 29일 13시,금요일,강원특별자치도 강릉시 연곡면,경상사고,0,0,1,0,차대차 - 추돌,신호위반,건조,맑음,단일로 - 기타,화물,남,49세,기타불명,승용,남,35세,경상
2023122900100270,2023년 12월 29일 13시,금요일,강원특별자치도 양양군 양양읍,경상사고,0,0,1,0,차대차 - 추돌,안전운전불이행,건조,맑음,단일로 - 기타,이륜,남,19세,상해없음,승용,여,32세,경상
2023122900100312,2023년 12월 29일 14시,금요일,강원특별자치도 속초시 교동,중상사고,0,1,1,0,차대차 - 측면충돌,직진우회전진행방해,건조,맑음,교차로 - 교차로안,승용,여,41세,상해없음,승합,남,50세,경상
2023122900100313,2023년 12월 29일 14시,금요일,강원특별자치도 속초시 중앙동,중상사고,0,1,0,0,차대사람 - 횡단중,안전운전불이행,건조,맑음,단일로 - 지하차도(도로)내,승용,여,31세,상해없음,보행자,여,80세,중상
2023122900100314,2023년 12월 29일 14시,금요일,강원특별자치도 춘천시 동산면,경상사고,0,0,2,1,차대차 - 측면충돌,안전거리미확보,건조,맑음,단일로 - 기타,승용,여,26세,부상신고,승용,남,48세,경상
2023122900100353,2023년 12월 29일 15시,금요일,강원특별자치도 원주시 반곡동,경상사고,0,0,3,0,차대차 - 측면충돌,교차로운행방법위반,건조,맑음,교차로 - 교차로안,승용,남,52세,상해없음,승용,여,44세,경상
2023122900100400,2023년 12월 29일 16시,금요일,강원특별자치도 홍천군 홍천읍,중상사고,0,1,0,0,차대차 - 측면충돌,안전운전불이행,건조,맑음,교차로 - 교차로횡단보도내,승용,여,39세,상해없음,자전거,남,67세,중상
2023122900100438,2023년 12월 29일 17시,금요일,강원특별자치도 고성군 간성읍,경상사고,0,0,1,0,차대차 - 측면충돌,중앙선침범,건조,맑음,단일로 - 기타,화물,남,71세,상해없음,승용,남,34세,경상
2023122900100504,2023년 12월 29일 18시,금요일,강원특별자치도 속초시 교동,경상사고,0,0,2,0,차대차 - 측면충돌,안전운전불이행,건조,맑음,교차로 - 교차로부근,승용,남,51세,상해없음,승용,남,30세,경상
2023122900100604,2023년 12월 29일 20시,금요일,강원특별자치도 춘천시 효자동,경상사고,0,0,1,0,차대차 - 기타,신호위반,건조,맑음,교차로 - 교차로부근,승용,남,26세,상해없음,이륜,남,30세,경상
2023122900100605,2023년 12월 29일 20시,금요일,강원특별자치도 강릉시 내곡동,경상사고,0,0,1,0,차대차 - 기타,안전운전불이행,건조,기타,교차로 - 교차로안,승용,여,52세,상해없음,이륜,남,32세,경상
2023122900100666,2023년 12월 29일 22시,금요일,강원특별자치도 춘천시 근화동,경상사고,0,0,1,0,차대차 - 추돌,안전운전불이행,건조,맑음,교차로 - 교차로안,승용,남,34세,상해없음,승합,여,50세,경상
2023123000100080,2023년 12월 30일 08시,토요일,강원특별자치도 원주시 소초면,중상사고,0,1,0,0,차대사람 - 기타,안전운전불이행,건조,맑음,단일로 - 기타,화물,남,65세,상해없음,보행자,여,58세,중상
2023123000100091,2023년 12월 30일 09시,토요일,강원특별자치도 속초시 설악동,중상사고,0,1,5,0,차대차 - 정면충돌,중앙선침범,서리/결빙,맑음,단일로 - 기타,승용,남,24세,상해없음,승용,남,71세,경상
2023123000100155,2023년 12월 30일 11시,토요일,강원특별자치도 동해시 천곡동,경상사고,0,0,1,0,차대차 - 측면충돌,교차로운행방법위반,건조,맑음,교차로 - 교차로안,승용,남,51세,상해없음,승용,남,38세,경상
2023123000100199,2023년 12월 30일 12시,토요일,강원특별자치도 원주시 무실동,중상사고,0,1,1,0,차대차 - 기타,안전운전불이행,적설,눈,단일로 - 기타,승용,남,41세,상해없음,승용,남,65세,중상
2023123000100200,2023년 12월 30일 12시,토요일,강원특별자치도 원주시 인동,경상사고,0,0,1,0,차대차 - 측면충돌,안전운전불이행,적설,눈,교차로 - 교차로안,승용,여,68세,상해없음,승용,여,54세,경상
2023123000100201,2023년 12월 30일 12시,토요일,강원특별자치도 평창군 봉평면,경상사고,0,0,2,0,차대차 - 정면충돌,중앙선침범,적설,눈,단일로 - 지하차도(도로)내,승용,남,28세,상해없음,승용,남,48세,경상
2023123000100202,2023년 12월 30일 12시,토요일,강원특별자치도 횡성군 공근면,중상사고,0,1,1,0,차대차 - 측면충돌,안전운전불이행,적설,눈,단일로 - 기타,승용,남,40세,상해없음,화물,남,60세,경상
2023123000100239,2023년 12월 30일 13시,토요일,강원특별자치도 삼척시 근덕면,경상사고,0,0,2,0,차대차 - 기타,교차로운행방법위반,건조,맑음,교차로 - 교차로안,승용,남,64세,상해없음,승용,남,39세,경상
2023123000100264,2023년 12월 30일 14시,토요일,강원특별자치도 화천군 하남면,경상사고,0,0,3,0,차대차 - 정면충돌,안전운전불이행,적설,눈,단일로 - 기타,승용,남,61세,상해없음,승용,남,55세,경상
2023123000100296,2023년 12월 30일 15시,토요일,강원특별자치도 춘천시 동내면,경상사고,0,0,5,0,차대차 - 기타,안전운전불이행,적설,눈,단일로 - 기타,승용,여,46세,경상,승용,남,45세,경상
2023123000100297,2023년 12월 30일 15시,토요일,강원특별자치도 원주시 단구동,중상사고,0,1,0,0,차대차 - 추돌,안전운전불이행,적설,맑음,교차로 - 교차로부근,승용,남,60세,기타불명,승용,남,35세,중상
2023123000100298,2023년 12월 30일 15시,토요일,강원특별자치도 영월군 영월읍,경상사고,0,0,2,0,차대차 - 정면충돌,안전운전불이행,적설,눈,단일로 - 기타,승용,여,24세,상해없음,승용,남,28세,경상
2023123000100299,2023년 12월 30일 15시,토요일,강원특별자치도 홍천군 내촌면,경상사고,0,0,3,0,차대차 - 정면충돌,중앙선침범,적설,눈,단일로 - 기타,건설기계,남,68세,상해없음,승용,남,40세,경상
2023123000100300,2023년 12월 30일 15시,토요일,강원특별자치도 평창군 봉평면,경상사고,0,0,2,0,차대차 - 측면충돌,안전운전불이행,적설,눈,단일로 - 지하차도(도로)내,승용,남,35세,상해없음,승용,남,41세,경상
2023123000100301,2023년 12월 30일 15시,토요일,강원특별자치도 횡성군 공근면,경상사고,0,0,1,0,차대차 - 측면충돌,안전운전불이행,적설,눈,단일로 - 기타,승용,남,61세,상해없음,승용,남,39세,상해없음
2023123000100325,2023년 12월 30일 16시,토요일,강원특별자치도 원주시 흥업면,경상사고,0,0,3,0,차대차 - 기타,안전운전불이행,적설,눈,단일로 - 기타,승용,여,51세,상해없음,승용,남,49세,경상
2023123000100326,2023년 12월 30일 16시,토요일,강원특별자치도 영월군 영월읍,중상사고,0,1,0,0,차량단독 - 기타,안전운전불이행,젖음/습기,눈,단일로 - 터널,건설기계,남,58세,중상,,,,
2023123000100327,2023년 12월 30일 16시,토요일,강원특별자치도 평창군 미탄면,경상사고,0,0,1,0,차대차 - 측면충돌,중앙선침범,적설,눈,단일로 - 교량,승용,남,41세,상해없음,승용,남,48세,상해없음
2023123000100328,2023년 12월 30일 16시,토요일,강원특별자치도 화천군 하남면,중상사고,0,1,0,0,차대차 - 추돌,안전운전불이행,젖음/습기,흐림,단일로 - 기타,건설기계,남,52세,상해없음,화물,남,63세,중상
2023123000100329,2023년 12월 30일 16시,토요일,강원특별자치도 횡성군 둔내면,경상사고,0,0,6,0,차대차 - 기타,안전거리미확보,적설,눈,단일로 - 기타,승용,남,38세,경상,승용,남,52세,경상
2023123000100353,2023년 12월 30일 17시,토요일,강원특별자치도 춘천시 서면,부상신고사고,0,0,0,2,차대차 - 기타,안전거리미확보,적설,눈,단일로 - 기타,승용,남,63세,부상신고,승용,남,23세,부상신고
2023123000100354,2023년 12월 30일 17시,토요일,강원특별자치도 강릉시 교동,경상사고,0,0,1,0,차대차 - 기타,안전운전불이행,젖음/습기,비,단일로 - 기타,승용,남,38세,상해없음,승용,남,29세,경상
2023123000100377,2023년 12월 30일 18시,토요일,강원특별자치도 원주시 소초면,중상사고,0,1,0,0,차대사람 - 차도통행중,안전운전불이행,적설,눈,단일로 - 기타,건설기계,남,72세,상해없음,보행자,남,55세,중상
2023123000100410,2023년 12월 30일 19시,토요일,강원특별자치도 춘천시 효자동,경상사고,0,0,1,0,차대차 - 측면충돌,안전거리미확보,젖음/습기,눈,단일로 - 기타,승용,남,61세,상해없음,승용,남,51세,경상
2023123000100411,2023년 12월 30일 19시,토요일,강원특별자치도 강릉시 포남동,경상사고,0,0,1,0,차대차 - 정면충돌,안전운전불이행,건조,맑음,교차로 - 교차로부근,승용,남,58세,상해없음,승용,남,28세,경상
2023123000100483,2023년 12월 30일 23시,토요일,강원특별자치도 강릉시 교동,경상사고,0,0,2,0,차대사람 - 차도통행중,안전운전불이행,건조,맑음,단일로 - 기타,승용,남,22세,상해없음,보행자,남,45세,경상
2023123100100006,2023년 12월 31일 00시,일요일,강원특별자치도 속초시 교동,경상사고,0,0,1,0,차대차 - 기타,교차로운행방법위반,젖음/습기,비,교차로 - 교차로안,승용,남,63세,상해없음,이륜,남,44세,경상
2023123100100040,2023년 12월 31일 07시,일요일,강원특별자치도 영월군 한반도면,중상사고,0,2,0,0,차량단독 - 공작물충돌,안전운전불이행,적설,흐림,단일로 - 기타,승용,남,50세,중상,,,,
2023123100100046,2023년 12월 31일 08시,일요일,강원특별자치도 속초시 조양동,사망사고,1,0,0,0,차대차 - 기타,안전운전불이행,젖음/습기,비,교차로 - 교차로안,화물,남,63세,사망,화물,남,67세,기타불명
2023123100100054,2023년 12월 31일 09시,일요일,강원특별자치도 춘천시 신동면,경상사고,0,0,1,0,차대차 - 추돌,안전거리미확보,적설,눈,단일로 - 기타,승용,남,52세,상해없음,승용,여,63세,경상
2023123100100055,2023년 12월 31일 09시,일요일,강원특별자치도 춘천시 퇴계동,부상신고사고,0,0,0,2,차대차 - 기타,안전운전불이행,적설,눈,단일로 - 기타,승용,남,29세,부상신고,승용,남,62세,부상신고
2023123100100098,2023년 12월 31일 12시,일요일,강원특별자치도 춘천시 동내면,부상신고사고,0,0,0,1,차대차 - 측면충돌,기타,젖음/습기,맑음,단일로 - 기타,화물,남,63세,상해없음,승용,남,43세,부상신고
2023123100100099,2023년 12월 31일 12시,일요일,강원특별자치도 홍천군 홍천읍,중상사고,0,1,0,1,차량단독 - 공작물충돌,안전운전불이행,젖음/습기,흐림,단일로 - 기타,승용,남,61세,부상신고,,,,
2023123100100100,2023년 12월 31일 12시,일요일,강원특별자치도 평창군 대관령면,중상사고,0,1,0,0,차대차 - 측면충돌,안전운전불이행,적설,눈,주차장 - 주차장,특수,남,48세,상해없음,승용,남,48세,상해없음
2023123100100124,2023년 12월 31일 13시,일요일,강원특별자치도 영월군 남면,경상사고,0,0,3,0,차대차 - 추돌,안전운전불이행,서리/결빙,흐림,단일로 - 기타,승용,남,60세,상해없음,승용,남,36세,경상
2023123100100154,2023년 12월 31일 14시,일요일,강원특별자치도 강릉시 왕산면,경상사고,0,0,1,0,차대차 - 정면충돌,중앙선침범,적설,눈,단일로 - 기타,화물,남,47세,상해없음,승용,남,59세,경상
2023123100100155,2023년 12월 31일 14시,일요일,강원특별자치도 정선군 사북읍,경상사고,0,0,3,0,차대차 - 추돌,안전운전불이행,젖음/습기,흐림,단일로 - 기타,승용,남,20세,상해없음,승용,남,41세,경상
2023123100100156,2023년 12월 31일 14시,일요일,강원특별자치도 강릉시 옥계면,중상사고,0,1,1,0,차대차 - 측면충돌,안전운전불이행,젖음/습기,비,단일로 - 기타,승용,남,54세,상해없음,승용,남,30세,경상
2023123100100212,2023년 12월 31일 17시,일요일,강원특별자치도 속초시 중앙동,경상사고,0,0,1,0,차대차 - 측면충돌,안전운전불이행,젖음/습기,비,단일로 - 지하차도(도로)내,승용,여,31세,상해없음,승용,남,36세,경상
2023123100100329,2023년 12월 31일 23시,일요일,강원특별자치도 강릉시 교동,중상사고,0,1,0,0,차대사람 - 횡단중,보행자보호의무위반,젖음/습기,비,교차로 - 교차로횡단보도내,승용,남,22세,상해없음,보행자,여,22세,중상